device_operation_id,site_code,device_reference,operation_start,operation_end,uptime_pct,acoustic_quality,maintenance_type,fault_code,maintenance_provider,record_status,fault_code_MICROPHONE_DRIFT,fault_code_POWER_INTERRUPTION,fault_code_STORAGE_LIMIT
DOP-0000001,KNT-KES,DEV-KNTKES-2,2019-01-01T00:00:00,2019-01-31T23:59:59,92.3,85.9,routine inspection,,ECO-SERVICE-2,closed,False,False,False
DOP-0000002,KNT-KES,DEV-KNTKES-2,2019-02-01T00:00:00,2019-02-28T23:59:59,80.6,79.6,routine inspection,,ECO-SERVICE-2,closed,False,False,False
DOP-0000003,KNT-KES,DEV-KNTKES-2,2019-03-01T00:00:00,2019-03-31T23:59:59,94.9,82.5,routine inspection,,ECO-SERVICE-2,closed,False,False,False
DOP-0000004,KNT-KES,DEV-KNTKES-2,2019-04-01T00:00:00,2019-04-30T23:59:59,94.8,84.8,routine inspection,,ECO-SERVICE-2,closed,False,False,False
DOP-0000005,KNT-KES,DEV-KNTKES-2,2019-05-01T00:00:00,2019-05-31T23:59:59,87.7,69.2,routine inspection,,ECO-SERVICE-2,closed,False,False,False
DOP-0000006,KNT-KES,DEV-KNTKES-2,2019-06-01T00:00:00,2019-06-30T23:59:59,89.7,72.7,routine inspection,,ECO-SERVICE-2,closed,False,False,False
DOP-0000007,KNT-KES,DEV-KNTKES-2,2019-07-01T00:00:00,2019-07-31T23:59:59,98.0,74.0,routine inspection,,ECO-SERVICE-2,closed,False,False,False
DOP-0000008,KNT-KES,DEV-KNTKES-2,2019-08-01T00:00:00,2019-08-31T23:59:59,91.4,69.1,routine inspection,,ECO-SERVICE-2,closed,False,False,False
DOP-0000009,KNT-KES,DEV-KNTKES-2,2019-09-01T00:00:00,2019-09-30T23:59:59,97.0,68.8,routine inspection,,ECO-SERVICE-2,closed,False,False,False
DOP-0000010,KNT-KES,DEV-KNTKES-2,2019-10-01T00:00:00,2019-10-31T23:59:59,98.0,86.3,routine inspection,,ECO-SERVICE-2,closed,False,False,False
DOP-0000011,KNT-KES,DEV-KNTKES-2,2019-11-01T00:00:00,2019-11-30T23:59:59,91.3,81.2,routine inspection,,ECO-SERVICE-2,closed,False,False,False
DOP-0000012,KNT-KES,DEV-KNTKES-2,2019-12-01T00:00:00,2019-12-31T23:59:59,69.9,52.3,corrective maintenance,STORAGE_LIMIT,ECO-SERVICE-2,closed,False,False,True
DOP-0000013,KNT-KES,DEV-KNTKES-2,2020-01-01T00:00:00,2020-01-31T23:59:59,91.4,79.9,routine inspection,,ECO-SERVICE-2,closed,False,False,False
DOP-0000014,KNT-KES,DEV-KNTKES-2,2020-02-01T00:00:00,2020-02-29T23:59:59,97.7,80.3,routine inspection,,ECO-SERVICE-2,closed,False,False,False
DOP-0000015,KNT-KES,DEV-KNTKES-2,2020-03-01T00:00:00,2020-03-31T23:59:59,100.0,63.6,routine inspection,,ECO-SERVICE-2,closed,False,False,False
DOP-0000016,KNT-KES,DEV-KNTKES-2,2020-04-01T00:00:00,2020-04-30T23:59:59,95.4,63.3,routine inspection,,ECO-SERVICE-2,closed,False,False,False
DOP-0000017,KNT-KES,DEV-KNTKES-2,2020-05-01T00:00:00,2020-05-31T23:59:59,100.0,83.7,routine inspection,,ECO-SERVICE-2,closed,False,False,False
DOP-0000018,KNT-KES,DEV-KNTKES-2,2020-06-01T00:00:00,2020-06-30T23:59:59,69.4,73.6,corrective maintenance,MICROPHONE_DRIFT,ECO-SERVICE-2,closed,True,False,False
DOP-0000019,KNT-KES,DEV-KNTKES-2,2020-07-01T00:00:00,2020-07-31T23:59:59,95.1,80.0,routine inspection,,ECO-SERVICE-2,closed,False,False,False
DOP-0000020,KNT-KES,DEV-KNTKES-2,2020-08-01T00:00:00,2020-08-31T23:59:59,89.3,74.9,routine inspection,,ECO-SERVICE-2,closed,False,False,False
DOP-0000021,KNT-KES,DEV-KNTKES-2,2020-09-01T00:00:00,2020-09-30T23:59:59,52.9,67.2,corrective maintenance,MICROPHONE_DRIFT,ECO-SERVICE-2,closed,True,False,False
DOP-0000022,KNT-KES,DEV-KNTKES-2,2020-10-01T00:00:00,2020-10-31T23:59:59,94.9,74.7,routine inspection,,ECO-SERVICE-2,closed,False,False,False
DOP-0000023,KNT-KES,DEV-KNTKES-2,2020-11-01T00:00:00,2020-11-30T23:59:59,93.3,78.5,routine inspection,,ECO-SERVICE-2,closed,False,False,False
DOP-0000024,KNT-KES,DEV-KNTKES-2,2020-12-01T00:00:00,2020-12-31T23:59:59,95.3,85.4,routine inspection,,ECO-SERVICE-2,closed,False,False,False
DOP-0000025,KNT-KES,DEV-KNTKES-2,2021-01-01T00:00:00,2021-01-31T23:59:59,94.3,73.0,routine inspection,,ECO-SERVICE-2,closed,False,False,False
DOP-0000026,KNT-KES,DEV-KNTKES-2,2021-02-01T00:00:00,2021-02-28T23:59:59,87.0,97.6,routine inspection,,ECO-SERVICE-2,closed,False,False,False
DOP-0000027,KNT-KES,DEV-KNTKES-2,2021-03-01T00:00:00,2021-03-31T23:59:59,100.0,85.9,routine inspection,,ECO-SERVICE-2,closed,False,False,False
DOP-0000028,KNT-KES,DEV-KNTKES-2,2021-04-01T00:00:00,2021-04-30T23:59:59,100.0,85.2,routine inspection,,ECO-SERVICE-2,closed,False,False,False
DOP-0000029,KNT-KES,DEV-KNTKES-2,2021-05-01T00:00:00,2021-05-31T23:59:59,99.0,77.9,routine inspection,,ECO-SERVICE-2,closed,False,False,False
DOP-0000030,KNT-KES,DEV-KNTKES-2,2021-06-01T00:00:00,2021-06-30T23:59:59,94.7,76.2,routine inspection,,ECO-SERVICE-2,closed,False,False,False
DOP-0000031,KNT-KES,DEV-KNTKES-2,2021-07-01T00:00:00,2021-07-31T23:59:59,97.7,82.4,routine inspection,,ECO-SERVICE-2,closed,False,False,False
DOP-0000032,KNT-KES,DEV-KNTKES-2,2021-08-01T00:00:00,2021-08-31T23:59:59,100.0,78.4,routine inspection,,ECO-SERVICE-2,closed,False,False,False
DOP-0000033,KNT-KES,DEV-KNTKES-2,2021-09-01T00:00:00,2021-09-30T23:59:59,99.3,84.9,routine inspection,,ECO-SERVICE-2,closed,False,False,False
DOP-0000034,KNT-KES,DEV-KNTKES-2,2021-10-01T00:00:00,2021-10-31T23:59:59,92.7,77.4,routine inspection,,ECO-SERVICE-2,closed,False,False,False
DOP-0000035,KNT-KES,DEV-KNTKES-2,2021-11-01T00:00:00,2021-11-30T23:59:59,90.5,87.8,routine inspection,,ECO-SERVICE-2,closed,False,False,False
DOP-0000036,KNT-KES,DEV-KNTKES-2,2021-12-01T00:00:00,2021-12-31T23:59:59,96.8,94.6,routine inspection,,ECO-SERVICE-2,closed,False,False,False
DOP-0000037,KNT-KES,DEV-KNTKES-2,2022-01-01T00:00:00,2022-01-31T23:59:59,86.4,83.5,routine inspection,,ECO-SERVICE-2,closed,False,False,False
DOP-0000038,KNT-KES,DEV-KNTKES-2,2022-02-01T00:00:00,2022-02-28T23:59:59,92.2,63.1,routine inspection,,ECO-SERVICE-2,closed,False,False,False
DOP-0000039,KNT-KES,DEV-KNTKES-2,2022-03-01T00:00:00,2022-03-31T23:59:59,88.2,69.4,routine inspection,,ECO-SERVICE-2,closed,False,False,False
DOP-0000040,KNT-KES,DEV-KNTKES-2,2022-04-01T00:00:00,2022-04-30T23:59:59,100.0,79.4,routine inspection,,ECO-SERVICE-2,closed,False,False,False
DOP-0000041,KNT-KES,DEV-KNTKES-2,2022-05-01T00:00:00,2022-05-31T23:59:59,87.3,74.5,routine inspection,,ECO-SERVICE-2,closed,False,False,False
DOP-0000042,KNT-KES,DEV-KNTKES-2,2022-06-01T00:00:00,2022-06-30T23:59:59,96.0,100.0,routine inspection,,ECO-SERVICE-2,closed,False,False,False
DOP-0000043,KNT-KES,DEV-KNTKES-2,2022-07-01T00:00:00,2022-07-31T23:59:59,100.0,76.2,routine inspection,,ECO-SERVICE-2,closed,False,False,False
DOP-0000044,KNT-KES,DEV-KNTKES-2,2022-08-01T00:00:00,2022-08-31T23:59:59,91.4,71.4,routine inspection,,ECO-SERVICE-2,closed,False,False,False
DOP-0000045,KNT-KES,DEV-KNTKES-2,2022-09-01T00:00:00,2022-09-30T23:59:59,93.8,69.0,routine inspection,,ECO-SERVICE-2,closed,False,False,False
DOP-0000046,KNT-KES,DEV-KNTKES-2,2022-10-01T00:00:00,2022-10-31T23:59:59,90.5,76.9,routine inspection,,ECO-SERVICE-2,closed,False,False,False
DOP-0000047,KNT-KES,DEV-KNTKES-2,2022-11-01T00:00:00,2022-11-30T23:59:59,100.0,70.3,routine inspection,,ECO-SERVICE-2,closed,False,False,False
DOP-0000048,KNT-KES,DEV-KNTKES-2,2022-12-01T00:00:00,2022-12-31T23:59:59,88.3,78.5,routine inspection,,ECO-SERVICE-2,closed,False,False,False
DOP-0000049,KNT-KES,DEV-KNTKES-2,2023-01-01T00:00:00,2023-01-31T23:59:59,92.0,93.0,routine inspection,,ECO-SERVICE-2,closed,False,False,False
DOP-0000050,KNT-KES,DEV-KNTKES-2,2023-02-01T00:00:00,2023-02-28T23:59:59,98.2,86.0,routine inspection,,ECO-SERVICE-2,closed,False,False,False
DOP-0000051,KNT-KES,DEV-KNTKES-2,2023-03-01T00:00:00,2023-03-31T23:59:59,90.6,83.0,routine inspection,,ECO-SERVICE-2,closed,False,False,False
DOP-0000052,KNT-KES,DEV-KNTKES-2,2023-04-01T00:00:00,2023-04-30T23:59:59,95.1,77.5,routine inspection,,ECO-SERVICE-2,closed,False,False,False
DOP-0000053,KNT-KES,DEV-KNTKES-2,2023-05-01T00:00:00,2023-05-31T23:59:59,84.2,84.6,routine inspection,,ECO-SERVICE-2,closed,False,False,False
DOP-0000054,KNT-KES,DEV-KNTKES-2,2023-06-01T00:00:00,2023-06-30T23:59:59,97.9,80.7,routine inspection,,ECO-SERVICE-2,closed,False,False,False
DOP-0000055,KNT-KES,DEV-KNTKES-2,2023-07-01T00:00:00,2023-07-31T23:59:59,90.0,81.8,routine inspection,,ECO-SERVICE-2,closed,False,False,False
DOP-0000056,KNT-KES,DEV-KNTKES-2,2023-08-01T00:00:00,2023-08-31T23:59:59,90.1,79.0,routine inspection,,ECO-SERVICE-2,closed,False,False,False
DOP-0000057,KNT-KES,DEV-KNTKES-2,2023-09-01T00:00:00,2023-09-30T23:59:59,99.0,67.4,routine inspection,,ECO-SERVICE-2,closed,False,False,False
DOP-0000058,KNT-KES,DEV-KNTKES-2,2023-10-01T00:00:00,2023-10-31T23:59:59,89.3,88.7,routine inspection,,ECO-SERVICE-2,closed,False,False,False
DOP-0000059,KNT-KES,DEV-KNTKES-2,2023-11-01T00:00:00,2023-11-30T23:59:59,91.6,77.7,routine inspection,,ECO-SERVICE-2,closed,False,False,False
DOP-0000060,KNT-KES,DEV-KNTKES-2,2023-12-01T00:00:00,2023-12-31T23:59:59,90.6,90.1,routine inspection,,ECO-SERVICE-2,closed,False,False,False
DOP-0000061,KNT-KES,DEV-KNTKES-2,2024-01-01T00:00:00,2024-01-31T23:59:59,93.1,88.3,routine inspection,,ECO-SERVICE-2,closed,False,False,False
DOP-0000062,KNT-KES,DEV-KNTKES-2,2024-02-01T00:00:00,2024-02-29T23:59:59,92.4,84.3,routine inspection,,ECO-SERVICE-2,closed,False,False,False
DOP-0000063,KNT-KES,DEV-KNTKES-2,2024-03-01T00:00:00,2024-03-31T23:59:59,88.7,77.8,routine inspection,,ECO-SERVICE-2,closed,False,False,False
DOP-0000064,KNT-KES,DEV-KNTKES-2,2024-04-01T00:00:00,2024-04-30T23:59:59,83.1,73.1,routine inspection,,ECO-SERVICE-2,closed,False,False,False
DOP-0000065,KNT-KES,DEV-KNTKES-2,2024-05-01T00:00:00,2024-05-31T23:59:59,91.8,71.4,routine inspection,,ECO-SERVICE-2,closed,False,False,False
DOP-0000066,KNT-KES,DEV-KNTKES-2,2024-06-01T00:00:00,2024-06-30T23:59:59,100.0,65.7,routine inspection,,ECO-SERVICE-2,closed,False,False,False
DOP-0000067,KNT-KES,DEV-KNTKES-2,2024-07-01T00:00:00,2024-07-31T23:59:59,88.3,79.6,routine inspection,,ECO-SERVICE-2,closed,False,False,False
DOP-0000068,KNT-KES,DEV-KNTKES-2,2024-08-01T00:00:00,2024-08-31T23:59:59,91.8,85.3,routine inspection,,ECO-SERVICE-2,closed,False,False,False
DOP-0000069,KNT-KES,DEV-KNTKES-2,2024-09-01T00:00:00,2024-09-30T23:59:59,83.1,87.9,routine inspection,,ECO-SERVICE-2,closed,False,False,False
DOP-0000070,KNT-KES,DEV-KNTKES-2,2024-10-01T00:00:00,2024-10-31T23:59:59,98.7,82.9,routine inspection,,ECO-SERVICE-2,closed,False,False,False
DOP-0000071,KNT-KES,DEV-KNTKES-2,2024-11-01T00:00:00,2024-11-30T23:59:59,93.0,79.3,routine inspection,,ECO-SERVICE-2,closed,False,False,False
DOP-0000072,KNT-KES,DEV-KNTKES-2,2024-12-01T00:00:00,2024-12-31T23:59:59,100.0,85.3,routine inspection,,ECO-SERVICE-2,closed,False,False,False
DOP-0000073,KNT-KES,DEV-KNTKES-2,2025-01-01T00:00:00,2025-01-31T23:59:59,88.8,85.2,routine inspection,,ECO-SERVICE-2,closed,False,False,False
DOP-0000074,KNT-KES,DEV-KNTKES-2,2025-02-01T00:00:00,2025-02-28T23:59:59,100.0,77.3,routine inspection,,ECO-SERVICE-2,closed,False,False,False
DOP-0000075,KNT-KES,DEV-KNTKES-2,2025-03-01T00:00:00,2025-03-31T23:59:59,91.3,76.4,routine inspection,,ECO-SERVICE-2,closed,False,False,False
DOP-0000076,KNT-KES,DEV-KNTKES-2,2025-04-01T00:00:00,2025-04-30T23:59:59,93.8,67.3,routine inspection,,ECO-SERVICE-2,closed,False,False,False
DOP-0000077,KNT-KES,DEV-KNTKES-2,2025-05-01T00:00:00,2025-05-31T23:59:59,100.0,78.0,routine inspection,,ECO-SERVICE-2,closed,False,False,False
DOP-0000078,KNT-KES,DEV-KNTKES-2,2025-06-01T00:00:00,2025-06-30T23:59:59,100.0,72.5,routine inspection,,ECO-SERVICE-2,closed,False,False,False
DOP-0000079,KNT-LUM,DEV-KNTLUM-3,2019-01-01T00:00:00,2019-01-31T23:59:59,96.7,82.4,routine inspection,,ECO-SERVICE-3,closed,False,False,False
DOP-0000080,KNT-LUM,DEV-KNTLUM-3,2019-02-01T00:00:00,2019-02-28T23:59:59,91.9,80.1,routine inspection,,ECO-SERVICE-3,closed,False,False,False
DOP-0000081,KNT-LUM,DEV-KNTLUM-3,2019-03-01T00:00:00,2019-03-31T23:59:59,87.6,71.8,routine inspection,,ECO-SERVICE-3,closed,False,False,False
DOP-0000082,KNT-LUM,DEV-KNTLUM-3,2019-04-01T00:00:00,2019-04-30T23:59:59,99.5,67.8,routine inspection,,ECO-SERVICE-3,closed,False,False,False
DOP-0000083,KNT-LUM,DEV-KNTLUM-3,2019-05-01T00:00:00,2019-05-31T23:59:59,92.7,78.2,routine inspection,,ECO-SERVICE-3,closed,False,False,False
DOP-0000084,KNT-LUM,DEV-KNTLUM-3,2019-06-01T00:00:00,2019-06-30T23:59:59,92.9,77.0,routine inspection,,ECO-SERVICE-3,closed,False,False,False
DOP-0000085,KNT-LUM,DEV-KNTLUM-3,2019-07-01T00:00:00,2019-07-31T23:59:59,87.5,69.9,routine inspection,,ECO-SERVICE-3,closed,False,False,False
DOP-0000086,KNT-LUM,DEV-KNTLUM-3,2019-08-01T00:00:00,2019-08-31T23:59:59,100.0,78.7,routine inspection,,ECO-SERVICE-3,closed,False,False,False
DOP-0000087,KNT-LUM,DEV-KNTLUM-3,2019-09-01T00:00:00,2019-09-30T23:59:59,84.2,68.6,routine inspection,,ECO-SERVICE-3,closed,False,False,False
DOP-0000088,KNT-LUM,DEV-KNTLUM-3,2019-10-01T00:00:00,2019-10-31T23:59:59,94.9,75.2,routine inspection,,ECO-SERVICE-3,closed,False,False,False
DOP-0000089,KNT-LUM,DEV-KNTLUM-3,2019-11-01T00:00:00,2019-11-30T23:59:59,86.2,82.1,routine inspection,,ECO-SERVICE-3,closed,False,False,False
DOP-0000090,KNT-LUM,DEV-KNTLUM-3,2019-12-01T00:00:00,2019-12-31T23:59:59,93.7,83.9,routine inspection,,ECO-SERVICE-3,closed,False,False,False
DOP-0000091,KNT-LUM,DEV-KNTLUM-3,2020-01-01T00:00:00,2020-01-31T23:59:59,92.3,80.9,routine inspection,,ECO-SERVICE-3,closed,False,False,False
DOP-0000092,KNT-LUM,DEV-KNTLUM-3,2020-02-01T00:00:00,2020-02-29T23:59:59,77.0,58.8,corrective maintenance,POWER_INTERRUPTION,ECO-SERVICE-3,closed,False,True,False
DOP-0000093,KNT-LUM,DEV-KNTLUM-3,2020-03-01T00:00:00,2020-03-31T23:59:59,91.6,80.2,routine inspection,,ECO-SERVICE-3,closed,False,False,False
DOP-0000094,KNT-LUM,DEV-KNTLUM-3,2020-04-01T00:00:00,2020-04-30T23:59:59,89.4,81.9,routine inspection,,ECO-SERVICE-3,closed,False,False,False
DOP-0000095,KNT-LUM,DEV-KNTLUM-3,2020-05-01T00:00:00,2020-05-31T23:59:59,94.5,77.3,routine inspection,,ECO-SERVICE-3,closed,False,False,False
DOP-0000096,KNT-LUM,DEV-KNTLUM-3,2020-06-01T00:00:00,2020-06-30T23:59:59,88.7,72.3,routine inspection,,ECO-SERVICE-3,closed,False,False,False
DOP-0000097,KNT-LUM,DEV-KNTLUM-3,2020-07-01T00:00:00,2020-07-31T23:59:59,96.5,76.3,routine inspection,,ECO-SERVICE-3,closed,False,False,False
DOP-0000098,KNT-LUM,DEV-KNTLUM-3,2020-08-01T00:00:00,2020-08-31T23:59:59,100.0,75.2,routine inspection,,ECO-SERVICE-3,closed,False,False,False
DOP-0000099,KNT-LUM,DEV-KNTLUM-3,2020-09-01T00:00:00,2020-09-30T23:59:59,91.5,89.7,routine inspection,,ECO-SERVICE-3,closed,False,False,False
DOP-0000100,KNT-LUM,DEV-KNTLUM-3,2020-10-01T00:00:00,2020-10-31T23:59:59,95.0,89.1,routine inspection,,ECO-SERVICE-3,closed,False,False,False
DOP-0000101,KNT-LUM,DEV-KNTLUM-3,2020-11-01T00:00:00,2020-11-30T23:59:59,92.8,76.5,routine inspection,,ECO-SERVICE-3,closed,False,False,False
DOP-0000102,KNT-LUM,DEV-KNTLUM-3,2020-12-01T00:00:00,2020-12-31T23:59:59,62.6,68.2,corrective maintenance,MICROPHONE_DRIFT,ECO-SERVICE-3,closed,True,False,False
DOP-0000103,KNT-LUM,DEV-KNTLUM-3,2021-01-01T00:00:00,2021-01-31T23:59:59,92.2,85.6,routine inspection,,ECO-SERVICE-3,closed,False,False,False
DOP-0000104,KNT-LUM,DEV-KNTLUM-3,2021-02-01T00:00:00,2021-02-28T23:59:59,83.6,75.9,routine inspection,,ECO-SERVICE-3,closed,False,False,False
DOP-0000105,KNT-LUM,DEV-KNTLUM-3,2021-03-01T00:00:00,2021-03-31T23:59:59,63.2,56.1,corrective maintenance,MICROPHONE_DRIFT,ECO-SERVICE-3,closed,True,False,False
DOP-0000106,KNT-LUM,DEV-KNTLUM-3,2021-04-01T00:00:00,2021-04-30T23:59:59,92.7,74.1,routine inspection,,ECO-SERVICE-3,closed,False,False,False
DOP-0000107,KNT-LUM,DEV-KNTLUM-3,2021-05-01T00:00:00,2021-05-31T23:59:59,90.6,79.8,routine inspection,,ECO-SERVICE-3,closed,False,False,False
DOP-0000108,KNT-LUM,DEV-KNTLUM-3,2021-06-01T00:00:00,2021-06-30T23:59:59,96.3,73.6,routine inspection,,ECO-SERVICE-3,closed,False,False,False
DOP-0000109,KNT-LUM,DEV-KNTLUM-3,2021-07-01T00:00:00,2021-07-31T23:59:59,87.3,58.3,ROUTINE INSPECTION,,ECO-SERVICE-3,closed,False,False,False
DOP-0000110,KNT-LUM,DEV-KNTLUM-3,2021-08-01T00:00:00,2021-08-31T23:59:59,84.5,86.2,routine inspection,,ECO-SERVICE-3,closed,False,False,False
DOP-0000111,KNT-LUM,DEV-KNTLUM-3,2021-09-01T00:00:00,2021-09-30T23:59:59,93.4,76.2,routine inspection,,ECO-SERVICE-3,closed,False,False,False
DOP-0000112,KNT-LUM,DEV-KNTLUM-3,2021-10-01T00:00:00,2021-10-31T23:59:59,93.8,80.4,routine inspection,,ECO-SERVICE-3,closed,False,False,False
DOP-0000113,KNT-LUM,DEV-KNTLUM-3,2021-11-01T00:00:00,2021-11-30T23:59:59,95.7,81.9,routine inspection,,ECO-SERVICE-3,closed,False,False,False
DOP-0000114,KNT-LUM,DEV-KNTLUM-3,2021-12-01T00:00:00,2021-12-31T23:59:59,89.7,79.1,routine inspection,,ECO-SERVICE-3,closed,False,False,False
DOP-0000115,KNT-LUM,DEV-KNTLUM-3,2022-01-01T00:00:00,2022-01-31T23:59:59,91.5,82.6,routine inspection,,ECO-SERVICE-3,closed,False,False,False
DOP-0000116,KNT-LUM,DEV-KNTLUM-3,2022-02-01T00:00:00,2022-02-28T23:59:59,94.2,67.1,routine inspection,,ECO-SERVICE-3,closed,False,False,False
DOP-0000117,KNT-LUM,DEV-KNTLUM-3,2022-03-01T00:00:00,2022-03-31T23:59:59,89.9,95.7,routine inspection,,ECO-SERVICE-3,closed,False,False,False
DOP-0000118,KNT-LUM,DEV-KNTLUM-3,2022-04-01T00:00:00,2022-04-30T23:59:59,86.6,76.4,routine inspection,,ECO-SERVICE-3,closed,False,False,False
DOP-0000119,KNT-LUM,DEV-KNTLUM-3,2022-05-01T00:00:00,2022-05-31T23:59:59,96.2,78.6,routine inspection,,ECO-SERVICE-3,closed,False,False,False
DOP-0000120,KNT-LUM,DEV-KNTLUM-3,2022-06-01T00:00:00,2022-06-30T23:59:59,90.7,74.0,routine inspection,,ECO-SERVICE-3,closed,False,False,False
DOP-0000121,KNT-LUM,DEV-KNTLUM-3,2022-07-01T00:00:00,2022-07-31T23:59:59,81.7,77.6,routine inspection,,ECO-SERVICE-3,closed,False,False,False
DOP-0000122,KNT-LUM,DEV-KNTLUM-3,2022-08-01T00:00:00,2022-08-31T23:59:59,94.6,87.2,routine inspection,,ECO-SERVICE-3,closed,False,False,False
DOP-0000123,KNT-LUM,DEV-KNTLUM-3,2022-09-01T00:00:00,2022-09-30T23:59:59,92.2,79.3,routine inspection,,ECO-SERVICE-3,closed,False,False,False
DOP-0000124,KNT-LUM,DEV-KNTLUM-3,2022-10-01T00:00:00,2022-10-31T23:59:59,87.7,92.8,routine inspection,,ECO-SERVICE-3,closed,False,False,False
DOP-0000125,KNT-LUM,DEV-KNTLUM-3,2022-11-01T00:00:00,2022-11-30T23:59:59,92.4,76.6,routine inspection,,ECO-SERVICE-3,closed,False,False,False
DOP-0000126,KNT-LUM,DEV-KNTLUM-3,2022-12-01T00:00:00,2022-12-31T23:59:59,91.8,83.9,routine inspection,,ECO-SERVICE-3,closed,False,False,False
DOP-0000127,KNT-LUM,DEV-KNTLUM-3,2023-01-01T00:00:00,2023-01-31T23:59:59,94.8,84.3,routine inspection,,ECO-SERVICE-3,closed,False,False,False
DOP-0000128,KNT-LUM,DEV-KNTLUM-3,2023-02-01T00:00:00,2023-02-28T23:59:59,89.2,79.9,routine inspection,,ECO-SERVICE-3,closed,False,False,False
DOP-0000129,KNT-LUM,DEV-KNTLUM-3,2023-03-01T00:00:00,2023-03-31T23:59:59,91.0,79.2,routine inspection,,ECO-SERVICE-3,closed,False,False,False
DOP-0000130,KNT-LUM,DEV-KNTLUM-3,2023-04-01T00:00:00,2023-04-30T23:59:59,91.4,82.6,routine inspection,,ECO-SERVICE-3,closed,False,False,False
DOP-0000131,KNT-LUM,DEV-KNTLUM-3,2023-05-01T00:00:00,2023-05-31T23:59:59,91.9,86.2,routine inspection,,ECO-SERVICE-3,closed,False,False,False
DOP-0000132,KNT-LUM,DEV-KNTLUM-3,2023-06-01T00:00:00,2023-06-30T23:59:59,92.5,70.2,routine inspection,,ECO-SERVICE-3,closed,False,False,False
DOP-0000133,KNT-LUM,DEV-KNTLUM-3,2023-07-01T00:00:00,2023-07-31T23:59:59,91.7,73.5,routine inspection,,ECO-SERVICE-3,closed,False,False,False
DOP-0000134,KNT-LUM,DEV-KNTLUM-3,2023-08-01T00:00:00,2023-08-31T23:59:59,96.9,67.4,routine inspection,,ECO-SERVICE-3,closed,False,False,False
DOP-0000135,KNT-LUM,DEV-KNTLUM-3,2023-09-01T00:00:00,2023-09-30T23:59:59,92.8,76.2,routine inspection,,ECO-SERVICE-3,closed,False,False,False
DOP-0000136,KNT-LUM,DEV-KNTLUM-3,2023-10-01T00:00:00,2023-10-31T23:59:59,91.3,74.3,routine inspection,,ECO-SERVICE-3,closed,False,False,False
DOP-0000137,KNT-LUM,DEV-KNTLUM-3,2023-11-01T00:00:00,2023-11-30T23:59:59,89.3,73.8,routine inspection,,ECO-SERVICE-3,closed,False,False,False
DOP-0000138,KNT-LUM,DEV-KNTLUM-3,2023-12-01T00:00:00,2023-12-31T23:59:59,95.9,82.2,routine inspection,,ECO-SERVICE-3,closed,False,False,False
DOP-0000139,KNT-LUM,DEV-KNTLUM-3,2024-01-01T00:00:00,2024-01-31T23:59:59,94.8,88.3,routine inspection,,ECO-SERVICE-3,closed,False,False,False
DOP-0000140,KNT-LUM,DEV-KNTLUM-3,2024-02-01T00:00:00,2024-02-29T23:59:59,98.7,81.6,routine inspection,,ECO-SERVICE-3,closed,False,False,False
DOP-0000141,KNT-LUM,DEV-KNTLUM-3,2024-03-01T00:00:00,2024-03-31T23:59:59,98.3,97.5,routine inspection,,ECO-SERVICE-3,closed,False,False,False
DOP-0000142,KNT-LUM,DEV-KNTLUM-3,2024-04-01T00:00:00,2024-04-30T23:59:59,94.5,79.8,routine inspection,,ECO-SERVICE-3,closed,False,False,False
DOP-0000143,KNT-LUM,DEV-KNTLUM-3,2024-05-01T00:00:00,2024-05-31T23:59:59,100.0,68.6,routine inspection,,ECO-SERVICE-3,closed,False,False,False
DOP-0000144,KNT-LUM,DEV-KNTLUM-3,2024-06-01T00:00:00,2024-06-30T23:59:59,92.6,74.6,routine inspection,,ECO-SERVICE-3,closed,False,False,False
DOP-0000145,KNT-LUM,DEV-KNTLUM-3,2024-07-01T00:00:00,2024-07-31T23:59:59,93.2,75.7,routine inspection,,ECO-SERVICE-3,closed,False,False,False
DOP-0000146,KNT-LUM,DEV-KNTLUM-3,2024-08-01T00:00:00,2024-08-31T23:59:59,94.0,76.0,routine inspection,,ECO-SERVICE-3,closed,False,False,False
DOP-0000147,KNT-LUM,DEV-KNTLUM-3,2024-09-01T00:00:00,2024-09-30T23:59:59,98.0,72.5,routine inspection,,ECO-SERVICE-3,closed,False,False,False
DOP-0000148,KNT-LUM,DEV-KNTLUM-3,2024-10-01T00:00:00,2024-10-31T23:59:59,95.3,83.3,routine inspection,,ECO-SERVICE-3,closed,False,False,False
DOP-0000149,KNT-LUM,DEV-KNTLUM-3,2024-11-01T00:00:00,2024-11-30T23:59:59,86.2,74.2,routine inspection,,ECO-SERVICE-3,CLOSED,False,False,False
DOP-0000150,KNT-LUM,DEV-KNTLUM-3,2024-12-01T00:00:00,2024-12-31T23:59:59,100.0,84.8,routine inspection,,ECO-SERVICE-3,closed,False,False,False
DOP-0000151,KNT-LUM,DEV-KNTLUM-3,2025-01-01T00:00:00,2025-01-31T23:59:59,99.5,79.6,routine inspection,,ECO-SERVICE-3,closed,False,False,False
DOP-0000152,KNT-LUM,DEV-KNTLUM-3,2025-02-01T00:00:00,2025-02-28T23:59:59,40.9,71.9,corrective maintenance,STORAGE_LIMIT,ECO-SERVICE-3,closed,False,False,True
DOP-0000153,KNT-LUM,DEV-KNTLUM-3,2025-03-01T00:00:00,2025-03-31T23:59:59,95.3,83.0,routine inspection,,ECO-SERVICE-3,closed,False,False,False
DOP-0000154,KNT-LUM,DEV-KNTLUM-3,2025-04-01T00:00:00,2025-04-30T23:59:59,91.9,75.7,routine inspection,,ECO-SERVICE-3,closed,False,False,False
DOP-0000155,KNT-LUM,DEV-KNTLUM-3,2025-05-01T00:00:00,2025-05-31T23:59:59,96.9,84.6,routine inspection,,ECO-SERVICE-3,closed,False,False,False
DOP-0000156,KNT-LUM,DEV-KNTLUM-3,2025-06-01T00:00:00,2025-06-30T23:59:59,99.1,77.0,routine inspection,,ECO-SERVICE-3,closed,False,False,False
DOP-0000157,KNT-SEN,DEV-KNTSEN-1,2019-01-01T00:00:00,2019-01-31T23:59:59,47.4,71.9,corrective maintenance,MICROPHONE_DRIFT,ECO-SERVICE-4,closed,True,False,False
DOP-0000158,KNT-SEN,DEV-KNTSEN-1,2019-02-01T00:00:00,2019-02-28T23:59:59,93.1,76.9,routine inspection,,ECO-SERVICE-4,closed,False,False,False
DOP-0000159,KNT-SEN,DEV-KNTSEN-1,2019-03-01T00:00:00,2019-03-31T23:59:59,83.0,89.4,routine inspection,,ECO-SERVICE-4,closed,False,False,False
DOP-0000160,KNT-SEN,DEV-KNTSEN-1,2019-04-01T00:00:00,2019-04-30T23:59:59,96.4,65.9,routine inspection,,ECO-SERVICE-4,closed,False,False,False
DOP-0000161,KNT-SEN,DEV-KNTSEN-1,2019-05-01T00:00:00,2019-05-31T23:59:59,91.8,77.7,routine inspection,,ECO-SERVICE-4,closed,False,False,False
DOP-0000162,KNT-SEN,DEV-KNTSEN-1,2019-06-01T00:00:00,2019-06-30T23:59:59,94.8,80.6,routine inspection,,ECO-SERVICE-4,closed,False,False,False
DOP-0000163,KNT-SEN,DEV-KNTSEN-1,2019-07-01T00:00:00,2019-07-31T23:59:59,93.7,75.5,routine inspection,,ECO-SERVICE-4,closed,False,False,False
DOP-0000164,KNT-SEN,DEV-KNTSEN-1,2019-08-01T00:00:00,2019-08-31T23:59:59,96.9,71.1,routine inspection,,ECO-SERVICE-4,closed,False,False,False
DOP-0000165,KNT-SEN,DEV-KNTSEN-1,2019-09-01T00:00:00,2019-09-30T23:59:59,92.8,73.6,routine inspection,,ECO-SERVICE-4,closed,False,False,False
DOP-0000166,KNT-SEN,DEV-KNTSEN-1,2019-10-01T00:00:00,2019-10-31T23:59:59,96.4,82.2,routine inspection,,ECO-SERVICE-4,closed,False,False,False
DOP-0000167,KNT-SEN,DEV-KNTSEN-1,2019-11-01T00:00:00,2019-11-30T23:59:59,93.3,83.6,routine inspection,,ECO-SERVICE-4,closed,False,False,False
DOP-0000168,KNT-SEN,DEV-KNTSEN-1,2019-12-01T00:00:00,2019-12-31T23:59:59,100.0,82.7,routine inspection,,ECO-SERVICE-4,closed,False,False,False
DOP-0000169,KNT-SEN,DEV-KNTSEN-1,2020-01-01T00:00:00,2020-01-31T23:59:59,96.0,73.6,routine inspection,,ECO-SERVICE-4,closed,False,False,False
DOP-0000170,KNT-SEN,DEV-KNTSEN-1,2020-02-01T00:00:00,2020-02-29T23:59:59,89.3,83.7,routine inspection,,ECO-SERVICE-4,closed,False,False,False
DOP-0000171,KNT-SEN,DEV-KNTSEN-1,2020-03-01T00:00:00,2020-03-31T23:59:59,93.8,75.3,routine inspection,,ECO-SERVICE-4,closed,False,False,False
DOP-0000172,KNT-SEN,DEV-KNTSEN-1,2020-04-01T00:00:00,2020-04-30T23:59:59,86.9,91.5,routine inspection,,ECO-SERVICE-4,closed,False,False,False
DOP-0000173,KNT-SEN,DEV-KNTSEN-1,2020-05-01T00:00:00,2020-05-31T23:59:59,93.2,84.3,routine inspection,,ECO-SERVICE-4,closed,False,False,False
DOP-0000174,KNT-SEN,DEV-KNTSEN-1,2020-06-01T00:00:00,2020-06-30T23:59:59,90.4,83.9,routine inspection,,ECO-SERVICE-4,closed,False,False,False
DOP-0000175,KNT-SEN,DEV-KNTSEN-1,2020-07-01T00:00:00,2020-07-31T23:59:59,100.0,70.2,routine inspection,,ECO-SERVICE-4,closed,False,False,False
DOP-0000176,KNT-SEN,DEV-KNTSEN-1,2020-08-01T00:00:00,2020-08-31T23:59:59,91.7,83.7,routine inspection,,ECO-SERVICE-4,closed,False,False,False
DOP-0000177,KNT-SEN,DEV-KNTSEN-1,2020-09-01T00:00:00,2020-09-30T23:59:59,79.7,80.6,routine inspection,,ECO-SERVICE-4,closed,False,False,False
DOP-0000178,KNT-SEN,DEV-KNTSEN-1,2020-10-01T00:00:00,2020-10-31T23:59:59,81.0,81.3,routine inspection,,ECO-SERVICE-4,closed,False,False,False
DOP-0000179,KNT-SEN,DEV-KNTSEN-1,2020-11-01T00:00:00,2020-11-30T23:59:59,94.8,83.7,routine inspection,,ECO-SERVICE-4,closed,False,False,False
DOP-0000180,KNT-SEN,DEV-KNTSEN-1,2020-12-01T00:00:00,2020-12-31T23:59:59,98.6,77.0,routine inspection,,ECO-SERVICE-4,closed,False,False,False
DOP-0000181,KNT-SEN,DEV-KNTSEN-1,2021-01-01T00:00:00,2021-01-31T23:59:59,98.8,90.4,routine inspection,,ECO-SERVICE-4,closed,False,False,False
DOP-0000182,KNT-SEN,DEV-KNTSEN-1,2021-02-01T00:00:00,2021-02-28T23:59:59,100.0,81.7,routine inspection,,ECO-SERVICE-4,closed,False,False,False
DOP-0000183,KNT-SEN,DEV-KNTSEN-1,2021-03-01T00:00:00,2021-03-31T23:59:59,86.3,75.4,routine inspection,,ECO-SERVICE-4,closed,False,False,False
DOP-0000184,KNT-SEN,DEV-KNTSEN-1,2021-04-01T00:00:00,2021-04-30T23:59:59,93.5,70.7,routine inspection,,ECO-SERVICE-4,closed,False,False,False
DOP-0000185,KNT-SEN,DEV-KNTSEN-1,2021-05-01T00:00:00,2021-05-31T23:59:59,94.8,85.3,routine inspection,,ECO-SERVICE-4,closed,False,False,False
DOP-0000186,KNT-SEN,DEV-KNTSEN-1,2021-06-01T00:00:00,2021-06-30T23:59:59,94.0,67.4,routine inspection,,ECO-SERVICE-4,closed,False,False,False
DOP-0000187,KNT-SEN,DEV-KNTSEN-1,2021-07-01T00:00:00,2021-07-31T23:59:59,94.1,75.2,routine inspection,,ECO-SERVICE-4,closed,False,False,False
DOP-0000188,KNT-SEN,DEV-KNTSEN-1,2021-08-01T00:00:00,2021-08-31T23:59:59,90.5,74.1,routine inspection,,ECO-SERVICE-4,closed,False,False,False
DOP-0000189,KNT-SEN,DEV-KNTSEN-1,2021-09-01T00:00:00,2021-09-30T23:59:59,91.5,89.8,routine inspection,,ECO-SERVICE-4,closed,False,False,False
DOP-0000190,KNT-SEN,DEV-KNTSEN-1,2021-10-01T00:00:00,2021-10-31T23:59:59,100.0,74.6,routine inspection,,ECO-SERVICE-4,closed,False,False,False
DOP-0000191,KNT-SEN,DEV-KNTSEN-1,2021-11-01T00:00:00,2021-11-30T23:59:59,99.2,84.1,routine inspection,,ECO-SERVICE-4,closed,False,False,False
DOP-0000192,KNT-SEN,DEV-KNTSEN-1,2021-12-01T00:00:00,2021-12-31T23:59:59,95.8,85.5,routine inspection,,ECO-SERVICE-4,closed,False,False,False
DOP-0000193,KNT-SEN,DEV-KNTSEN-1,2022-01-01T00:00:00,2022-01-31T23:59:59,100.0,80.5,routine inspection,,ECO-SERVICE-4,closed,False,False,False
DOP-0000194,KNT-SEN,DEV-KNTSEN-1,2022-02-01T00:00:00,2022-02-28T23:59:59,97.9,79.4,routine inspection,,ECO-SERVICE-4,closed,False,False,False
DOP-0000195,KNT-SEN,DEV-KNTSEN-1,2022-03-01T00:00:00,2022-03-31T23:59:59,93.6,80.3,routine inspection,,ECO-SERVICE-4,closed,False,False,False
DOP-0000196,KNT-SEN,DEV-KNTSEN-1,2022-04-01T00:00:00,2022-04-30T23:59:59,96.3,75.3,routine inspection,,ECO-SERVICE-4,closed,False,False,False
DOP-0000197,KNT-SEN,DEV-KNTSEN-1,2022-05-01T00:00:00,2022-05-31T23:59:59,89.8,71.4,routine inspection,,ECO-SERVICE-4,closed,False,False,False
DOP-0000198,KNT-SEN,DEV-KNTSEN-1,2022-06-01T00:00:00,2022-06-30T23:59:59,97.6,73.5,routine inspection,,ECO-SERVICE-4,closed,False,False,False
DOP-0000199,KNT-SEN,DEV-KNTSEN-1,2022-07-01T00:00:00,2022-07-31T23:59:59,93.2,77.5,routine inspection,,ECO-SERVICE-4,closed,False,False,False
DOP-0000200,KNT-SEN,DEV-KNTSEN-1,2022-08-01T00:00:00,2022-08-31T23:59:59,80.8,85.5,routine inspection,,ECO-SERVICE-4,closed,False,False,False
DOP-0000201,KNT-SEN,DEV-KNTSEN-1,2022-09-01T00:00:00,2022-09-30T23:59:59,99.2,84.3,routine inspection,,ECO-SERVICE-4,closed,False,False,False
DOP-0000202,KNT-SEN,DEV-KNTSEN-1,2022-10-01T00:00:00,2022-10-31T23:59:59,99.1,66.2,routine inspection,,ECO-SERVICE-4,closed,False,False,False
DOP-0000203,KNT-SEN,DEV-KNTSEN-1,2022-11-01T00:00:00,2022-11-30T23:59:59,61.6,66.9,corrective maintenance,STORAGE_LIMIT,ECO-SERVICE-4,closed,False,False,True
DOP-0000204,KNT-SEN,DEV-KNTSEN-1,2022-12-01T00:00:00,2022-12-31T23:59:59,97.1,87.3,routine inspection,,ECO-SERVICE-4,closed,False,False,False
DOP-0000205,KNT-SEN,DEV-KNTSEN-1,2023-01-01T00:00:00,2023-01-31T23:59:59,93.4,80.7,routine inspection,,ECO-SERVICE-4,closed,False,False,False
DOP-0000206,KNT-SEN,DEV-KNTSEN-1,2023-02-01T00:00:00,2023-02-28T23:59:59,96.9,84.7,routine inspection,,ECO-SERVICE-4,closed,False,False,False
DOP-0000207,KNT-SEN,DEV-KNTSEN-1,2023-03-01T00:00:00,2023-03-31T23:59:59,89.1,96.1,routine inspection,,ECO-SERVICE-4,closed,False,False,False
DOP-0000208,KNT-SEN,DEV-KNTSEN-1,2023-04-01T00:00:00,2023-04-30T23:59:59,81.7,79.5,routine inspection,,ECO-SERVICE-4,closed,False,False,False
DOP-0000209,KNT-SEN,DEV-KNTSEN-1,2023-05-01T00:00:00,2023-05-31T23:59:59,100.0,79.0,routine inspection,,ECO-SERVICE-4,closed,False,False,False
DOP-0000210,KNT-SEN,DEV-KNTSEN-1,2023-06-01T00:00:00,2023-06-30T23:59:59,90.0,85.1,routine inspection,,ECO-SERVICE-4,closed,False,False,False
DOP-0000211,KNT-SEN,DEV-KNTSEN-1,2023-07-01T00:00:00,2023-07-31T23:59:59,85.2,65.5,routine inspection,,ECO-SERVICE-4,closed,False,False,False
DOP-0000212,KNT-SEN,DEV-KNTSEN-1,2023-08-01T00:00:00,2023-08-31T23:59:59,100.0,67.3,routine inspection,,ECO-SERVICE-4,closed,False,False,False
DOP-0000213,KNT-SEN,DEV-KNTSEN-1,2023-09-01T00:00:00,2023-09-30T23:59:59,100.0,74.3,routine inspection,,ECO-SERVICE-4,closed,False,False,False
DOP-0000214,KNT-SEN,DEV-KNTSEN-1,2023-10-01T00:00:00,2023-10-31T23:59:59,92.8,76.6,routine inspection,,ECO-SERVICE-4,closed,False,False,False
DOP-0000215,KNT-SEN,DEV-KNTSEN-1,2023-11-01T00:00:00,2023-11-30T23:59:59,100.0,74.0,routine inspection,,ECO-SERVICE-4,closed,False,False,False
DOP-0000216,KNT-SEN,DEV-KNTSEN-1,2023-12-01T00:00:00,2023-12-31T23:59:59,93.9,74.9,routine inspection,,ECO-SERVICE-4,closed,False,False,False
DOP-0000217,KNT-SEN,DEV-KNTSEN-1,2024-01-01T00:00:00,2024-01-31T23:59:59,92.7,83.6,routine inspection,,ECO-SERVICE-4,closed,False,False,False
DOP-0000218,KNT-SEN,DEV-KNTSEN-1,2024-02-01T00:00:00,2024-02-29T23:59:59,92.9,89.7,routine inspection,,ECO-SERVICE-4,closed,False,False,False
DOP-0000219,KNT-SEN,DEV-KNTSEN-1,2024-03-01T00:00:00,2024-03-31T23:59:59,85.3,84.6,routine inspection,,ECO-SERVICE-4,closed,False,False,False
DOP-0000220,KNT-SEN,DEV-KNTSEN-1,2024-04-01T00:00:00,2024-04-30T23:59:59,94.3,70.7,routine inspection,,ECO-SERVICE-4,closed,False,False,False
DOP-0000221,KNT-SEN,DEV-KNTSEN-1,2024-05-01T00:00:00,2024-05-31T23:59:59,92.3,76.2,routine inspection,,ECO-SERVICE-4,closed,False,False,False
DOP-0000222,KNT-SEN,DEV-KNTSEN-1,2024-06-01T00:00:00,2024-06-30T23:59:59,83.1,68.7,routine inspection,,ECO-SERVICE-4,closed,False,False,False
DOP-0000223,KNT-SEN,DEV-KNTSEN-1,2024-07-01T00:00:00,2024-07-31T23:59:59,92.2,70.5,routine inspection,,ECO-SERVICE-4,closed,False,False,False
DOP-0000224,KNT-SEN,DEV-KNTSEN-1,2024-08-01T00:00:00,2024-08-31T23:59:59,85.0,70.1,routine inspection,,ECO-SERVICE-4,closed,False,False,False
DOP-0000225,KNT-SEN,DEV-KNTSEN-1,2024-09-01T00:00:00,2024-09-30T23:59:59,93.0,75.8,routine inspection,,ECO-SERVICE-4,closed,False,False,False
DOP-0000226,KNT-SEN,DEV-KNTSEN-1,2024-10-01T00:00:00,2024-10-31T23:59:59,94.7,90.3,routine inspection,,ECO-SERVICE-4,closed,False,False,False
DOP-0000227,KNT-SEN,DEV-KNTSEN-1,2024-11-01T00:00:00,2024-11-30T23:59:59,97.7,78.7,routine inspection,,ECO-SERVICE-4,closed,False,False,False
DOP-0000228,KNT-SEN,DEV-KNTSEN-1,2024-12-01T00:00:00,2024-12-31T23:59:59,67.2,60.6,corrective maintenance,MICROPHONE_DRIFT,ECO-SERVICE-4,closed,True,False,False
DOP-0000229,KNT-SEN,DEV-KNTSEN-1,2025-01-01T00:00:00,2025-01-31T23:59:59,98.7,86.9,routine inspection,,ECO-SERVICE-4,closed,False,False,False
DOP-0000230,KNT-SEN,DEV-KNTSEN-1,2025-02-01T00:00:00,2025-02-28T23:59:59,96.6,82.9,routine inspection,,ECO-SERVICE-4,closed,False,False,False
DOP-0000231,KNT-SEN,DEV-KNTSEN-1,2025-03-01T00:00:00,2025-03-31T23:59:59,95.2,87.6,routine inspection,,ECO-SERVICE-4,closed,False,False,False
DOP-0000232,KNT-SEN,DEV-KNTSEN-1,2025-04-01T00:00:00,2025-04-30T23:59:59,94.6,75.7,routine inspection,,ECO-SERVICE-4,closed,False,False,False
DOP-0000233,KNT-SEN,DEV-KNTSEN-1,2025-05-01T00:00:00,31-May-2025 23:59:59,100.0,79.4,routine inspection,,ECO-SERVICE-4,closed,False,False,False
DOP-0000234,KNT-SEN,DEV-KNTSEN-1,2025-06-01T00:00:00,2025-06-30T23:59:59,99.8,80.0,routine inspection,,ECO-SERVICE-4,closed,False,False,False
DOP-0000235,AVL-MAR,DEV-AVLMAR-2,2019-01-01T00:00:00,2019-01-31T23:59:59,100.0,70.9,routine inspection,,ECO-SERVICE-1,closed,False,False,False
DOP-0000236,AVL-MAR,DEV-AVLMAR-2,2019-02-01T00:00:00,2019-02-28T23:59:59,100.0,72.7,routine inspection,,ECO-SERVICE-1,closed,False,False,False
DOP-0000237,AVL-MAR,DEV-AVLMAR-2,2019-03-01T00:00:00,2019-03-31T23:59:59,97.5,76.0,routine inspection,,ECO-SERVICE-1,closed,False,False,False
DOP-0000238,AVL-MAR,DEV-AVLMAR-2,2019-04-01T00:00:00,2019-04-30T23:59:59,88.3,76.5,routine inspection,,ECO-SERVICE-1,closed,False,False,False
DOP-0000239,AVL-MAR,DEV-AVLMAR-2,2019-05-01T00:00:00,2019-05-31T23:59:59,96.9,89.7,routine inspection,,ECO-SERVICE-1,closed,False,False,False
DOP-0000240,AVL-MAR,DEV-AVLMAR-2,2019-06-01T00:00:00,2019-06-30T23:59:59,92.4,93.1,routine inspection,,ECO-SERVICE-1,closed,False,False,False
DOP-0000241,AVL-MAR,DEV-AVLMAR-2,2019-07-01T00:00:00,2019-07-31T23:59:59,96.0,75.3,routine inspection,,ECO-SERVICE-1,closed,False,False,False
DOP-0000242,AVL-MAR,DEV-AVLMAR-2,2019-08-01T00:00:00,2019-08-31T23:59:59,87.7,75.5,routine inspection,,ECO-SERVICE-1,closed,False,False,False
DOP-0000243,AVL-MAR,DEV-AVLMAR-2,2019-09-01T00:00:00,2019-09-30T23:59:59,85.3,73.6,routine inspection,,ECO-SERVICE-1,closed,False,False,False
DOP-0000244,AVL-MAR,DEV-AVLMAR-2,2019-10-01T00:00:00,2019-10-31T23:59:59,93.8,71.0,routine inspection,,ECO-SERVICE-1,closed,False,False,False
DOP-0000245,AVL-MAR,DEV-AVLMAR-2,2019-11-01T00:00:00,2019-11-30T23:59:59,95.0,86.1,routine inspection,,ECO-SERVICE-1,closed,False,False,False
DOP-0000246,AVL-MAR,DEV-AVLMAR-2,2019-12-01T00:00:00,2019-12-31T23:59:59,100.0,80.9,routine inspection,,ECO-SERVICE-1,closed,False,False,False
DOP-0000247,AVL-MAR,DEV-AVLMAR-2,2020-01-01T00:00:00,2020-01-31T23:59:59,57.7,69.7,corrective maintenance,POWER_INTERRUPTION,ECO-SERVICE-1,closed,False,True,False
DOP-0000248,AVL-MAR,DEV-AVLMAR-2,2020-02-01T00:00:00,2020-02-29T23:59:59,91.5,92.0,routine inspection,,ECO-SERVICE-1,closed,False,False,False
DOP-0000249,AVL-MAR,DEV-AVLMAR-2,2020-03-01T00:00:00,2020-03-31T23:59:59,91.8,71.2,routine inspection,,ECO-SERVICE-1,closed,False,False,False
DOP-0000250,AVL-MAR,DEV-AVLMAR-2,2020-04-01T00:00:00,2020-04-30T23:59:59,97.7,82.1,routine inspection,,ECO-SERVICE-1,closed,False,False,False
DOP-0000251,AVL-MAR,DEV-AVLMAR-2,2020-05-01T00:00:00,2020-05-31T23:59:59,94.6,83.5,routine inspection,,ECO-SERVICE-1,closed,False,False,False
DOP-0000252,AVL-MAR,DEV-AVLMAR-2,2020-06-01T00:00:00,2020-06-30T23:59:59,96.0,79.9,routine inspection,,ECO-SERVICE-1,closed,False,False,False
DOP-0000253,AVL-MAR,DEV-AVLMAR-2,2020-07-01T00:00:00,2020-07-31T23:59:59,98.8,73.6,routine inspection,,ECO-SERVICE-1,closed,False,False,False
DOP-0000254,AVL-MAR,DEV-AVLMAR-2,2020-08-01T00:00:00,2020-08-31T23:59:59,99.9,74.0,routine inspection,,ECO-SERVICE-1,closed,False,False,False
DOP-0000255,AVL-MAR,DEV-AVLMAR-2,2020-09-01T00:00:00,2020-09-30T23:59:59,95.7,75.5,routine inspection,,ECO-SERVICE-1,closed,False,False,False
DOP-0000256,AVL-MAR,DEV-AVLMAR-2,2020-10-01T00:00:00,2020-10-31T23:59:59,82.6,60.1,routine inspection,,ECO-SERVICE-1,closed,False,False,False
DOP-0000257,AVL-MAR,DEV-AVLMAR-2,2020-11-01T00:00:00,2020-11-30T23:59:59,97.5,77.8,routine inspection,,ECO-SERVICE-1,closed,False,False,False
DOP-0000258,AVL-MAR,DEV-AVLMAR-2,2020-12-01T00:00:00,2020-12-31T23:59:59,92.5,90.4,routine inspection,,ECO-SERVICE-1,closed,False,False,False
DOP-0000259,AVL-MAR,DEV-AVLMAR-2,2021-01-01T00:00:00,2021-01-31T23:59:59,94.0,70.3,routine inspection,,ECO-SERVICE-1,closed,False,False,False
DOP-0000260,AVL-MAR,DEV-AVLMAR-2,2021-02-01T00:00:00,2021-02-28T23:59:59,95.5,93.4,routine inspection,,ECO-SERVICE-1,closed,False,False,False
DOP-0000261,AVL-MAR,DEV-AVLMAR-2,2021-03-01T00:00:00,2021-03-31T23:59:59,88.3,87.9,routine inspection,,ECO-SERVICE-1,closed,False,False,False
DOP-0000262,AVL-MAR,DEV-AVLMAR-2,2021-04-01T00:00:00,2021-04-30T23:59:59,96.2,85.3,routine inspection,,ECO-SERVICE-1,closed,False,False,False
DOP-0000263,AVL-MAR,DEV-AVLMAR-2,2021-05-01T00:00:00,2021-05-31T23:59:59,90.4,86.0,routine inspection,,ECO-SERVICE-1,closed,False,False,False
DOP-0000264,AVL-MAR,DEV-AVLMAR-2,2021-06-01T00:00:00,2021-06-30T23:59:59,91.6,90.6,routine inspection,,ECO-SERVICE-1,closed,False,False,False
DOP-0000265,AVL-MAR,DEV-AVLMAR-2,2021-07-01T00:00:00,2021-07-31T23:59:59,92.7,73.7,routine inspection,,ECO-SERVICE-1,closed,False,False,False
DOP-0000266,AVL-MAR,DEV-AVLMAR-2,2021-08-01T00:00:00,2021-08-31T23:59:59,96.8,77.9,routine inspection,,ECO-SERVICE-1,closed,False,False,False
DOP-0000267,AVL-MAR,DEV-AVLMAR-2,2021-09-01T00:00:00,2021-09-30T23:59:59,85.3,57.1,routine inspection,,ECO-SERVICE-1,closed,False,False,False
DOP-0000268,AVL-MAR,DEV-AVLMAR-2,2021-10-01T00:00:00,31-Oct-2021 23:59:59,91.4,76.2,routine inspection,,ECO-SERVICE-1,closed,False,False,False
DOP-0000269,AVL-MAR,DEV-AVLMAR-2,2021-11-01T00:00:00,2021-11-30T23:59:59,87.7,68.5,routine inspection,,ECO-SERVICE-1,closed,False,False,False
DOP-0000270,AVL-MAR,DEV-AVLMAR-2,2021-12-01T00:00:00,2021-12-31T23:59:59,93.3,62.4,routine inspection,,ECO-SERVICE-1,closed,False,False,False
DOP-0000271,AVL-MAR,DEV-AVLMAR-2,2022-01-01T00:00:00,2022-01-31T23:59:59,97.7,85.6,routine inspection,,ECO-SERVICE-1,closed,False,False,False
DOP-0000272,AVL-MAR,DEV-AVLMAR-2,2022-02-01T00:00:00,2022-02-28T23:59:59,100.0,80.5,routine inspection,,ECO-SERVICE-1,closed,False,False,False
DOP-0000273,AVL-MAR,DEV-AVLMAR-2,2022-03-01T00:00:00,2022-03-31T23:59:59,100.0,80.2,routine inspection,,ECO-SERVICE-1,closed,False,False,False
DOP-0000274,AVL-MAR,DEV-AVLMAR-2,2022-04-01T00:00:00,2022-04-30T23:59:59,93.9,83.4,routine inspection,,ECO-SERVICE-1,closed,False,False,False
DOP-0000275,AVL-MAR,DEV-AVLMAR-2,2022-05-01T00:00:00,2022-05-31T23:59:59,91.4,83.5,routine inspection,,ECO-SERVICE-1,closed,False,False,False
DOP-0000276,AVL-MAR,DEV-AVLMAR-2,2022-06-01T00:00:00,2022-06-30T23:59:59,94.5,78.8,routine inspection,,ECO-SERVICE-1,closed,False,False,False
DOP-0000277,AVL-MAR,DEV-AVLMAR-2,2022-07-01T00:00:00,2022-07-31T23:59:59,91.8,78.5,routine inspection,,ECO-SERVICE-1,closed,False,False,False
DOP-0000278,AVL-MAR,DEV-AVLMAR-2,2022-08-01T00:00:00,2022-08-31T23:59:59,96.0,56.6,routine inspection,,ECO-SERVICE-1,closed,False,False,False
DOP-0000279,AVL-MAR,DEV-AVLMAR-2,2022-09-01T00:00:00,2022-09-30T23:59:59,92.6,76.6,routine inspection,,ECO-SERVICE-1,closed,False,False,False
DOP-0000280,AVL-MAR,DEV-AVLMAR-2,2022-10-01T00:00:00,2022-10-31T23:59:59,90.1,62.1,routine inspection,,ECO-SERVICE-1,closed,False,False,False
DOP-0000281,AVL-MAR,DEV-AVLMAR-2,2022-11-01T00:00:00,2022-11-30T23:59:59,98.6,77.5,routine inspection,,ECO-SERVICE-1,closed,False,False,False
DOP-0000282,AVL-MAR,DEV-AVLMAR-2,2022-12-01T00:00:00,2022-12-31T23:59:59,88.1,76.8,routine inspection,,ECO-SERVICE-1,closed,False,False,False
DOP-0000283,AVL-MAR,DEV-AVLMAR-2,2023-01-01T00:00:00,2023-01-31T23:59:59,93.7,89.9,routine inspection,,ECO-SERVICE-1,closed,False,False,False
DOP-0000284,AVL-MAR,DEV-AVLMAR-2,2023-02-01T00:00:00,2023-02-28T23:59:59,85.4,92.7,routine inspection,,ECO-SERVICE-1,closed,False,False,False
DOP-0000285,AVL-MAR,DEV-AVLMAR-2,2023-03-01T00:00:00,2023-03-31T23:59:59,100.0,81.4,routine inspection,,ECO-SERVICE-1,closed,False,False,False
DOP-0000286,AVL-MAR,DEV-AVLMAR-2,2023-04-01T00:00:00,2023-04-30T23:59:59,87.9,83.2,routine inspection,,ECO-SERVICE-1,closed,False,False,False
DOP-0000287,AVL-MAR,DEV-AVLMAR-2,2023-05-01T00:00:00,2023-05-31T23:59:59,94.1,84.6,routine inspection,,ECO-SERVICE-1,closed,False,False,False
DOP-0000288,AVL-MAR,DEV-AVLMAR-2,2023-06-01T00:00:00,2023-06-30T23:59:59,92.9,84.2,routine inspection,,ECO-SERVICE-1,closed,False,False,False
DOP-0000289,AVL-MAR,DEV-AVLMAR-2,2023-07-01T00:00:00,2023-07-31T23:59:59,95.3,81.0,routine inspection,,ECO-SERVICE-1,Closed,False,False,False
DOP-0000290,AVL-MAR,DEV-AVLMAR-2,2023-08-01T00:00:00,2023-08-31T23:59:59,98.1,66.8,routine inspection,,ECO-SERVICE-1,closed,False,False,False
DOP-0000291,AVL-MAR,DEV-AVLMAR-2,2023-09-01T00:00:00,2023-09-30T23:59:59,86.7,84.1,routine inspection,,ECO-SERVICE-1,closed,False,False,False
DOP-0000292,AVL-MAR,DEV-AVLMAR-2,2023-10-01T00:00:00,2023-10-31T23:59:59,96.5,89.2,routine inspection,,ECO-SERVICE-1,closed,False,False,False
DOP-0000293,AVL-MAR,DEV-AVLMAR-2,2023-11-01T00:00:00,2023-11-30T23:59:59,98.7,80.9,routine inspection,,ECO-SERVICE-1,closed,False,False,False
DOP-0000294,AVL-MAR,DEV-AVLMAR-2,2023-12-01T00:00:00,2023-12-31T23:59:59,96.8,77.4,routine inspection,,ECO-SERVICE-1,closed,False,False,False
DOP-0000295,AVL-MAR,DEV-AVLMAR-2,2024-01-01T00:00:00,2024-01-31T23:59:59,93.9,87.6,routine inspection,,ECO-SERVICE-1,closed,False,False,False
DOP-0000296,AVL-MAR,DEV-AVLMAR-2,2024-02-01T00:00:00,2024-02-29T23:59:59,97.4,85.2,routine inspection,,ECO-SERVICE-1,closed,False,False,False
DOP-0000297,AVL-MAR,DEV-AVLMAR-2,2024-03-01T00:00:00,2024-03-31T23:59:59,90.8,88.0,routine inspection,,ECO-SERVICE-1,closed,False,False,False
DOP-0000298,AVL-MAR,DEV-AVLMAR-2,2024-04-01T00:00:00,2024-04-30T23:59:59,92.7,79.9,routine inspection,,ECO-SERVICE-1,closed,False,False,False
DOP-0000299,AVL-MAR,DEV-AVLMAR-2,2024-05-01T00:00:00,2024-05-31T23:59:59,98.6,81.8,routine inspection,,ECO-SERVICE-1,closed,False,False,False
DOP-0000300,AVL-MAR,DEV-AVLMAR-2,2024-06-01T00:00:00,2024-06-30T23:59:59,92.1,86.0,routine inspection,,ECO-SERVICE-1,closed,False,False,False
DOP-0000301,AVL-MAR,DEV-AVLMAR-2,2024-07-01T00:00:00,2024-07-31T23:59:59,98.9,82.8,routine inspection,,ECO-SERVICE-1,closed,False,False,False
DOP-0000302,AVL-MAR,DEV-AVLMAR-2,2024-08-01T00:00:00,2024-08-31T23:59:59,86.1,67.5,routine inspection,,ECO-SERVICE-1,closed,False,False,False
DOP-0000303,AVL-MAR,DEV-AVLMAR-2,2024-09-01T00:00:00,2024-09-30T23:59:59,93.0,86.1,routine inspection,,ECO-SERVICE-1,closed,False,False,False
DOP-0000304,AVL-MAR,DEV-AVLMAR-2,2024-10-01T00:00:00,2024-10-31T23:59:59,85.1,71.4,routine inspection,,ECO-SERVICE-1,closed,False,False,False
DOP-0000305,AVL-MAR,DEV-AVLMAR-2,2024-11-01T00:00:00,2024-11-30T23:59:59,100.0,82.0,routine inspection,,ECO-SERVICE-1,closed,False,False,False
DOP-0000306,AVL-MAR,DEV-AVLMAR-2,2024-12-01T00:00:00,2024-12-31T23:59:59,87.1,82.7,routine inspection,,ECO-SERVICE-1,closed,False,False,False
DOP-0000307,AVL-MAR,DEV-AVLMAR-2,2025-01-01T00:00:00,2025-01-31T23:59:59,89.5,81.2,routine inspection,,ECO-SERVICE-1,closed,False,False,False
DOP-0000308,AVL-MAR,DEV-AVLMAR-2,2025-02-01T00:00:00,2025-02-28T23:59:59,84.1,93.7,routine inspection,,ECO-SERVICE-1,closed,False,False,False
DOP-0000309,AVL-MAR,DEV-AVLMAR-2,2025-03-01T00:00:00,2025-03-31T23:59:59,89.6,93.2,routine inspection,,ECO-SERVICE-1,closed,False,False,False
DOP-0000310,AVL-MAR,DEV-AVLMAR-2,2025-04-01T00:00:00,2025-04-30T23:59:59,100.0,87.1,routine inspection,,ECO-SERVICE-1,closed,False,False,False
DOP-0000311,AVL-MAR,DEV-AVLMAR-2,2025-05-01T00:00:00,2025-05-31T23:59:59,93.8,85.9,routine inspection,,ECO-SERVICE-1,closed,False,False,False
DOP-0000312,AVL-MAR,DEV-AVLMAR-2,2025-06-01T00:00:00,2025-06-30T23:59:59,94.3,77.3,routine inspection,,ECO-SERVICE-1,closed,False,False,False
DOP-0000313,AVL-VEL,DEV-AVLVEL-3,2019-01-01T00:00:00,2019-01-31T23:59:59,84.6,84.7,routine inspection,,ECO-SERVICE-2,closed,False,False,False
DOP-0000314,AVL-VEL,DEV-AVLVEL-3,2019-02-01T00:00:00,2019-02-28T23:59:59,98.1,86.5,routine inspection,,ECO-SERVICE-2,closed,False,False,False
DOP-0000315,AVL-VEL,DEV-AVLVEL-3,2019-03-01T00:00:00,2019-03-31T23:59:59,91.8,81.8,routine inspection,,ECO-SERVICE-2,closed,False,False,False
DOP-0000316,AVL-VEL,DEV-AVLVEL-3,2019-04-01T00:00:00,2019-04-30T23:59:59,86.8,71.9,routine inspection,,ECO-SERVICE-2,closed,False,False,False
DOP-0000317,AVL-VEL,DEV-AVLVEL-3,2019-05-01T00:00:00,2019-05-31T23:59:59,93.6,85.6,routine inspection,,ECO-SERVICE-2,closed,False,False,False
DOP-0000318,AVL-VEL,DEV-AVLVEL-3,2019-06-01T00:00:00,2019-06-30T23:59:59,98.1,83.2,routine inspection,,ECO-SERVICE-2,closed,False,False,False
DOP-0000319,AVL-VEL,DEV-AVLVEL-3,2019-07-01T00:00:00,2019-07-31T23:59:59,100.0,85.5,routine inspection,,ECO-SERVICE-2,closed,False,False,False
DOP-0000320,AVL-VEL,DEV-AVLVEL-3,2019-08-01T00:00:00,2019-08-31T23:59:59,90.5,77.7,routine inspection,,ECO-SERVICE-2,closed,False,False,False
DOP-0000321,AVL-VEL,DEV-AVLVEL-3,2019-09-01T00:00:00,2019-09-30T23:59:59,93.5,64.1,routine inspection,,ECO-SERVICE-2,closed,False,False,False
DOP-0000322,AVL-VEL,DEV-AVLVEL-3,2019-10-01T00:00:00,2019-10-31T23:59:59,99.5,85.1,routine inspection,,ECO-SERVICE-2,closed,False,False,False
DOP-0000323,AVL-VEL,DEV-AVLVEL-3,2019-11-01T00:00:00,2019-11-30T23:59:59,98.4,84.6,routine inspection,,ECO-SERVICE-2,closed,False,False,False
DOP-0000324,AVL-VEL,DEV-AVLVEL-3,2019-12-01T00:00:00,2019-12-31T23:59:59,95.8,78.6,routine inspection,,ECO-SERVICE-2,closed,False,False,False
DOP-0000325,AVL-VEL,DEV-AVLVEL-3,2020-01-01T00:00:00,2020-01-31T23:59:59,88.2,86.1,routine inspection,,ECO-SERVICE-2,closed,False,False,False
DOP-0000326,AVL-VEL,DEV-AVLVEL-3,2020-02-01T00:00:00,2020-02-29T23:59:59,94.1,80.9,routine inspection,,ECO-SERVICE-2,closed,False,False,False
DOP-0000327,AVL-VEL,DEV-AVLVEL-3,2020-03-01T00:00:00,2020-03-31T23:59:59,99.2,77.3,routine inspection,,ECO-SERVICE-2,closed,False,False,False
DOP-0000328,AVL-VEL,DEV-AVLVEL-3,2020-04-01T00:00:00,2020-04-30T23:59:59,91.1,70.3,routine inspection,,ECO-SERVICE-2,closed,False,False,False
DOP-0000329,AVL-VEL,DEV-AVLVEL-3,2020-05-01T00:00:00,2020-05-31T23:59:59,99.0,82.4,routine inspection,,ECO-SERVICE-2,closed,False,False,False
DOP-0000330,AVL-VEL,DEV-AVLVEL-3,2020-06-01T00:00:00,2020-06-30T23:59:59,98.3,84.4,routine inspection,,ECO-SERVICE-2,closed,False,False,False
DOP-0000331,AVL-VEL,DEV-AVLVEL-3,2020-07-01T00:00:00,2020-07-31T23:59:59,92.8,89.5,routine inspection,,ECO-SERVICE-2,closed,False,False,False
DOP-0000332,AVL-VEL,DEV-AVLVEL-3,2020-08-01T00:00:00,2020-08-31T23:59:59,91.0,83.2,routine inspection,,ECO-SERVICE-2,closed,False,False,False
DOP-0000333,AVL-VEL,DEV-AVLVEL-3,2020-09-01T00:00:00,2020-09-30T23:59:59,95.5,80.2,routine inspection,,ECO-SERVICE-2,closed,False,False,False
DOP-0000334,AVL-VEL,DEV-AVLVEL-3,2020-10-01T00:00:00,2020-10-31T23:59:59,89.6,85.8,routine inspection,,ECO-SERVICE-2,closed,False,False,False
DOP-0000335,AVL-VEL,DEV-AVLVEL-3,2020-11-01T00:00:00,2020-11-30T23:59:59,100.0,76.1,routine inspection,,ECO-SERVICE-2,closed,False,False,False
DOP-0000336,AVL-VEL,DEV-AVLVEL-3,2020-12-01T00:00:00,2020-12-31T23:59:59,78.1,79.5,routine inspection,,ECO-SERVICE-2,closed,False,False,False
DOP-0000337,AVL-VEL,DEV-AVLVEL-3,2021-01-01T00:00:00,2021-01-31T23:59:59,94.8,74.1,routine inspection,,ECO-SERVICE-2,CLOSED,False,False,False
DOP-0000338,AVL-VEL,DEV-AVLVEL-3,2021-02-01T00:00:00,2021-02-28T23:59:59,92.2,82.4,Routine Inspection,,ECO-SERVICE-2,closed,False,False,False
DOP-0000339,AVL-VEL,DEV-AVLVEL-3,2021-03-01T00:00:00,2021-03-31T23:59:59,88.9,83.4,routine inspection,,ECO-SERVICE-2,closed,False,False,False
DOP-0000340,AVL-VEL,DEV-AVLVEL-3,2021-04-01T00:00:00,2021-04-30T23:59:59,90.6,79.7,routine inspection,,ECO-SERVICE-2,closed,False,False,False
DOP-0000341,AVL-VEL,DEV-AVLVEL-3,2021-05-01T00:00:00,2021-05-31T23:59:59,89.3,87.6,routine inspection,,ECO-SERVICE-2,closed,False,False,False
DOP-0000342,AVL-VEL,DEV-AVLVEL-3,2021-06-01T00:00:00,2021-06-30T23:59:59,97.3,85.8,routine inspection,,ECO-SERVICE-2,closed,False,False,False
DOP-0000343,AVL-VEL,DEV-AVLVEL-3,2021-07-01T00:00:00,2021-07-31T23:59:59,90.2,73.2,routine inspection,,ECO-SERVICE-2,closed,False,False,False
DOP-0000344,AVL-VEL,DEV-AVLVEL-3,2021-08-01T00:00:00,2021-08-31T23:59:59,90.8,85.8,routine inspection,,ECO-SERVICE-2,closed,False,False,False
DOP-0000345,AVL-VEL,DEV-AVLVEL-3,2021-09-01T00:00:00,2021-09-30T23:59:59,100.0,70.5,routine inspection,,ECO-SERVICE-2,closed,False,False,False
DOP-0000346,AVL-VEL,DEV-AVLVEL-3,2021-10-01T00:00:00,2021-10-31T23:59:59,94.5,66.7,routine inspection,,ECO-SERVICE-2,closed,False,False,False
DOP-0000347,AVL-VEL,DEV-AVLVEL-3,2021-11-01T00:00:00,2021-11-30T23:59:59,89.9,78.3,routine inspection,,ECO-SERVICE-2,closed,False,False,False
DOP-0000348,AVL-VEL,DEV-AVLVEL-3,2021-12-01T00:00:00,2021-12-31T23:59:59,94.9,75.2,Routine Inspection,,ECO-SERVICE-2,closed,False,False,False
DOP-0000349,AVL-VEL,DEV-AVLVEL-3,2022-01-01T00:00:00,2022-01-31T23:59:59,100.0,93.3,routine inspection,,ECO-SERVICE-2,closed,False,False,False
DOP-0000350,AVL-VEL,DEV-AVLVEL-3,2022-02-01T00:00:00,2022-02-28T23:59:59,98.0,81.3,routine inspection,,ECO-SERVICE-2,closed,False,False,False
DOP-0000351,AVL-VEL,DEV-AVLVEL-3,2022-03-01T00:00:00,2022-03-31T23:59:59,97.5,87.7,routine inspection,,ECO-SERVICE-2,closed,False,False,False
DOP-0000352,AVL-VEL,DEV-AVLVEL-3,2022-04-01T00:00:00,2022-04-30T23:59:59,79.3,72.2,corrective maintenance,POWER_INTERRUPTION,ECO-SERVICE-2,closed,False,True,False
DOP-0000353,AVL-VEL,DEV-AVLVEL-3,2022-05-01T00:00:00,2022-05-31T23:59:59,91.3,75.3,routine inspection,,ECO-SERVICE-2,closed,False,False,False
DOP-0000354,AVL-VEL,DEV-AVLVEL-3,2022-06-01T00:00:00,2022-06-30T23:59:59,100.0,83.7,routine inspection,,ECO-SERVICE-2,closed,False,False,False
DOP-0000355,AVL-VEL,DEV-AVLVEL-3,2022-07-01T00:00:00,2022-07-31T23:59:59,97.4,89.6,routine inspection,,ECO-SERVICE-2,closed,False,False,False
DOP-0000356,AVL-VEL,DEV-AVLVEL-3,2022-08-01T00:00:00,2022-08-31T23:59:59,94.8,74.0,routine inspection,,ECO-SERVICE-2,closed,False,False,False
DOP-0000357,AVL-VEL,DEV-AVLVEL-3,2022-09-01T00:00:00,2022-09-30T23:59:59,95.8,74.0,routine inspection,,ECO-SERVICE-2,closed,False,False,False
DOP-0000358,AVL-VEL,DEV-AVLVEL-3,2022-10-01T00:00:00,2022-10-31T23:59:59,94.5,67.2,routine inspection,,ECO-SERVICE-2,closed,False,False,False
DOP-0000359,AVL-VEL,DEV-AVLVEL-3,2022-11-01T00:00:00,2022-11-30T23:59:59,98.4,77.5,routine inspection,,ECO-SERVICE-2,closed,False,False,False
DOP-0000360,AVL-VEL,DEV-AVLVEL-3,2022-12-01T00:00:00,2022-12-31T23:59:59,96.5,93.1,routine inspection,,ECO-SERVICE-2,closed,False,False,False
DOP-0000361,AVL-VEL,DEV-AVLVEL-3,2023-01-01T00:00:00,2023-01-31T23:59:59,95.5,85.2,routine inspection,,ECO-SERVICE-2,closed,False,False,False
DOP-0000362,AVL-VEL,DEV-AVLVEL-3,2023-02-01T00:00:00,2023-02-28T23:59:59,90.8,94.4,routine inspection,,ECO-SERVICE-2,closed,False,False,False
DOP-0000363,AVL-VEL,DEV-AVLVEL-3,2023-03-01T00:00:00,2023-03-31T23:59:59,92.0,89.6,routine inspection,,ECO-SERVICE-2,closed,False,False,False
DOP-0000364,AVL-VEL,DEV-AVLVEL-3,2023-04-01T00:00:00,2023-04-30T23:59:59,94.6,79.1,routine inspection,,ECO-SERVICE-2,closed,False,False,False
DOP-0000365,AVL-VEL,DEV-AVLVEL-3,2023-05-01T00:00:00,2023-05-31T23:59:59,94.3,82.7,routine inspection,,ECO-SERVICE-2,closed,False,False,False
DOP-0000366,AVL-VEL,DEV-AVLVEL-3,2023-06-01T00:00:00,2023-06-30T23:59:59,95.8,77.7,routine inspection,,ECO-SERVICE-2,closed,False,False,False
DOP-0000367,AVL-VEL,DEV-AVLVEL-3,2023-07-01T00:00:00,2023-07-31T23:59:59,89.1,84.6,routine inspection,,ECO-SERVICE-2,closed,False,False,False
DOP-0000368,AVL-VEL,DEV-AVLVEL-3,2023-08-01T00:00:00,2023-08-31T23:59:59,91.2,77.7,routine inspection,,ECO-SERVICE-2,closed,False,False,False
DOP-0000369,AVL-VEL,DEV-AVLVEL-3,2023-09-01T00:00:00,2023-09-30T23:59:59,93.5,87.3,routine inspection,,ECO-SERVICE-2,closed,False,False,False
DOP-0000370,AVL-VEL,DEV-AVLVEL-3,2023-10-01T00:00:00,2023-10-31T23:59:59,93.6,77.8,routine inspection,,ECO-SERVICE-2,closed,False,False,False
DOP-0000371,AVL-VEL,DEV-AVLVEL-3,2023-11-01T00:00:00,2023-11-30T23:59:59,85.4,76.0,routine inspection,,ECO-SERVICE-2,closed,False,False,False
DOP-0000372,AVL-VEL,DEV-AVLVEL-3,2023-12-01T00:00:00,2023-12-31T23:59:59,98.2,80.9,routine inspection,,ECO-SERVICE-2,closed,False,False,False
DOP-0000373,AVL-VEL,DEV-AVLVEL-3,2024-01-01T00:00:00,2024-01-31T23:59:59,94.5,86.6,routine inspection,,ECO-SERVICE-2,closed,False,False,False
DOP-0000374,AVL-VEL,DEV-AVLVEL-3,2024-02-01T00:00:00,2024-02-29T23:59:59,90.9,90.1,routine inspection,,ECO-SERVICE-2,closed,False,False,False
DOP-0000375,AVL-VEL,DEV-AVLVEL-3,2024-03-01T00:00:00,2024-03-31T23:59:59,86.0,86.0,routine inspection,,ECO-SERVICE-2,closed,False,False,False
DOP-0000376,AVL-VEL,DEV-AVLVEL-3,2024-04-01T00:00:00,2024-04-30T23:59:59,91.6,88.9,routine inspection,,ECO-SERVICE-2,closed,False,False,False
DOP-0000377,AVL-VEL,DEV-AVLVEL-3,2024-05-01T00:00:00,2024-05-31T23:59:59,93.2,80.9,routine inspection,,ECO-SERVICE-2,closed,False,False,False
DOP-0000378,AVL-VEL,DEV-AVLVEL-3,2024-06-01T00:00:00,2024-06-30T23:59:59,100.0,88.5,routine inspection,,ECO-SERVICE-2,closed,False,False,False
DOP-0000379,AVL-VEL,DEV-AVLVEL-3,2024-07-01T00:00:00,2024-07-31T23:59:59,64.0,66.5,corrective maintenance,MICROPHONE_DRIFT,ECO-SERVICE-2,closed,True,False,False
DOP-0000380,AVL-VEL,DEV-AVLVEL-3,2024-08-01T00:00:00,2024-08-31T23:59:59,100.0,65.2,routine inspection,,ECO-SERVICE-2,closed,False,False,False
DOP-0000381,AVL-VEL,DEV-AVLVEL-3,2024-09-01T00:00:00,2024-09-30T23:59:59,97.7,76.9,routine inspection,,ECO-SERVICE-2,closed,False,False,False
DOP-0000382,AVL-VEL,DEV-AVLVEL-3,2024-10-01T00:00:00,2024-10-31T23:59:59,91.0,70.4,routine inspection,,ECO-SERVICE-2,closed,False,False,False
DOP-0000383,AVL-VEL,DEV-AVLVEL-3,2024-11-01T00:00:00,2024-11-30T23:59:59,100.0,75.9,routine inspection,,ECO-SERVICE-2,closed,False,False,False
DOP-0000384,AVL-VEL,DEV-AVLVEL-3,2024-12-01T00:00:00,2024-12-31T23:59:59,100.0,70.5,routine inspection,,ECO-SERVICE-2,closed,False,False,False
DOP-0000385,AVL-VEL,DEV-AVLVEL-3,2025-01-01T00:00:00,2025-01-31T23:59:59,97.9,87.3,routine inspection,,ECO-SERVICE-2,closed,False,False,False
DOP-0000386,AVL-VEL,DEV-AVLVEL-3,2025-02-01T00:00:00,2025-02-28T23:59:59,99.6,93.9,routine inspection,,ECO-SERVICE-2,closed,False,False,False
DOP-0000387,AVL-VEL,DEV-AVLVEL-3,2025-03-01T00:00:00,2025-03-31T23:59:59,97.1,85.1,routine inspection,,ECO-SERVICE-2,closed,False,False,False
DOP-0000388,AVL-VEL,DEV-AVLVEL-3,2025-04-01T00:00:00,2025-04-30T23:59:59,92.3,75.0,routine inspection,,ECO-SERVICE-2,closed,False,False,False
DOP-0000389,AVL-VEL,DEV-AVLVEL-3,2025-05-01T00:00:00,2025-05-31T23:59:59,95.9,73.7,routine inspection,,ECO-SERVICE-2,closed,False,False,False
DOP-0000390,AVL-VEL,DEV-AVLVEL-3,2025-06-01T00:00:00,2025-06-30T23:59:59,92.0,73.9,routine inspection,,ECO-SERVICE-2,closed,False,False,False
DOP-0000391,AVL-ORR,DEV-AVLORR-1,2019-01-01T00:00:00,2019-01-31T23:59:59,97.0,78.0,routine inspection,,ECO-SERVICE-3,closed,False,False,False
DOP-0000392,AVL-ORR,DEV-AVLORR-1,2019-02-01T00:00:00,2019-02-28T23:59:59,94.1,78.4,routine inspection,,ECO-SERVICE-3,closed,False,False,False
DOP-0000393,AVL-ORR,DEV-AVLORR-1,2019-03-01T00:00:00,2019-03-31T23:59:59,99.7,82.1,routine inspection,,ECO-SERVICE-3,closed,False,False,False
DOP-0000394,AVL-ORR,DEV-AVLORR-1,2019-04-01T00:00:00,2019-04-30T23:59:59,100.0,78.3,routine inspection,,ECO-SERVICE-3,closed,False,False,False
DOP-0000395,AVL-ORR,DEV-AVLORR-1,2019-05-01T00:00:00,2019-05-31T23:59:59,96.9,77.1,routine inspection,,ECO-SERVICE-3,closed,False,False,False
DOP-0000396,AVL-ORR,DEV-AVLORR-1,2019-06-01T00:00:00,2019-06-30T23:59:59,94.8,78.4,routine inspection,,ECO-SERVICE-3,closed,False,False,False
DOP-0000397,AVL-ORR,DEV-AVLORR-1,2019-07-01T00:00:00,2019-07-31T23:59:59,89.3,79.9,routine inspection,,ECO-SERVICE-3,closed,False,False,False
DOP-0000398,AVL-ORR,DEV-AVLORR-1,2019-08-01T00:00:00,2019-08-31T23:59:59,96.6,74.2,routine inspection,,ECO-SERVICE-3,closed,False,False,False
DOP-0000399,AVL-ORR,DEV-AVLORR-1,2019-09-01T00:00:00,2019-09-30T23:59:59,89.3,74.4,routine inspection,,ECO-SERVICE-3,closed,False,False,False
DOP-0000400,AVL-ORR,DEV-AVLORR-1,2019-10-01T00:00:00,2019-10-31T23:59:59,83.8,90.4,routine inspection,,ECO-SERVICE-3,closed,False,False,False
DOP-0000401,AVL-ORR,DEV-AVLORR-1,2019-11-01T00:00:00,2019-11-30T23:59:59,97.2,79.2,routine inspection,,ECO-SERVICE-3,closed,False,False,False
DOP-0000402,AVL-ORR,DEV-AVLORR-1,2019-12-01T00:00:00,2019-12-31T23:59:59,86.1,88.1,routine inspection,,ECO-SERVICE-3,closed,False,False,False
DOP-0000403,AVL-ORR,DEV-AVLORR-1,2020-01-01T00:00:00,2020-01-31T23:59:59,94.0,86.4,routine inspection,,ECO-SERVICE-3,closed,False,False,False
DOP-0000404,AVL-ORR,DEV-AVLORR-1,2020-02-01T00:00:00,2020-02-29T23:59:59,95.5,83.4,routine inspection,,ECO-SERVICE-3,closed,False,False,False
DOP-0000405,AVL-ORR,DEV-AVLORR-1,2020-03-01T00:00:00,2020-03-31T23:59:59,94.8,87.8,routine inspection,,ECO-SERVICE-3,closed,False,False,False
DOP-0000406,AVL-ORR,DEV-AVLORR-1,2020-04-01T00:00:00,2020-04-30T23:59:59,96.6,80.3,routine inspection,,ECO-SERVICE-3,closed,False,False,False
DOP-0000407,AVL-ORR,DEV-AVLORR-1,2020-05-01T00:00:00,2020-05-31T23:59:59,95.2,73.7,routine inspection,,ECO-SERVICE-3,closed,False,False,False
DOP-0000408,AVL-ORR,DEV-AVLORR-1,2020-06-01T00:00:00,2020-06-30T23:59:59,90.8,89.3,routine inspection,,ECO-SERVICE-3,closed,False,False,False
DOP-0000409,AVL-ORR,DEV-AVLORR-1,2020-07-01T00:00:00,2020-07-31T23:59:59,96.7,82.2,routine inspection,,ECO-SERVICE-3,closed,False,False,False
DOP-0000410,AVL-ORR,DEV-AVLORR-1,2020-08-01T00:00:00,2020-08-31T23:59:59,98.1,80.3,routine inspection,,ECO-SERVICE-3,closed,False,False,False
DOP-0000411,AVL-ORR,DEV-AVLORR-1,2020-09-01T00:00:00,2020-09-30T23:59:59,91.7,72.8,routine inspection,,ECO-SERVICE-3,closed,False,False,False
DOP-0000412,AVL-ORR,DEV-AVLORR-1,2020-10-01T00:00:00,2020-10-31T23:59:59,89.7,74.1,routine inspection,,ECO-SERVICE-3,closed,False,False,False
DOP-0000413,AVL-ORR,DEV-AVLORR-1,2020-11-01T00:00:00,2020-11-30T23:59:59,88.6,85.1,routine inspection,,ECO-SERVICE-3,closed,False,False,False
DOP-0000414,AVL-ORR,DEV-AVLORR-1,2020-12-01T00:00:00,2020-12-31T23:59:59,97.7,86.3,routine inspection,,ECO-SERVICE-3,closed,False,False,False
DOP-0000415,AVL-ORR,DEV-AVLORR-1,2021-01-01T00:00:00,2021-01-31T23:59:59,93.6,77.6,routine inspection,,ECO-SERVICE-3,closed,False,False,False
DOP-0000416,AVL-ORR,DEV-AVLORR-1,2021-02-01T00:00:00,2021-02-28T23:59:59,90.1,79.8,routine inspection,,ECO-SERVICE-3,closed,False,False,False
DOP-0000417,AVL-ORR,DEV-AVLORR-1,2021-03-01T00:00:00,2021-03-31T23:59:59,73.4,65.2,corrective maintenance,STORAGE_LIMIT,ECO-SERVICE-3,closed,False,False,True
DOP-0000418,AVL-ORR,DEV-AVLORR-1,2021-04-01T00:00:00,2021-04-30T23:59:59,100.0,98.9,routine inspection,,ECO-SERVICE-3,closed,False,False,False
DOP-0000419,AVL-ORR,DEV-AVLORR-1,2021-05-01T00:00:00,2021-05-31T23:59:59,84.3,84.3,routine inspection,,ECO-SERVICE-3,closed,False,False,False
DOP-0000420,AVL-ORR,DEV-AVLORR-1,2021-06-01T00:00:00,2021-06-30T23:59:59,86.4,75.9,routine inspection,,ECO-SERVICE-3,closed,False,False,False
DOP-0000421,AVL-ORR,DEV-AVLORR-1,2021-07-01T00:00:00,2021-07-31T23:59:59,91.8,76.1,routine inspection,,ECO-SERVICE-3,closed,False,False,False
DOP-0000422,AVL-ORR,DEV-AVLORR-1,2021-08-01T00:00:00,2021-08-31T23:59:59,94.4,61.5,routine inspection,,ECO-SERVICE-3,closed,False,False,False
DOP-0000423,AVL-ORR,DEV-AVLORR-1,2021-09-01T00:00:00,2021-09-30T23:59:59,91.2,87.7,routine inspection,,ECO-SERVICE-3,closed,False,False,False
DOP-0000424,AVL-ORR,DEV-AVLORR-1,2021-10-01T00:00:00,2021-10-31T23:59:59,94.2,80.1,routine inspection,,ECO-SERVICE-3,closed,False,False,False
DOP-0000425,AVL-ORR,DEV-AVLORR-1,2021-11-01T00:00:00,2021-11-30T23:59:59,94.9,73.2,routine inspection,,ECO-SERVICE-3,closed,False,False,False
DOP-0000426,AVL-ORR,DEV-AVLORR-1,2021-12-01T00:00:00,2021-12-31T23:59:59,89.1,66.0,routine inspection,,ECO-SERVICE-3,closed,False,False,False
DOP-0000427,AVL-ORR,DEV-AVLORR-1,2022-01-01T00:00:00,2022-01-31T23:59:59,85.8,95.6,routine inspection,,ECO-SERVICE-3,closed,False,False,False
DOP-0000428,AVL-ORR,DEV-AVLORR-1,2022-02-01T00:00:00,2022-02-28T23:59:59,84.9,81.2,routine inspection,,ECO-SERVICE-3,closed,False,False,False
DOP-0000429,AVL-ORR,DEV-AVLORR-1,2022-03-01T00:00:00,2022-03-31T23:59:59,93.4,86.7,routine inspection,,ECO-SERVICE-3,closed,False,False,False
DOP-0000430,AVL-ORR,DEV-AVLORR-1,2022-04-01T00:00:00,2022-04-30T23:59:59,92.4,83.9,routine inspection,,ECO-SERVICE-3,closed,False,False,False
DOP-0000431,AVL-ORR,DEV-AVLORR-1,2022-05-01T00:00:00,2022-05-31T23:59:59,99.9,88.9,routine inspection,,ECO-SERVICE-3,closed,False,False,False
DOP-0000432,AVL-ORR,DEV-AVLORR-1,2022-06-01T00:00:00,2022-06-30T23:59:59,94.5,77.4,routine inspection,,ECO-SERVICE-3,closed,False,False,False
DOP-0000433,AVL-ORR,DEV-AVLORR-1,2022-07-01T00:00:00,2022-07-31T23:59:59,93.7,79.2,routine inspection,,ECO-SERVICE-3,closed,False,False,False
DOP-0000434,AVL-ORR,DEV-AVLORR-1,2022-08-01T00:00:00,2022-08-31T23:59:59,88.5,80.0,routine inspection,,ECO-SERVICE-3,closed,False,False,False
DOP-0000435,AVL-ORR,DEV-AVLORR-1,2022-09-01T00:00:00,2022-09-30T23:59:59,92.2,75.6,routine inspection,,ECO-SERVICE-3,closed,False,False,False
DOP-0000436,AVL-ORR,DEV-AVLORR-1,2022-10-01T00:00:00,2022-10-31T23:59:59,92.3,58.4,routine inspection,,ECO-SERVICE-3,closed,False,False,False
DOP-0000437,AVL-ORR,DEV-AVLORR-1,2022-11-01T00:00:00,2022-11-30T23:59:59,73.3,66.9,corrective maintenance,STORAGE_LIMIT,ECO-SERVICE-3,closed,False,False,True
DOP-0000438,AVL-ORR,DEV-AVLORR-1,2022-12-01T00:00:00,2022-12-31T23:59:59,86.2,74.5,routine inspection,,ECO-SERVICE-3,closed,False,False,False
DOP-0000439,AVL-ORR,DEV-AVLORR-1,2023-01-01T00:00:00,2023-01-31T23:59:59,90.6,71.3,routine inspection,,ECO-SERVICE-3,closed,False,False,False
DOP-0000440,AVL-ORR,DEV-AVLORR-1,2023-02-01T00:00:00,2023-02-28T23:59:59,93.6,84.6,routine inspection,,ECO-SERVICE-3,closed,False,False,False
DOP-0000441,AVL-ORR,DEV-AVLORR-1,2023-03-01T00:00:00,2023-03-31T23:59:59,91.6,85.9,routine inspection,,ECO-SERVICE-3,closed,False,False,False
DOP-0000442,AVL-ORR,DEV-AVLORR-1,2023-04-01T00:00:00,2023-04-30T23:59:59,94.1,81.7,routine inspection,,ECO-SERVICE-3,closed,False,False,False
DOP-0000443,AVL-ORR,DEV-AVLORR-1,2023-05-01T00:00:00,2023-05-31T23:59:59,91.4,85.5,routine inspection,,ECO-SERVICE-3,closed,False,False,False
DOP-0000444,AVL-ORR,DEV-AVLORR-1,2023-06-01T00:00:00,2023-06-30T23:59:59,93.9,65.6,routine inspection,,ECO-SERVICE-3,closed,False,False,False
DOP-0000445,AVL-ORR,DEV-AVLORR-1,2023-07-01T00:00:00,2023-07-31T23:59:59,95.6,81.0,routine inspection,,ECO-SERVICE-3,closed,False,False,False
DOP-0000446,AVL-ORR,DEV-AVLORR-1,2023-08-01T00:00:00,2023-08-31T23:59:59,95.9,74.1,routine inspection,,ECO-SERVICE-3,closed,False,False,False
DOP-0000447,AVL-ORR,DEV-AVLORR-1,2023-09-01T00:00:00,2023-09-30T23:59:59,100.0,77.7,routine inspection,,ECO-SERVICE-3,closed,False,False,False
DOP-0000448,AVL-ORR,DEV-AVLORR-1,2023-10-01T00:00:00,2023-10-31T23:59:59,90.9,88.2,routine inspection,,ECO-SERVICE-3,closed,False,False,False
DOP-0000449,AVL-ORR,DEV-AVLORR-1,2023-11-01T00:00:00,2023-11-30T23:59:59,100.0,75.7,routine inspection,,ECO-SERVICE-3,closed,False,False,False
DOP-0000450,AVL-ORR,DEV-AVLORR-1,2023-12-01T00:00:00,2023-12-31T23:59:59,94.4,81.9,routine inspection,,ECO-SERVICE-3,closed,False,False,False
DOP-0000451,AVL-ORR,DEV-AVLORR-1,2024-01-01T00:00:00,2024-01-31T23:59:59,92.6,83.5,routine inspection,,ECO-SERVICE-3,closed,False,False,False
DOP-0000452,AVL-ORR,DEV-AVLORR-1,2024-02-01T00:00:00,2024-02-29T23:59:59,93.0,88.8,routine inspection,,ECO-SERVICE-3,closed,False,False,False
DOP-0000453,AVL-ORR,DEV-AVLORR-1,2024-03-01T00:00:00,2024-03-31T23:59:59,96.3,87.3,routine inspection,,ECO-SERVICE-3,closed,False,False,False
DOP-0000454,AVL-ORR,DEV-AVLORR-1,2024-04-01T00:00:00,2024-04-30T23:59:59,93.9,76.3,routine inspection,,ECO-SERVICE-3,closed,False,False,False
DOP-0000455,AVL-ORR,DEV-AVLORR-1,2024-05-01T00:00:00,2024-05-31T23:59:59,94.3,85.1,routine inspection,,ECO-SERVICE-3,closed,False,False,False
DOP-0000456,AVL-ORR,DEV-AVLORR-1,2024-06-01T00:00:00,2024-06-30T23:59:59,93.8,83.0,routine inspection,,ECO-SERVICE-3,closed,False,False,False
DOP-0000457,AVL-ORR,DEV-AVLORR-1,2024-07-01T00:00:00,2024-07-31T23:59:59,100.0,81.0,routine inspection,,ECO-SERVICE-3,closed,False,False,False
DOP-0000458,AVL-ORR,DEV-AVLORR-1,2024-08-01T00:00:00,2024-08-31T23:59:59,92.9,76.0,routine inspection,,ECO-SERVICE-3,closed,False,False,False
DOP-0000459,AVL-ORR,DEV-AVLORR-1,2024-09-01T00:00:00,2024-09-30T23:59:59,90.1,72.6,routine inspection,,ECO-SERVICE-3,closed,False,False,False
DOP-0000460,AVL-ORR,DEV-AVLORR-1,2024-10-01T00:00:00,2024-10-31T23:59:59,99.5,77.3,routine inspection,,ECO-SERVICE-3,closed,False,False,False
DOP-0000461,AVL-ORR,DEV-AVLORR-1,2024-11-01T00:00:00,2024-11-30T23:59:59,97.3,65.5,routine inspection,,ECO-SERVICE-3,closed,False,False,False
DOP-0000462,AVL-ORR,DEV-AVLORR-1,2024-12-01T00:00:00,2024-12-31T23:59:59,87.9,76.9,routine inspection,,ECO-SERVICE-3,closed,False,False,False
DOP-0000463,AVL-ORR,DEV-AVLORR-1,2025-01-01T00:00:00,2025-01-31T23:59:59,92.6,93.6,routine inspection,,ECO-SERVICE-3,closed,False,False,False
DOP-0000464,AVL-ORR,DEV-AVLORR-1,2025-02-01T00:00:00,2025-02-28T23:59:59,99.8,70.1,routine inspection,,ECO-SERVICE-3,closed,False,False,False
DOP-0000465,AVL-ORR,DEV-AVLORR-1,2025-03-01T00:00:00,2025-03-31T23:59:59,86.9,87.5,routine inspection,,ECO-SERVICE-3,closed,False,False,False
DOP-0000466,AVL-ORR,DEV-AVLORR-1,2025-04-01T00:00:00,2025-04-30T23:59:59,94.5,82.2,routine inspection,,ECO-SERVICE-3,closed,False,False,False
DOP-0000467,AVL-ORR,DEV-AVLORR-1,2025-05-01T00:00:00,2025-05-31T23:59:59,88.5,89.1,routine inspection,,ECO-SERVICE-3,closed,False,False,False
DOP-0000468,AVL-ORR,DEV-AVLORR-1,2025-06-01T00:00:00,2025-06-30T23:59:59,96.9,66.7,routine inspection,,ECO-SERVICE-3,closed,False,False,False
DOP-0000469,TMB-NAC,DEV-TMBNAC-2,2019-01-01T00:00:00,2019-01-31T23:59:59,92.6,77.1,routine inspection,,ECO-SERVICE-4,closed,False,False,False
DOP-0000470,TMB-NAC,DEV-TMBNAC-2,2019-02-01T00:00:00,2019-02-28T23:59:59,92.3,82.4,routine inspection,,ECO-SERVICE-4,closed,False,False,False
DOP-0000471,TMB-NAC,DEV-TMBNAC-2,2019-03-01T00:00:00,2019-03-31T23:59:59,91.0,80.8,routine inspection,,ECO-SERVICE-4,closed,False,False,False
DOP-0000472,TMB-NAC,DEV-TMBNAC-2,2019-04-01T00:00:00,2019-04-30T23:59:59,89.5,85.3,routine inspection,,ECO-SERVICE-4,Closed,False,False,False
DOP-0000473,TMB-NAC,DEV-TMBNAC-2,2019-05-01T00:00:00,2019-05-31T23:59:59,86.7,75.8,routine inspection,,ECO-SERVICE-4,closed,False,False,False
DOP-0000474,TMB-NAC,DEV-TMBNAC-2,2019-06-01T00:00:00,2019-06-30T23:59:59,93.1,96.0,routine inspection,,ECO-SERVICE-4,closed,False,False,False
DOP-0000475,TMB-NAC,DEV-TMBNAC-2,2019-07-01T00:00:00,2019-07-31T23:59:59,91.0,92.9,routine inspection,,ECO-SERVICE-4,closed,False,False,False
DOP-0000476,TMB-NAC,DEV-TMBNAC-2,2019-08-01T00:00:00,2019-08-31T23:59:59,100.0,89.9,routine inspection,,ECO-SERVICE-4,closed,False,False,False
DOP-0000477,TMB-NAC,DEV-TMBNAC-2,2019-09-01T00:00:00,2019-09-30T23:59:59,90.8,86.1,routine inspection,,ECO-SERVICE-4,closed,False,False,False
DOP-0000478,TMB-NAC,DEV-TMBNAC-2,2019-10-01T00:00:00,2019-10-31T23:59:59,93.7,83.2,routine inspection,,ECO-SERVICE-4,closed,False,False,False
DOP-0000479,TMB-NAC,DEV-TMBNAC-2,2019-11-01T00:00:00,2019-11-30T23:59:59,100.0,69.2,routine inspection,,ECO-SERVICE-4,closed,False,False,False
DOP-0000480,TMB-NAC,DEV-TMBNAC-2,2019-12-01T00:00:00,2019-12-31T23:59:59,99.2,92.8,routine inspection,,ECO-SERVICE-4,closed,False,False,False
DOP-0000481,TMB-NAC,DEV-TMBNAC-2,2020-01-01T00:00:00,2020-01-31T23:59:59,100.0,77.6,routine inspection,,ECO-SERVICE-4,closed,False,False,False
DOP-0000482,TMB-NAC,DEV-TMBNAC-2,2020-02-01T00:00:00,2020-02-29T23:59:59,96.6,71.4,routine inspection,,ECO-SERVICE-4,closed,False,False,False
DOP-0000483,TMB-NAC,DEV-TMBNAC-2,2020-03-01T00:00:00,2020-03-31T23:59:59,96.9,66.9,routine inspection,,ECO-SERVICE-4,closed,False,False,False
DOP-0000484,TMB-NAC,DEV-TMBNAC-2,2020-04-01T00:00:00,2020-04-30T23:59:59,95.7,87.0,routine inspection,,ECO-SERVICE-4,closed,False,False,False
DOP-0000485,TMB-NAC,DEV-TMBNAC-2,2020-05-01T00:00:00,2020-05-31T23:59:59,100.0,90.2,routine inspection,,ECO-SERVICE-4,closed,False,False,False
DOP-0000486,TMB-NAC,DEV-TMBNAC-2,2020-06-01T00:00:00,2020-06-30T23:59:59,95.2,81.2,routine inspection,,ECO-SERVICE-4,closed,False,False,False
DOP-0000487,TMB-NAC,DEV-TMBNAC-2,2020-07-01T00:00:00,2020-07-31T23:59:59,91.8,92.3,routine inspection,,ECO-SERVICE-4,closed,False,False,False
DOP-0000488,TMB-NAC,DEV-TMBNAC-2,2020-08-01T00:00:00,2020-08-31T23:59:59,99.8,82.5,routine inspection,,ECO-SERVICE-4,closed,False,False,False
DOP-0000489,TMB-NAC,DEV-TMBNAC-2,2020-09-01T00:00:00,2020-09-30T23:59:59,85.9,82.9,routine inspection,,ECO-SERVICE-4,closed,False,False,False
DOP-0000490,TMB-NAC,DEV-TMBNAC-2,2020-10-01T00:00:00,2020-10-31T23:59:59,80.7,80.1,routine inspection,,ECO-SERVICE-4,closed,False,False,False
DOP-0000491,TMB-NAC,DEV-TMBNAC-2,2020-11-01T00:00:00,2020-11-30T23:59:59,95.3,80.9,routine inspection,,ECO-SERVICE-4,closed,False,False,False
DOP-0000492,TMB-NAC,DEV-TMBNAC-2,2020-12-01T00:00:00,2020-12-31T23:59:59,89.2,70.4,routine inspection,,ECO-SERVICE-4,closed,False,False,False
DOP-0000493,TMB-NAC,DEV-TMBNAC-2,2021-01-01T00:00:00,2021-01-31T23:59:59,96.7,77.3,routine inspection,,ECO-SERVICE-4,closed,False,False,False
DOP-0000494,TMB-NAC,DEV-TMBNAC-2,2021-02-01T00:00:00,2021-02-28T23:59:59,93.2,66.1,routine inspection,,ECO-SERVICE-4,closed,False,False,False
DOP-0000495,TMB-NAC,DEV-TMBNAC-2,2021-03-01T00:00:00,2021-03-31T23:59:59,90.9,77.0,routine inspection,,ECO-SERVICE-4,closed,False,False,False
DOP-0000496,TMB-NAC,DEV-TMBNAC-2,2021-04-01T00:00:00,2021-04-30T23:59:59,90.1,69.7,routine inspection,,ECO-SERVICE-4,closed,False,False,False
DOP-0000497,TMB-NAC,DEV-TMBNAC-2,2021-05-01T00:00:00,2021-05-31T23:59:59,96.1,88.7,routine inspection,,ECO-SERVICE-4,closed,False,False,False
DOP-0000498,TMB-NAC,DEV-TMBNAC-2,2021-06-01T00:00:00,2021-06-30T23:59:59,93.9,74.3,routine inspection,,ECO-SERVICE-4,closed,False,False,False
DOP-0000499,TMB-NAC,DEV-TMBNAC-2,2021-07-01T00:00:00,2021-07-31T23:59:59,90.6,100.0,routine inspection,,ECO-SERVICE-4,closed,False,False,False
DOP-0000500,TMB-NAC,DEV-TMBNAC-2,2021-08-01T00:00:00,2021-08-31T23:59:59,96.2,75.2,routine inspection,,ECO-SERVICE-4,closed,False,False,False
DOP-0000501,TMB-NAC,DEV-TMBNAC-2,2021-09-01T00:00:00,2021-09-30T23:59:59,98.7,72.9,routine inspection,,ECO-SERVICE-4,closed,False,False,False
DOP-0000502,TMB-NAC,DEV-TMBNAC-2,2021-10-01T00:00:00,2021-10-31T23:59:59,98.6,67.8,routine inspection,,ECO-SERVICE-4,closed,False,False,False
DOP-0000503,TMB-NAC,DEV-TMBNAC-2,2021-11-01T00:00:00,2021-11-30T23:59:59,96.9,81.2,routine inspection,,ECO-SERVICE-4,closed,False,False,False
DOP-0000504,TMB-NAC,DEV-TMBNAC-2,2021-12-01T00:00:00,2021-12-31T23:59:59,100.0,82.3,routine inspection,,ECO-SERVICE-4,closed,False,False,False
DOP-0000505,TMB-NAC,DEV-TMBNAC-2,2022-01-01T00:00:00,2022-01-31T23:59:59,71.7,75.7,corrective maintenance,MICROPHONE_DRIFT,ECO-SERVICE-4,closed,True,False,False
DOP-0000506,TMB-NAC,DEV-TMBNAC-2,2022-02-01T00:00:00,2022-02-28T23:59:59,91.1,71.8,routine inspection,,ECO-SERVICE-4,closed,False,False,False
DOP-0000507,TMB-NAC,DEV-TMBNAC-2,2022-03-01T00:00:00,2022-03-31T23:59:59,94.1,60.3,routine inspection,,ECO-SERVICE-4,closed,False,False,False
DOP-0000508,TMB-NAC,DEV-TMBNAC-2,2022-04-01T00:00:00,2022-04-30T23:59:59,93.5,75.5,routine inspection,,ECO-SERVICE-4,closed,False,False,False
DOP-0000509,TMB-NAC,DEV-TMBNAC-2,2022-05-01T00:00:00,2022-05-31T23:59:59,100.0,88.3,routine inspection,,ECO-SERVICE-4,closed,False,False,False
DOP-0000510,TMB-NAC,DEV-TMBNAC-2,2022-06-01T00:00:00,2022-06-30T23:59:59,93.4,73.7,routine inspection,,ECO-SERVICE-4,closed,False,False,False
DOP-0000511,TMB-NAC,DEV-TMBNAC-2,2022-07-01T00:00:00,2022-07-31T23:59:59,90.5,84.1,routine inspection,,ECO-SERVICE-4,closed,False,False,False
DOP-0000512,TMB-NAC,DEV-TMBNAC-2,2022-08-01T00:00:00,2022-08-31T23:59:59,96.1,77.9,routine inspection,,ECO-SERVICE-4,closed,False,False,False
DOP-0000513,TMB-NAC,DEV-TMBNAC-2,2022-09-01T00:00:00,2022-09-30T23:59:59,93.7,79.4,routine inspection,,ECO-SERVICE-4,closed,False,False,False
DOP-0000514,TMB-NAC,DEV-TMBNAC-2,2022-10-01T00:00:00,2022-10-31T23:59:59,100.0,85.1,routine inspection,,ECO-SERVICE-4,closed,False,False,False
DOP-0000515,TMB-NAC,DEV-TMBNAC-2,2022-11-01T00:00:00,2022-11-30T23:59:59,98.6,76.4,routine inspection,,ECO-SERVICE-4,closed,False,False,False
DOP-0000516,TMB-NAC,DEV-TMBNAC-2,2022-12-01T00:00:00,2022-12-31T23:59:59,100.0,69.5,routine inspection,,ECO-SERVICE-4,closed,False,False,False
DOP-0000517,TMB-NAC,DEV-TMBNAC-2,2023-01-01T00:00:00,2023-01-31T23:59:59,91.1,66.4,routine inspection,,ECO-SERVICE-4,closed,False,False,False
DOP-0000518,TMB-NAC,DEV-TMBNAC-2,2023-02-01T00:00:00,2023-02-28T23:59:59,89.8,75.0,routine inspection,,ECO-SERVICE-4,closed,False,False,False
DOP-0000519,TMB-NAC,DEV-TMBNAC-2,2023-03-01T00:00:00,2023-03-31T23:59:59,96.1,77.4,routine inspection,,ECO-SERVICE-4,closed,False,False,False
DOP-0000520,TMB-NAC,DEV-TMBNAC-2,2023-04-01T00:00:00,2023-04-30T23:59:59,84.0,47.9,corrective maintenance,MICROPHONE_DRIFT,ECO-SERVICE-4,closed,True,False,False
DOP-0000521,TMB-NAC,DEV-TMBNAC-2,2023-05-01T00:00:00,2023-05-31T23:59:59,96.8,76.9,routine inspection,,ECO-SERVICE-4,closed,False,False,False
DOP-0000522,TMB-NAC,DEV-TMBNAC-2,2023-06-01T00:00:00,2023-06-30T23:59:59,97.6,85.4,routine inspection,,ECO-SERVICE-4,closed,False,False,False
DOP-0000523,TMB-NAC,DEV-TMBNAC-2,2023-07-01T00:00:00,2023-07-31T23:59:59,97.1,76.0,routine inspection,,ECO-SERVICE-4,closed,False,False,False
DOP-0000524,TMB-NAC,DEV-TMBNAC-2,2023-08-01T00:00:00,2023-08-31T23:59:59,84.6,97.8,routine inspection,,ECO-SERVICE-4,closed,False,False,False
DOP-0000525,TMB-NAC,DEV-TMBNAC-2,2023-09-01T00:00:00,2023-09-30T23:59:59,91.6,77.8,routine inspection,,ECO-SERVICE-4,closed,False,False,False
DOP-0000526,TMB-NAC,DEV-TMBNAC-2,2023-10-01T00:00:00,2023-10-31T23:59:59,90.4,82.6,routine inspection,,ECO-SERVICE-4,closed,False,False,False
DOP-0000527,TMB-NAC,DEV-TMBNAC-2,2023-11-01T00:00:00,2023-11-30T23:59:59,93.6,78.9,routine inspection,,ECO-SERVICE-4,closed,False,False,False
DOP-0000528,TMB-NAC,DEV-TMBNAC-2,2023-12-01T00:00:00,2023-12-31T23:59:59,86.2,83.3,routine inspection,,ECO-SERVICE-4,closed,False,False,False
DOP-0000529,TMB-NAC,DEV-TMBNAC-2,2024-01-01T00:00:00,2024-01-31T23:59:59,87.9,81.7,routine inspection,,ECO-SERVICE-4,closed,False,False,False
DOP-0000530,TMB-NAC,DEV-TMBNAC-2,2024-02-01T00:00:00,2024-02-29T23:59:59,99.9,78.5,routine inspection,,ECO-SERVICE-4,closed,False,False,False
DOP-0000531,TMB-NAC,DEV-TMBNAC-2,2024-03-01T00:00:00,2024-03-31T23:59:59,91.2,63.5,routine inspection,,ECO-SERVICE-4,closed,False,False,False
DOP-0000532,TMB-NAC,DEV-TMBNAC-2,2024-04-01T00:00:00,2024-04-30T23:59:59,92.0,72.7,routine inspection,,ECO-SERVICE-4,closed,False,False,False
DOP-0000533,TMB-NAC,DEV-TMBNAC-2,2024-05-01T00:00:00,2024-05-31T23:59:59,93.3,67.2,routine inspection,,ECO-SERVICE-4,closed,False,False,False
DOP-0000534,TMB-NAC,DEV-TMBNAC-2,2024-06-01T00:00:00,2024-06-30T23:59:59,88.1,95.2,routine inspection,,ECO-SERVICE-4,closed,False,False,False
DOP-0000535,TMB-NAC,DEV-TMBNAC-2,2024-07-01T00:00:00,2024-07-31T23:59:59,91.4,78.2,routine inspection,,ECO-SERVICE-4,closed,False,False,False
DOP-0000536,TMB-NAC,DEV-TMBNAC-2,2024-08-01T00:00:00,2024-08-31T23:59:59,87.4,84.1,routine inspection,,ECO-SERVICE-4,closed,False,False,False
DOP-0000537,TMB-NAC,DEV-TMBNAC-2,2024-09-01T00:00:00,2024-09-30T23:59:59,93.6,69.8,routine inspection,,ECO-SERVICE-4,closed,False,False,False
DOP-0000538,TMB-NAC,DEV-TMBNAC-2,2024-10-01T00:00:00,2024-10-31T23:59:59,100.0,82.0,routine inspection,,ECO-SERVICE-4,closed,False,False,False
DOP-0000539,TMB-NAC,DEV-TMBNAC-2,2024-11-01T00:00:00,2024-11-30T23:59:59,96.6,74.0,routine inspection,,ECO-SERVICE-4,closed,False,False,False
DOP-0000540,TMB-NAC,DEV-TMBNAC-2,2024-12-01T00:00:00,2024-12-31T23:59:59,96.0,80.3,routine inspection,,ECO-SERVICE-4,closed,False,False,False
DOP-0000541,TMB-NAC,DEV-TMBNAC-2,2025-01-01T00:00:00,2025-01-31T23:59:59,68.4,67.6,corrective maintenance,MICROPHONE_DRIFT,ECO-SERVICE-4,closed,True,False,False
DOP-0000542,TMB-NAC,DEV-TMBNAC-2,2025-02-01T00:00:00,2025-02-28T23:59:59,94.3,70.5,routine inspection,,ECO-SERVICE-4,closed,False,False,False
DOP-0000543,TMB-NAC,DEV-TMBNAC-2,2025-03-01T00:00:00,2025-03-31T23:59:59,100.0,83.8,routine inspection,,ECO-SERVICE-4,closed,False,False,False
DOP-0000544,TMB-NAC,DEV-TMBNAC-2,2025-04-01T00:00:00,2025-04-30T23:59:59,94.3,82.7,routine inspection,,ECO-SERVICE-4,closed,False,False,False
DOP-0000545,TMB-NAC,DEV-TMBNAC-2,2025-05-01T00:00:00,2025-05-31T23:59:59,92.2,69.1,routine inspection,,ECO-SERVICE-4,closed,False,False,False
DOP-0000546,TMB-NAC,DEV-TMBNAC-2,2025-06-01T00:00:00,2025-06-30T23:59:59,96.3,79.1,routine inspection,,ECO-SERVICE-4,closed,False,False,False
DOP-0000547,TMB-PEL,DEV-TMBPEL-3,2019-01-01T00:00:00,2019-01-31T23:59:59,95.1,62.2,routine inspection,,ECO-SERVICE-1,closed,False,False,False
DOP-0000548,TMB-PEL,DEV-TMBPEL-3,2019-02-01T00:00:00,2019-02-28T23:59:59,94.0,77.4,routine inspection,,ECO-SERVICE-1,closed,False,False,False
DOP-0000549,TMB-PEL,DEV-TMBPEL-3,2019-03-01T00:00:00,2019-03-31T23:59:59,76.9,75.3,corrective maintenance,STORAGE_LIMIT,ECO-SERVICE-1,closed,False,False,True
DOP-0000550,TMB-PEL,DEV-TMBPEL-3,2019-04-01T00:00:00,2019-04-30T23:59:59,100.0,59.9,routine inspection,,ECO-SERVICE-1,closed,False,False,False
DOP-0000551,TMB-PEL,DEV-TMBPEL-3,2019-05-01T00:00:00,2019-05-31T23:59:59,87.1,75.6,routine inspection,,ECO-SERVICE-1,closed,False,False,False
DOP-0000552,TMB-PEL,DEV-TMBPEL-3,2019-06-01T00:00:00,2019-06-30T23:59:59,94.0,86.1,routine inspection,,ECO-SERVICE-1,closed,False,False,False
DOP-0000553,TMB-PEL,DEV-TMBPEL-3,2019-07-01T00:00:00,2019-07-31T23:59:59,94.6,92.3,routine inspection,,ECO-SERVICE-1,closed,False,False,False
DOP-0000554,TMB-PEL,DEV-TMBPEL-3,2019-08-01T00:00:00,2019-08-31T23:59:59,96.6,69.8,routine inspection,,ECO-SERVICE-1,closed,False,False,False
DOP-0000555,TMB-PEL,DEV-TMBPEL-3,2019-09-01T00:00:00,2019-09-30T23:59:59,89.8,63.2,ROUTINE INSPECTION,,ECO-SERVICE-1,closed,False,False,False
DOP-0000556,TMB-PEL,DEV-TMBPEL-3,2019-10-01T00:00:00,2019-10-31T23:59:59,98.7,79.3,routine inspection,,ECO-SERVICE-1,closed,False,False,False
DOP-0000557,TMB-PEL,DEV-TMBPEL-3,2019-11-01T00:00:00,2019-11-30T23:59:59,94.7,82.1,routine inspection,,ECO-SERVICE-1,closed,False,False,False
DOP-0000558,TMB-PEL,DEV-TMBPEL-3,2019-12-01T00:00:00,2019-12-31T23:59:59,90.8,88.9,routine inspection,,ECO-SERVICE-1,closed,False,False,False
DOP-0000559,TMB-PEL,DEV-TMBPEL-3,2020-01-01T00:00:00,2020-01-31T23:59:59,91.9,88.5,routine inspection,,ECO-SERVICE-1,closed,False,False,False
DOP-0000560,TMB-PEL,DEV-TMBPEL-3,2020-02-01T00:00:00,2020-02-29T23:59:59,95.5,67.1,routine inspection,,ECO-SERVICE-1,closed,False,False,False
DOP-0000561,TMB-PEL,DEV-TMBPEL-3,2020-03-01T00:00:00,2020-03-31T23:59:59,99.4,70.4,routine inspection,,ECO-SERVICE-1,closed,False,False,False
DOP-0000562,TMB-PEL,DEV-TMBPEL-3,2020-04-01T00:00:00,2020-04-30T23:59:59,100.0,74.2,routine inspection,,ECO-SERVICE-1,closed,False,False,False
DOP-0000563,TMB-PEL,DEV-TMBPEL-3,2020-05-01T00:00:00,2020-05-31T23:59:59,90.6,76.1,routine inspection,,ECO-SERVICE-1,closed,False,False,False
DOP-0000564,TMB-PEL,DEV-TMBPEL-3,2020-06-01T00:00:00,2020-06-30T23:59:59,86.6,91.4,routine inspection,,ECO-SERVICE-1,closed,False,False,False
DOP-0000565,TMB-PEL,DEV-TMBPEL-3,2020-07-01T00:00:00,2020-07-31T23:59:59,100.0,90.9,routine inspection,,ECO-SERVICE-1,closed,False,False,False
DOP-0000566,TMB-PEL,DEV-TMBPEL-3,2020-08-01T00:00:00,2020-08-31T23:59:59,92.3,87.1,routine inspection,,ECO-SERVICE-1,closed,False,False,False
DOP-0000567,TMB-PEL,DEV-TMBPEL-3,2020-09-01T00:00:00,2020-09-30T23:59:59,84.7,78.4,routine inspection,,ECO-SERVICE-1,closed,False,False,False
DOP-0000568,TMB-PEL,DEV-TMBPEL-3,2020-10-01T00:00:00,2020-10-31T23:59:59,92.4,89.5,routine inspection,,ECO-SERVICE-1,closed,False,False,False
DOP-0000569,TMB-PEL,DEV-TMBPEL-3,2020-11-01T00:00:00,2020-11-30T23:59:59,95.4,79.2,routine inspection,,ECO-SERVICE-1,closed,False,False,False
DOP-0000570,TMB-PEL,DEV-TMBPEL-3,2020-12-01T00:00:00,2020-12-31T23:59:59,89.6,71.0,routine inspection,,ECO-SERVICE-1,closed,False,False,False
DOP-0000571,TMB-PEL,DEV-TMBPEL-3,2021-01-01T00:00:00,2021-01-31T23:59:59,93.3,88.8,routine inspection,,ECO-SERVICE-1,closed,False,False,False
DOP-0000572,TMB-PEL,DEV-TMBPEL-3,2021-02-01T00:00:00,2021-02-28T23:59:59,85.7,77.4,routine inspection,,ECO-SERVICE-1,closed,False,False,False
DOP-0000573,TMB-PEL,DEV-TMBPEL-3,2021-03-01T00:00:00,2021-03-31T23:59:59,97.9,82.9,routine inspection,,ECO-SERVICE-1,closed,False,False,False
DOP-0000574,TMB-PEL,DEV-TMBPEL-3,2021-04-01T00:00:00,2021-04-30T23:59:59,96.3,79.8,routine inspection,,ECO-SERVICE-1,closed,False,False,False
DOP-0000575,TMB-PEL,DEV-TMBPEL-3,2021-05-01T00:00:00,2021-05-31T23:59:59,97.7,81.1,routine inspection,,ECO-SERVICE-1,closed,False,False,False
DOP-0000576,TMB-PEL,DEV-TMBPEL-3,2021-06-01T00:00:00,2021-06-30T23:59:59,100.0,88.4,routine inspection,,ECO-SERVICE-1,closed,False,False,False
DOP-0000577,TMB-PEL,DEV-TMBPEL-3,2021-07-01T00:00:00,2021-07-31T23:59:59,90.3,78.3,routine inspection,,ECO-SERVICE-1,closed,False,False,False
DOP-0000578,TMB-PEL,DEV-TMBPEL-3,2021-08-01T00:00:00,2021-08-31T23:59:59,71.4,56.5,corrective maintenance,POWER_INTERRUPTION,ECO-SERVICE-1,closed,False,True,False
DOP-0000579,TMB-PEL,DEV-TMBPEL-3,2021-09-01T00:00:00,2021-09-30T23:59:59,98.1,82.0,routine inspection,,ECO-SERVICE-1,closed,False,False,False
DOP-0000580,TMB-PEL,DEV-TMBPEL-3,2021-10-01T00:00:00,2021-10-31T23:59:59,98.1,77.6,routine inspection,,ECO-SERVICE-1,closed,False,False,False
DOP-0000581,TMB-PEL,DEV-TMBPEL-3,2021-11-01T00:00:00,2021-11-30T23:59:59,88.0,71.8,routine inspection,,ECO-SERVICE-1,closed,False,False,False
DOP-0000582,TMB-PEL,DEV-TMBPEL-3,2021-12-01T00:00:00,2021-12-31T23:59:59,100.0,79.1,routine inspection,,ECO-SERVICE-1,closed,False,False,False
DOP-0000583,TMB-PEL,DEV-TMBPEL-3,2022-01-01T00:00:00,2022-01-31T23:59:59,88.5,72.3,routine inspection,,ECO-SERVICE-1,closed,False,False,False
DOP-0000584,TMB-PEL,DEV-TMBPEL-3,2022-02-01T00:00:00,2022-02-28T23:59:59,100.0,74.7,routine inspection,,ECO-SERVICE-1,closed,False,False,False
DOP-0000585,TMB-PEL,DEV-TMBPEL-3,2022-03-01T00:00:00,2022-03-31T23:59:59,96.3,67.6,routine inspection,,ECO-SERVICE-1,closed,False,False,False
DOP-0000586,TMB-PEL,DEV-TMBPEL-3,2022-04-01T00:00:00,2022-04-30T23:59:59,98.4,89.2,routine inspection,,ECO-SERVICE-1,closed,False,False,False
DOP-0000587,TMB-PEL,DEV-TMBPEL-3,2022-05-01T00:00:00,2022-05-31T23:59:59,90.2,79.5,routine inspection,,ECO-SERVICE-1,closed,False,False,False
DOP-0000588,TMB-PEL,DEV-TMBPEL-3,2022-06-01T00:00:00,2022-06-30T23:59:59,96.1,81.9,routine inspection,,ECO-SERVICE-1,closed,False,False,False
DOP-0000589,TMB-PEL,DEV-TMBPEL-3,2022-07-01T00:00:00,2022-07-31T23:59:59,97.6,86.0,routine inspection,,ECO-SERVICE-1,closed,False,False,False
DOP-0000590,TMB-PEL,DEV-TMBPEL-3,2022-08-01T00:00:00,2022-08-31T23:59:59,100.0,85.3,routine inspection,,ECO-SERVICE-1,closed,False,False,False
DOP-0000591,TMB-PEL,DEV-TMBPEL-3,2022-09-01T00:00:00,2022-09-30T23:59:59,95.0,83.3,routine inspection,,ECO-SERVICE-1,closed,False,False,False
DOP-0000592,TMB-PEL,DEV-TMBPEL-3,2022-10-01T00:00:00,2022-10-31T23:59:59,87.1,77.6,routine inspection,,ECO-SERVICE-1,closed,False,False,False
DOP-0000593,TMB-PEL,DEV-TMBPEL-3,2022-11-01T00:00:00,2022-11-30T23:59:59,84.8,94.7,routine inspection,,ECO-SERVICE-1,closed,False,False,False
DOP-0000594,TMB-PEL,DEV-TMBPEL-3,2022-12-01T00:00:00,2022-12-31T23:59:59,100.0,83.3,routine inspection,,ECO-SERVICE-1,closed,False,False,False
DOP-0000595,TMB-PEL,DEV-TMBPEL-3,2023-01-01T00:00:00,2023-01-31T23:59:59,94.5,72.5,routine inspection,,ECO-SERVICE-1,closed,False,False,False
DOP-0000596,TMB-PEL,DEV-TMBPEL-3,2023-02-01T00:00:00,2023-02-28T23:59:59,93.1,89.4,routine inspection,,ECO-SERVICE-1,closed,False,False,False
DOP-0000597,TMB-PEL,DEV-TMBPEL-3,2023-03-01T00:00:00,2023-03-31T23:59:59,97.8,85.2,routine inspection,,ECO-SERVICE-1,closed,False,False,False
DOP-0000598,TMB-PEL,DEV-TMBPEL-3,2023-04-01T00:00:00,2023-04-30T23:59:59,99.9,87.1,routine inspection,,ECO-SERVICE-1,closed,False,False,False
DOP-0000599,TMB-PEL,DEV-TMBPEL-3,2023-05-01T00:00:00,2023-05-31T23:59:59,81.5,80.9,routine inspection,,ECO-SERVICE-1,closed,False,False,False
DOP-0000600,TMB-PEL,DEV-TMBPEL-3,2023-06-01T00:00:00,2023-06-30T23:59:59,85.7,86.1,routine inspection,,ECO-SERVICE-1,closed,False,False,False
DOP-0000601,TMB-PEL,DEV-TMBPEL-3,2023-07-01T00:00:00,2023-07-31T23:59:59,100.0,86.5,routine inspection,,ECO-SERVICE-1,closed,False,False,False
DOP-0000602,TMB-PEL,DEV-TMBPEL-3,2023-08-01T00:00:00,2023-08-31T23:59:59,98.4,90.1,routine inspection,,ECO-SERVICE-1,closed,False,False,False
DOP-0000603,TMB-PEL,DEV-TMBPEL-3,2023-09-01T00:00:00,2023-09-30T23:59:59,72.8,52.4,corrective maintenance,STORAGE_LIMIT,ECO-SERVICE-1,closed,False,False,True
DOP-0000604,TMB-PEL,DEV-TMBPEL-3,2023-10-01T00:00:00,2023-10-31T23:59:59,55.1,75.8,corrective maintenance,MICROPHONE_DRIFT,ECO-SERVICE-1,closed,True,False,False
DOP-0000605,TMB-PEL,DEV-TMBPEL-3,2023-11-01T00:00:00,2023-11-30T23:59:59,96.4,65.1,routine inspection,,ECO-SERVICE-1,closed,False,False,False
DOP-0000606,TMB-PEL,DEV-TMBPEL-3,2023-12-01T00:00:00,2023-12-31T23:59:59,94.3,81.9,routine inspection,,ECO-SERVICE-1,closed,False,False,False
DOP-0000607,TMB-PEL,DEV-TMBPEL-3,2024-01-01T00:00:00,2024-01-31T23:59:59,89.9,69.5,routine inspection,,ECO-SERVICE-1,closed,False,False,False
DOP-0000608,TMB-PEL,DEV-TMBPEL-3,2024-02-01T00:00:00,2024-02-29T23:59:59,95.4,68.7,routine inspection,,ECO-SERVICE-1,closed,False,False,False
DOP-0000609,TMB-PEL,DEV-TMBPEL-3,2024-03-01T00:00:00,2024-03-31T23:59:59,98.6,68.7,routine inspection,,ECO-SERVICE-1,closed,False,False,False
DOP-0000610,TMB-PEL,DEV-TMBPEL-3,2024-04-01T00:00:00,2024-04-30T23:59:59,89.6,81.2,routine inspection,,ECO-SERVICE-1,closed,False,False,False
DOP-0000611,TMB-PEL,DEV-TMBPEL-3,2024-05-01T00:00:00,2024-05-31T23:59:59,100.0,76.4,routine inspection,,ECO-SERVICE-1,closed,False,False,False
DOP-0000612,TMB-PEL,DEV-TMBPEL-3,2024-06-01T00:00:00,2024-06-30T23:59:59,92.0,83.0,routine inspection,,ECO-SERVICE-1,closed,False,False,False
DOP-0000613,TMB-PEL,DEV-TMBPEL-3,2024-07-01T00:00:00,2024-07-31T23:59:59,96.3,66.5,routine inspection,,ECO-SERVICE-1,closed,False,False,False
DOP-0000614,TMB-PEL,DEV-TMBPEL-3,2024-08-01T00:00:00,2024-08-31T23:59:59,91.2,86.1,routine inspection,,ECO-SERVICE-1,closed,False,False,False
DOP-0000615,TMB-PEL,DEV-TMBPEL-3,2024-09-01T00:00:00,30-Sep-2024 23:59:59,96.5,71.7,routine inspection,,ECO-SERVICE-1,closed,False,False,False
DOP-0000616,TMB-PEL,DEV-TMBPEL-3,2024-10-01T00:00:00,2024-10-31T23:59:59,99.0,66.8,routine inspection,,ECO-SERVICE-1,closed,False,False,False
DOP-0000617,TMB-PEL,DEV-TMBPEL-3,2024-11-01T00:00:00,2024-11-30T23:59:59,95.1,74.4,routine inspection,,ECO-SERVICE-1,closed,False,False,False
DOP-0000618,TMB-PEL,DEV-TMBPEL-3,2024-12-01T00:00:00,2024-12-31T23:59:59,85.2,74.2,routine inspection,,ECO-SERVICE-1,closed,False,False,False
DOP-0000619,TMB-PEL,DEV-TMBPEL-3,2025-01-01T00:00:00,2025-01-31T23:59:59,95.3,77.5,routine inspection,,ECO-SERVICE-1,closed,False,False,False
DOP-0000620,TMB-PEL,DEV-TMBPEL-3,2025-02-01T00:00:00,2025-02-28T23:59:59,96.1,60.8,routine inspection,,ECO-SERVICE-1,closed,False,False,False
DOP-0000621,TMB-PEL,DEV-TMBPEL-3,2025-03-01T00:00:00,2025-03-31T23:59:59,85.8,75.8,routine inspection,,ECO-SERVICE-1,closed,False,False,False
DOP-0000622,TMB-PEL,DEV-TMBPEL-3,2025-04-01T00:00:00,2025-04-30T23:59:59,97.5,86.4,routine inspection,,ECO-SERVICE-1,closed,False,False,False
DOP-0000623,TMB-PEL,DEV-TMBPEL-3,2025-05-01T00:00:00,2025-05-31T23:59:59,98.8,75.8,routine inspection,,ECO-SERVICE-1,closed,False,False,False
DOP-0000624,TMB-PEL,DEV-TMBPEL-3,2025-06-01T00:00:00,2025-06-30T23:59:59,94.0,79.4,routine inspection,,ECO-SERVICE-1,closed,False,False,False
DOP-0000625,KNT-CYP,DEV-KNTCYP-2,2019-01-01T00:00:00,2019-01-31T23:59:59,95.9,80.6,routine inspection,,ECO-SERVICE-2,closed,False,False,False
DOP-0000626,KNT-CYP,DEV-KNTCYP-2,2019-02-01T00:00:00,2019-02-28T23:59:59,93.6,71.6,routine inspection,,ECO-SERVICE-2,closed,False,False,False
DOP-0000627,KNT-CYP,DEV-KNTCYP-2,2019-03-01T00:00:00,2019-03-31T23:59:59,91.1,90.1,routine inspection,,ECO-SERVICE-2,closed,False,False,False
DOP-0000628,KNT-CYP,DEV-KNTCYP-2,2019-04-01T00:00:00,2019-04-30T23:59:59,93.6,72.8,routine inspection,,ECO-SERVICE-2,closed,False,False,False
DOP-0000629,KNT-CYP,DEV-KNTCYP-2,2019-05-01T00:00:00,2019-05-31T23:59:59,91.4,89.3,routine inspection,,ECO-SERVICE-2,closed,False,False,False
DOP-0000630,KNT-CYP,DEV-KNTCYP-2,2019-06-01T00:00:00,2019-06-30T23:59:59,93.3,69.6,routine inspection,,ECO-SERVICE-2,closed,False,False,False
DOP-0000631,KNT-CYP,DEV-KNTCYP-2,2019-07-01T00:00:00,2019-07-31T23:59:59,91.9,87.2,routine inspection,,ECO-SERVICE-2,closed,False,False,False
DOP-0000632,KNT-CYP,DEV-KNTCYP-2,2019-08-01T00:00:00,2019-08-31T23:59:59,84.8,78.1,routine inspection,,ECO-SERVICE-2,closed,False,False,False
DOP-0000633,KNT-CYP,DEV-KNTCYP-2,2019-09-01T00:00:00,2019-09-30T23:59:59,85.1,83.5,routine inspection,,ECO-SERVICE-2,closed,False,False,False
DOP-0000634,KNT-CYP,DEV-KNTCYP-2,2019-10-01T00:00:00,2019-10-31T23:59:59,100.0,91.4,routine inspection,,ECO-SERVICE-2,closed,False,False,False
DOP-0000635,KNT-CYP,DEV-KNTCYP-2,2019-11-01T00:00:00,2019-11-30T23:59:59,93.2,88.2,routine inspection,,ECO-SERVICE-2,closed,False,False,False
DOP-0000636,KNT-CYP,DEV-KNTCYP-2,2019-12-01T00:00:00,2019-12-31T23:59:59,100.0,84.5,routine inspection,,ECO-SERVICE-2,closed,False,False,False
DOP-0000637,KNT-CYP,DEV-KNTCYP-2,2020-01-01T00:00:00,2020-01-31T23:59:59,91.2,81.7,routine inspection,,ECO-SERVICE-2,closed,False,False,False
DOP-0000638,KNT-CYP,DEV-KNTCYP-2,2020-02-01T00:00:00,2020-02-29T23:59:59,100.0,92.0,routine inspection,,ECO-SERVICE-2,closed,False,False,False
DOP-0000639,KNT-CYP,DEV-KNTCYP-2,2020-03-01T00:00:00,2020-03-31T23:59:59,98.6,80.5,routine inspection,,ECO-SERVICE-2,closed,False,False,False
DOP-0000640,KNT-CYP,DEV-KNTCYP-2,2020-04-01T00:00:00,2020-04-30T23:59:59,91.8,67.0,routine inspection,,ECO-SERVICE-2,closed,False,False,False
DOP-0000641,KNT-CYP,DEV-KNTCYP-2,2020-05-01T00:00:00,2020-05-31T23:59:59,91.5,89.3,routine inspection,,ECO-SERVICE-2,closed,False,False,False
DOP-0000642,KNT-CYP,DEV-KNTCYP-2,2020-06-01T00:00:00,2020-06-30T23:59:59,87.4,86.9,routine inspection,,ECO-SERVICE-2,closed,False,False,False
DOP-0000643,KNT-CYP,DEV-KNTCYP-2,2020-07-01T00:00:00,2020-07-31T23:59:59,94.8,74.7,routine inspection,,ECO-SERVICE-2,closed,False,False,False
DOP-0000644,KNT-CYP,DEV-KNTCYP-2,2020-08-01T00:00:00,2020-08-31T23:59:59,90.5,78.9,routine inspection,,ECO-SERVICE-2,closed,False,False,False
DOP-0000645,KNT-CYP,DEV-KNTCYP-2,2020-09-01T00:00:00,2020-09-30T23:59:59,98.5,79.8,routine inspection,,ECO-SERVICE-2,closed,False,False,False
DOP-0000646,KNT-CYP,DEV-KNTCYP-2,2020-10-01T00:00:00,2020-10-31T23:59:59,76.9,64.9,corrective maintenance,STORAGE_LIMIT,ECO-SERVICE-2,closed,False,False,True
DOP-0000647,KNT-CYP,DEV-KNTCYP-2,2020-11-01T00:00:00,2020-11-30T23:59:59,93.7,78.8,routine inspection,,ECO-SERVICE-2,closed,False,False,False
DOP-0000648,KNT-CYP,DEV-KNTCYP-2,2020-12-01T00:00:00,2020-12-31T23:59:59,99.9,81.8,routine inspection,,ECO-SERVICE-2,closed,False,False,False
DOP-0000649,KNT-CYP,DEV-KNTCYP-2,2021-01-01T00:00:00,2021-01-31T23:59:59,95.9,74.3,routine inspection,,ECO-SERVICE-2,closed,False,False,False
DOP-0000650,KNT-CYP,DEV-KNTCYP-2,2021-02-01T00:00:00,2021-02-28T23:59:59,98.0,71.6,routine inspection,,ECO-SERVICE-2,closed,False,False,False
DOP-0000651,KNT-CYP,DEV-KNTCYP-2,2021-03-01T00:00:00,2021-03-31T23:59:59,93.4,88.3,routine inspection,,ECO-SERVICE-2,closed,False,False,False
DOP-0000652,KNT-CYP,DEV-KNTCYP-2,2021-04-01T00:00:00,2021-04-30T23:59:59,96.9,72.0,routine inspection,,ECO-SERVICE-2,closed,False,False,False
DOP-0000653,KNT-CYP,DEV-KNTCYP-2,2021-05-01T00:00:00,2021-05-31T23:59:59,91.6,90.0,routine inspection,,ECO-SERVICE-2,closed,False,False,False
DOP-0000654,KNT-CYP,DEV-KNTCYP-2,2021-06-01T00:00:00,2021-06-30T23:59:59,92.8,71.6,routine inspection,,ECO-SERVICE-2,closed,False,False,False
DOP-0000655,KNT-CYP,DEV-KNTCYP-2,2021-07-01T00:00:00,2021-07-31T23:59:59,88.0,74.7,routine inspection,,ECO-SERVICE-2,closed,False,False,False
DOP-0000656,KNT-CYP,DEV-KNTCYP-2,2021-08-01T00:00:00,2021-08-31T23:59:59,89.2,82.3,routine inspection,,ECO-SERVICE-2,closed,False,False,False
DOP-0000657,KNT-CYP,DEV-KNTCYP-2,2021-09-01T00:00:00,2021-09-30T23:59:59,89.6,71.5,routine inspection,,ECO-SERVICE-2,closed,False,False,False
DOP-0000658,KNT-CYP,DEV-KNTCYP-2,2021-10-01T00:00:00,2021-10-31T23:59:59,90.8,78.1,routine inspection,,ECO-SERVICE-2,closed,False,False,False
DOP-0000659,KNT-CYP,DEV-KNTCYP-2,2021-11-01T00:00:00,2021-11-30T23:59:59,92.9,83.1,routine inspection,,ECO-SERVICE-2,closed,False,False,False
DOP-0000660,KNT-CYP,DEV-KNTCYP-2,2021-12-01T00:00:00,2021-12-31T23:59:59,92.3,84.8,routine inspection,,ECO-SERVICE-2,closed,False,False,False
DOP-0000661,KNT-CYP,DEV-KNTCYP-2,2022-01-01T00:00:00,2022-01-31T23:59:59,92.1,92.1,routine inspection,,ECO-SERVICE-2,closed,False,False,False
DOP-0000662,KNT-CYP,DEV-KNTCYP-2,2022-02-01T00:00:00,2022-02-28T23:59:59,93.8,72.1,routine inspection,,ECO-SERVICE-2,closed,False,False,False
DOP-0000663,KNT-CYP,DEV-KNTCYP-2,2022-03-01T00:00:00,2022-03-31T23:59:59,99.4,79.4,routine inspection,,ECO-SERVICE-2,closed,False,False,False
DOP-0000664,KNT-CYP,DEV-KNTCYP-2,2022-04-01T00:00:00,2022-04-30T23:59:59,90.5,78.8,routine inspection,,ECO-SERVICE-2,closed,False,False,False
DOP-0000665,KNT-CYP,DEV-KNTCYP-2,2022-05-01T00:00:00,2022-05-31T23:59:59,90.0,87.6,routine inspection,,ECO-SERVICE-2,closed,False,False,False
DOP-0000666,KNT-CYP,DEV-KNTCYP-2,2022-06-01T00:00:00,2022-06-30T23:59:59,98.8,80.9,routine inspection,,ECO-SERVICE-2,closed,False,False,False
DOP-0000667,KNT-CYP,DEV-KNTCYP-2,2022-07-01T00:00:00,2022-07-31T23:59:59,93.9,83.2,routine inspection,,ECO-SERVICE-2,closed,False,False,False
DOP-0000668,KNT-CYP,DEV-KNTCYP-2,2022-08-01T00:00:00,2022-08-31T23:59:59,87.3,74.1,routine inspection,,ECO-SERVICE-2,closed,False,False,False
DOP-0000669,KNT-CYP,DEV-KNTCYP-2,2022-09-01T00:00:00,2022-09-30T23:59:59,97.6,95.3,routine inspection,,ECO-SERVICE-2,closed,False,False,False
DOP-0000670,KNT-CYP,DEV-KNTCYP-2,2022-10-01T00:00:00,2022-10-31T23:59:59,100.0,74.8,routine inspection,,ECO-SERVICE-2,closed,False,False,False
DOP-0000671,KNT-CYP,DEV-KNTCYP-2,2022-11-01T00:00:00,2022/11/30 23:59:59,95.8,81.2,routine inspection,,ECO-SERVICE-2,closed,False,False,False
DOP-0000672,KNT-CYP,DEV-KNTCYP-2,2022-12-01T00:00:00,2022-12-31T23:59:59,90.3,94.8,routine inspection,,ECO-SERVICE-2,closed,False,False,False
DOP-0000673,KNT-CYP,DEV-KNTCYP-2,2023-01-01T00:00:00,2023-01-31T23:59:59,93.8,78.1,routine inspection,,ECO-SERVICE-2,closed,False,False,False
DOP-0000674,KNT-CYP,DEV-KNTCYP-2,2023-02-01T00:00:00,2023-02-28T23:59:59,92.9,86.0,routine inspection,,ECO-SERVICE-2,closed,False,False,False
DOP-0000675,KNT-CYP,DEV-KNTCYP-2,2023-03-01T00:00:00,2023-03-31T23:59:59,93.8,76.9,routine inspection,,ECO-SERVICE-2,closed,False,False,False
DOP-0000676,KNT-CYP,DEV-KNTCYP-2,2023-04-01T00:00:00,2023-04-30T23:59:59,97.1,72.9,routine inspection,,ECO-SERVICE-2,closed,False,False,False
DOP-0000677,KNT-CYP,DEV-KNTCYP-2,2023-05-01T00:00:00,2023-05-31T23:59:59,100.0,85.4,routine inspection,,ECO-SERVICE-2,closed,False,False,False
DOP-0000678,KNT-CYP,DEV-KNTCYP-2,2023-06-01T00:00:00,2023-06-30T23:59:59,100.0,85.9,routine inspection,,ECO-SERVICE-2,closed,False,False,False
DOP-0000679,KNT-CYP,DEV-KNTCYP-2,2023-07-01T00:00:00,2023-07-31T23:59:59,91.5,84.4,routine inspection,,ECO-SERVICE-2,closed,False,False,False
DOP-0000680,KNT-CYP,DEV-KNTCYP-2,2023-08-01T00:00:00,2023-08-31T23:59:59,87.9,79.4,routine inspection,,ECO-SERVICE-2,closed,False,False,False
DOP-0000681,KNT-CYP,DEV-KNTCYP-2,2023-09-01T00:00:00,2023-09-30T23:59:59,86.2,79.7,routine inspection,,ECO-SERVICE-2,closed,False,False,False
DOP-0000682,KNT-CYP,DEV-KNTCYP-2,2023-10-01T00:00:00,2023-10-31T23:59:59,62.1,54.7,corrective maintenance,POWER_INTERRUPTION,ECO-SERVICE-2,closed,False,True,False
DOP-0000683,KNT-CYP,DEV-KNTCYP-2,2023-11-01T00:00:00,2023-11-30T23:59:59,55.1,73.1,corrective maintenance,POWER_INTERRUPTION,ECO-SERVICE-2,closed,False,True,False
DOP-0000684,KNT-CYP,DEV-KNTCYP-2,2023-12-01T00:00:00,2023-12-31T23:59:59,90.9,85.3,routine inspection,,ECO-SERVICE-2,closed,False,False,False
DOP-0000685,KNT-CYP,DEV-KNTCYP-2,2024-01-01T00:00:00,2024-01-31T23:59:59,88.6,81.6,routine inspection,,ECO-SERVICE-2,closed,False,False,False
DOP-0000686,KNT-CYP,DEV-KNTCYP-2,2024-02-01T00:00:00,2024-02-29T23:59:59,81.3,80.6,routine inspection,,ECO-SERVICE-2,closed,False,False,False
DOP-0000687,KNT-CYP,DEV-KNTCYP-2,2024-03-01T00:00:00,2024-03-31T23:59:59,100.0,73.2,routine inspection,,ECO-SERVICE-2,closed,False,False,False
DOP-0000688,KNT-CYP,DEV-KNTCYP-2,2024-04-01T00:00:00,2024-04-30T23:59:59,88.7,73.3,routine inspection,,ECO-SERVICE-2,closed,False,False,False
DOP-0000689,KNT-CYP,DEV-KNTCYP-2,2024-05-01T00:00:00,2024-05-31T23:59:59,100.0,90.4,routine inspection,,ECO-SERVICE-2,closed,False,False,False
DOP-0000690,KNT-CYP,DEV-KNTCYP-2,2024-06-01T00:00:00,2024-06-30T23:59:59,90.5,71.8,routine inspection,,ECO-SERVICE-2,closed,False,False,False
DOP-0000691,KNT-CYP,DEV-KNTCYP-2,2024-07-01T00:00:00,2024-07-31T23:59:59,97.3,73.2,routine inspection,,ECO-SERVICE-2,closed,False,False,False
DOP-0000692,KNT-CYP,DEV-KNTCYP-2,2024-08-01T00:00:00,2024-08-31T23:59:59,96.4,72.2,routine inspection,,ECO-SERVICE-2,closed,False,False,False
DOP-0000693,KNT-CYP,DEV-KNTCYP-2,2024-09-01T00:00:00,2024-09-30T23:59:59,95.6,80.7,routine inspection,,ECO-SERVICE-2,closed,False,False,False
DOP-0000694,KNT-CYP,DEV-KNTCYP-2,2024-10-01T00:00:00,2024-10-31T23:59:59,93.7,75.5,routine inspection,,ECO-SERVICE-2,closed,False,False,False
DOP-0000695,KNT-CYP,DEV-KNTCYP-2,2024-11-01T00:00:00,2024-11-30T23:59:59,92.2,70.2,routine inspection,,ECO-SERVICE-2,closed,False,False,False
DOP-0000696,KNT-CYP,DEV-KNTCYP-2,2024-12-01T00:00:00,2024-12-31T23:59:59,100.0,75.9,routine inspection,,ECO-SERVICE-2,closed,False,False,False
DOP-0000697,KNT-CYP,DEV-KNTCYP-2,2025-01-01T00:00:00,2025-01-31T23:59:59,95.9,77.8,routine inspection,,ECO-SERVICE-2,closed,False,False,False
DOP-0000698,KNT-CYP,DEV-KNTCYP-2,2025-02-01T00:00:00,2025-02-28T23:59:59,96.5,80.9,routine inspection,,ECO-SERVICE-2,closed,False,False,False
DOP-0000699,KNT-CYP,DEV-KNTCYP-2,2025-03-01T00:00:00,2025-03-31T23:59:59,94.0,84.6,routine inspection,,ECO-SERVICE-2,closed,False,False,False
DOP-0000700,KNT-CYP,DEV-KNTCYP-2,2025-04-01T00:00:00,2025-04-30T23:59:59,92.2,79.7,routine inspection,,ECO-SERVICE-2,closed,False,False,False
DOP-0000701,KNT-CYP,DEV-KNTCYP-2,2025-05-01T00:00:00,2025-05-31T23:59:59,83.4,72.3,routine inspection,,ECO-SERVICE-2,closed,False,False,False
DOP-0000702,KNT-CYP,DEV-KNTCYP-2,2025-06-01T00:00:00,2025-06-30T23:59:59,82.9,78.7,routine inspection,,ECO-SERVICE-2,closed,False,False,False
DOP-0000703,KNT-YRX,DEV-KNTYRX-3,2019-01-01T00:00:00,2019-01-31T23:59:59,90.5,78.5,routine inspection,,ECO-SERVICE-3,closed,False,False,False
DOP-0000704,KNT-YRX,DEV-KNTYRX-3,2019-02-01T00:00:00,2019-02-28T23:59:59,99.8,91.7,routine inspection,,ECO-SERVICE-3,closed,False,False,False
DOP-0000705,KNT-YRX,DEV-KNTYRX-3,2019-03-01T00:00:00,2019-03-31T23:59:59,89.8,85.0,routine inspection,,ECO-SERVICE-3,closed,False,False,False
DOP-0000706,KNT-YRX,DEV-KNTYRX-3,2019-04-01T00:00:00,2019-04-30T23:59:59,86.1,84.6,routine inspection,,ECO-SERVICE-3,closed,False,False,False
DOP-0000707,KNT-YRX,DEV-KNTYRX-3,2019-05-01T00:00:00,2019-05-31T23:59:59,95.7,77.0,routine inspection,,ECO-SERVICE-3,closed,False,False,False
DOP-0000708,KNT-YRX,DEV-KNTYRX-3,2019-06-01T00:00:00,2019-06-30T23:59:59,86.9,82.4,routine inspection,,ECO-SERVICE-3,closed,False,False,False
DOP-0000709,KNT-YRX,DEV-KNTYRX-3,2019-07-01T00:00:00,2019-07-31T23:59:59,94.4,73.4,routine inspection,,ECO-SERVICE-3,closed,False,False,False
DOP-0000710,KNT-YRX,DEV-KNTYRX-3,2019-08-01T00:00:00,2019-08-31T23:59:59,92.6,77.4,routine inspection,,ECO-SERVICE-3,closed,False,False,False
DOP-0000711,KNT-YRX,DEV-KNTYRX-3,2019-09-01T00:00:00,2019-09-30T23:59:59,94.2,92.8,routine inspection,,ECO-SERVICE-3,closed,False,False,False
DOP-0000712,KNT-YRX,DEV-KNTYRX-3,2019-10-01T00:00:00,2019-10-31T23:59:59,89.2,100.0,routine inspection,,ECO-SERVICE-3,closed,False,False,False
DOP-0000713,KNT-YRX,DEV-KNTYRX-3,2019-11-01T00:00:00,2019-11-30T23:59:59,88.5,85.4,routine inspection,,ECO-SERVICE-3,closed,False,False,False
DOP-0000714,KNT-YRX,DEV-KNTYRX-3,2019-12-01T00:00:00,2019-12-31T23:59:59,91.4,91.6,routine inspection,,ECO-SERVICE-3,closed,False,False,False
DOP-0000715,KNT-YRX,DEV-KNTYRX-3,2020-01-01T00:00:00,2020-01-31T23:59:59,95.4,93.8,routine inspection,,ECO-SERVICE-3,closed,False,False,False
DOP-0000716,KNT-YRX,DEV-KNTYRX-3,2020-02-01T00:00:00,2020-02-29T23:59:59,98.5,81.4,routine inspection,,ECO-SERVICE-3,closed,False,False,False
DOP-0000717,KNT-YRX,DEV-KNTYRX-3,2020-03-01T00:00:00,2020-03-31T23:59:59,98.8,74.4,routine inspection,,ECO-SERVICE-3,closed,False,False,False
DOP-0000718,KNT-YRX,DEV-KNTYRX-3,2020-04-01T00:00:00,2020-04-30T23:59:59,57.9,52.0,corrective maintenance,POWER_INTERRUPTION,ECO-SERVICE-3,closed,False,True,False
DOP-0000719,KNT-YRX,DEV-KNTYRX-3,2020-05-01T00:00:00,2020-05-31T23:59:59,97.9,76.8,routine inspection,,ECO-SERVICE-3,closed,False,False,False
DOP-0000720,KNT-YRX,DEV-KNTYRX-3,2020-06-01T00:00:00,2020-06-30T23:59:59,67.5,66.0,corrective maintenance,STORAGE_LIMIT,ECO-SERVICE-3,closed,False,False,True
DOP-0000721,KNT-YRX,DEV-KNTYRX-3,2020-07-01T00:00:00,2020-07-31T23:59:59,93.7,78.8,routine inspection,,ECO-SERVICE-3,closed,False,False,False
DOP-0000722,KNT-YRX,DEV-KNTYRX-3,2020-08-01T00:00:00,2020-08-31T23:59:59,95.3,76.8,routine inspection,,ECO-SERVICE-3,closed,False,False,False
DOP-0000723,KNT-YRX,DEV-KNTYRX-3,2020-09-01T00:00:00,2020-09-30T23:59:59,100.0,89.6,routine inspection,,ECO-SERVICE-3,closed,False,False,False
DOP-0000724,KNT-YRX,DEV-KNTYRX-3,2020-10-01T00:00:00,2020-10-31T23:59:59,93.5,79.2,routine inspection,,ECO-SERVICE-3,closed,False,False,False
DOP-0000725,KNT-YRX,DEV-KNTYRX-3,2020-11-01T00:00:00,2020-11-30T23:59:59,96.5,74.2,routine inspection,,ECO-SERVICE-3,closed,False,False,False
DOP-0000726,KNT-YRX,DEV-KNTYRX-3,2020-12-01T00:00:00,2020-12-31T23:59:59,96.7,84.3,routine inspection,,ECO-SERVICE-3,closed,False,False,False
DOP-0000727,KNT-YRX,DEV-KNTYRX-3,2021-01-01T00:00:00,2021-01-31T23:59:59,97.3,98.6,routine inspection,,ECO-SERVICE-3,closed,False,False,False
DOP-0000728,KNT-YRX,DEV-KNTYRX-3,2021-02-01T00:00:00,2021-02-28T23:59:59,85.0,82.7,routine inspection,,ECO-SERVICE-3,closed,False,False,False
DOP-0000729,KNT-YRX,DEV-KNTYRX-3,2021-03-01T00:00:00,2021-03-31T23:59:59,98.8,96.1,routine inspection,,ECO-SERVICE-3,closed,False,False,False
DOP-0000730,KNT-YRX,DEV-KNTYRX-3,2021-04-01T00:00:00,2021-04-30T23:59:59,100.0,82.2,routine inspection,,ECO-SERVICE-3,closed,False,False,False
DOP-0000731,KNT-YRX,DEV-KNTYRX-3,2021-05-01T00:00:00,2021-05-31T23:59:59,61.2,61.3,corrective maintenance,POWER_INTERRUPTION,ECO-SERVICE-3,closed,False,True,False
DOP-0000732,KNT-YRX,DEV-KNTYRX-3,2021-06-01T00:00:00,2021-06-30T23:59:59,100.0,84.4,routine inspection,,ECO-SERVICE-3,closed,False,False,False
DOP-0000733,KNT-YRX,DEV-KNTYRX-3,2021-07-01T00:00:00,2021-07-31T23:59:59,91.4,83.9,routine inspection,,ECO-SERVICE-3,closed,False,False,False
DOP-0000734,KNT-YRX,DEV-KNTYRX-3,2021-08-01T00:00:00,2021-08-31T23:59:59,91.2,67.6,routine inspection,,ECO-SERVICE-3,closed,False,False,False
DOP-0000735,KNT-YRX,DEV-KNTYRX-3,2021-09-01T00:00:00,2021-09-30T23:59:59,90.5,72.1,routine inspection,,ECO-SERVICE-3,CLOSED,False,False,False
DOP-0000736,KNT-YRX,DEV-KNTYRX-3,2021-10-01T00:00:00,2021-10-31T23:59:59,91.9,96.4,routine inspection,,ECO-SERVICE-3,closed,False,False,False
DOP-0000737,KNT-YRX,DEV-KNTYRX-3,2021-11-01T00:00:00,2021-11-30T23:59:59,93.6,87.5,routine inspection,,ECO-SERVICE-3,closed,False,False,False
DOP-0000738,KNT-YRX,DEV-KNTYRX-3,2021-12-01T00:00:00,2021-12-31T23:59:59,92.6,88.7,routine inspection,,ECO-SERVICE-3,closed,False,False,False
DOP-0000739,KNT-YRX,DEV-KNTYRX-3,2022-01-01T00:00:00,2022-01-31T23:59:59,92.7,82.6,routine inspection,,ECO-SERVICE-3,closed,False,False,False
DOP-0000740,KNT-YRX,DEV-KNTYRX-3,2022-02-01T00:00:00,2022-02-28T23:59:59,88.4,91.8,routine inspection,,ECO-SERVICE-3,closed,False,False,False
DOP-0000741,KNT-YRX,DEV-KNTYRX-3,2022-03-01T00:00:00,2022-03-31T23:59:59,90.4,79.3,routine inspection,,ECO-SERVICE-3,closed,False,False,False
DOP-0000742,KNT-YRX,DEV-KNTYRX-3,2022-04-01T00:00:00,2022-04-30T23:59:59,100.0,73.9,routine inspection,,ECO-SERVICE-3,closed,False,False,False
DOP-0000743,KNT-YRX,DEV-KNTYRX-3,2022-05-01T00:00:00,2022-05-31T23:59:59,95.5,88.5,routine inspection,,ECO-SERVICE-3,closed,False,False,False
DOP-0000744,KNT-YRX,DEV-KNTYRX-3,2022-06-01T00:00:00,2022-06-30T23:59:59,88.0,77.4,routine inspection,,ECO-SERVICE-3,closed,False,False,False
DOP-0000745,KNT-YRX,DEV-KNTYRX-3,2022-07-01T00:00:00,2022-07-31T23:59:59,99.3,75.9,routine inspection,,ECO-SERVICE-3,closed,False,False,False
DOP-0000746,KNT-YRX,DEV-KNTYRX-3,2022-08-01T00:00:00,2022-08-31T23:59:59,89.3,77.4,routine inspection,,ECO-SERVICE-3,closed,False,False,False
DOP-0000747,KNT-YRX,DEV-KNTYRX-3,2022-09-01T00:00:00,2022-09-30T23:59:59,96.9,72.8,routine inspection,,ECO-SERVICE-3,closed,False,False,False
DOP-0000748,KNT-YRX,DEV-KNTYRX-3,2022-10-01T00:00:00,2022-10-31T23:59:59,98.7,88.5,routine inspection,,ECO-SERVICE-3,closed,False,False,False
DOP-0000749,KNT-YRX,DEV-KNTYRX-3,2022-11-01T00:00:00,2022-11-30T23:59:59,81.5,82.3,routine inspection,,ECO-SERVICE-3,closed,False,False,False
DOP-0000750,KNT-YRX,DEV-KNTYRX-3,2022-12-01T00:00:00,2022-12-31T23:59:59,93.0,76.1,routine inspection,,ECO-SERVICE-3,closed,False,False,False
DOP-0000751,KNT-YRX,DEV-KNTYRX-3,2023-01-01T00:00:00,2023-01-31T23:59:59,88.2,81.3,routine inspection,,ECO-SERVICE-3,closed,False,False,False
DOP-0000752,KNT-YRX,DEV-KNTYRX-3,2023-02-01T00:00:00,2023-02-28T23:59:59,94.1,79.1,routine inspection,,ECO-SERVICE-3,closed,False,False,False
DOP-0000753,KNT-YRX,DEV-KNTYRX-3,2023-03-01T00:00:00,2023-03-31T23:59:59,98.9,91.3,routine inspection,,ECO-SERVICE-3,closed,False,False,False
DOP-0000754,KNT-YRX,DEV-KNTYRX-3,2023-04-01T00:00:00,2023-04-30T23:59:59,100.0,78.7,routine inspection,,ECO-SERVICE-3,closed,False,False,False
DOP-0000755,KNT-YRX,DEV-KNTYRX-3,2023-05-01T00:00:00,2023-05-31T23:59:59,96.4,64.4,routine inspection,,ECO-SERVICE-3,closed,False,False,False
DOP-0000756,KNT-YRX,DEV-KNTYRX-3,2023-06-01T00:00:00,2023-06-30T23:59:59,95.3,79.5,routine inspection,,ECO-SERVICE-3,closed,False,False,False
DOP-0000757,KNT-YRX,DEV-KNTYRX-3,2023-07-01T00:00:00,2023-07-31T23:59:59,85.8,82.5,routine inspection,,ECO-SERVICE-3,closed,False,False,False
DOP-0000758,KNT-YRX,DEV-KNTYRX-3,2023-08-01T00:00:00,2023-08-31T23:59:59,97.6,74.9,routine inspection,,ECO-SERVICE-3,closed,False,False,False
DOP-0000759,KNT-YRX,DEV-KNTYRX-3,2023-09-01T00:00:00,2023-09-30T23:59:59,93.1,77.3,routine inspection,,ECO-SERVICE-3,closed,False,False,False
DOP-0000760,KNT-YRX,DEV-KNTYRX-3,2023-10-01T00:00:00,2023-10-31T23:59:59,95.5,89.1,routine inspection,,ECO-SERVICE-3,closed,False,False,False
DOP-0000761,KNT-YRX,DEV-KNTYRX-3,2023-11-01T00:00:00,2023-11-30T23:59:59,86.5,91.7,routine inspection,,ECO-SERVICE-3,closed,False,False,False
DOP-0000762,KNT-YRX,DEV-KNTYRX-3,2023-12-01T00:00:00,2023-12-31T23:59:59,90.4,74.6,routine inspection,,ECO-SERVICE-3,closed,False,False,False
DOP-0000763,KNT-YRX,DEV-KNTYRX-3,2024-01-01T00:00:00,2024-01-31T23:59:59,97.2,76.0,routine inspection,,ECO-SERVICE-3,closed,False,False,False
DOP-0000764,KNT-YRX,DEV-KNTYRX-3,2024-02-01T00:00:00,2024-02-29T23:59:59,87.9,83.9,routine inspection,,ECO-SERVICE-3,closed,False,False,False
DOP-0000765,KNT-YRX,DEV-KNTYRX-3,2024-03-01T00:00:00,2024-03-31T23:59:59,92.6,85.2,routine inspection,,ECO-SERVICE-3,closed,False,False,False
DOP-0000766,KNT-YRX,DEV-KNTYRX-3,2024-04-01T00:00:00,2024-04-30T23:59:59,82.5,77.4,routine inspection,,ECO-SERVICE-3,closed,False,False,False
DOP-0000767,KNT-YRX,DEV-KNTYRX-3,2024-05-01T00:00:00,2024-05-31T23:59:59,96.4,68.8,routine inspection,,ECO-SERVICE-3,closed,False,False,False
DOP-0000768,KNT-YRX,DEV-KNTYRX-3,2024-06-01T00:00:00,2024-06-30T23:59:59,91.3,76.2,routine inspection,,ECO-SERVICE-3,closed,False,False,False
DOP-0000769,KNT-YRX,DEV-KNTYRX-3,2024-07-01T00:00:00,2024-07-31T23:59:59,95.2,73.1,routine inspection,,ECO-SERVICE-3,closed,False,False,False
DOP-0000770,KNT-YRX,DEV-KNTYRX-3,2024-08-01T00:00:00,2024-08-31T23:59:59,92.3,88.1,routine inspection,,ECO-SERVICE-3,closed,False,False,False
DOP-0000771,KNT-YRX,DEV-KNTYRX-3,2024-09-01T00:00:00,2024-09-30T23:59:59,90.6,71.8,routine inspection,,ECO-SERVICE-3,closed,False,False,False
DOP-0000772,KNT-YRX,DEV-KNTYRX-3,2024-10-01T00:00:00,2024-10-31T23:59:59,73.1,63.3,corrective maintenance,STORAGE_LIMIT,ECO-SERVICE-3,closed,False,False,True
DOP-0000773,KNT-YRX,DEV-KNTYRX-3,2024-11-01T00:00:00,2024-11-30T23:59:59,91.3,80.9,routine inspection,,ECO-SERVICE-3,closed,False,False,False
DOP-0000774,KNT-YRX,DEV-KNTYRX-3,2024-12-01T00:00:00,2024-12-31T23:59:59,77.1,71.2,routine inspection,,ECO-SERVICE-3,closed,False,False,False
DOP-0000775,KNT-YRX,DEV-KNTYRX-3,2025-01-01T00:00:00,2025-01-31T23:59:59,89.4,88.7,routine inspection,,ECO-SERVICE-3,closed,False,False,False
DOP-0000776,KNT-YRX,DEV-KNTYRX-3,2025-02-01T00:00:00,2025-02-28T23:59:59,85.6,83.1,routine inspection,,ECO-SERVICE-3,closed,False,False,False
DOP-0000777,KNT-YRX,DEV-KNTYRX-3,2025-03-01T00:00:00,2025-03-31T23:59:59,96.3,77.4,routine inspection,,ECO-SERVICE-3,closed,False,False,False
DOP-0000778,KNT-YRX,DEV-KNTYRX-3,2025-04-01T00:00:00,2025-04-30T23:59:59,95.6,78.4,routine inspection,,ECO-SERVICE-3,closed,False,False,False
DOP-0000779,KNT-YRX,DEV-KNTYRX-3,2025-05-01T00:00:00,2025-05-31T23:59:59,96.3,88.9,routine inspection,,ECO-SERVICE-3,closed,False,False,False
DOP-0000780,KNT-YRX,DEV-KNTYRX-3,2025-06-01T00:00:00,2025-06-30T23:59:59,95.2,81.2,routine inspection,,ECO-SERVICE-3,closed,False,False,False
DOP-0000781,KNT-GKR,DEV-KNTGKR-1,2019-01-01T00:00:00,2019-01-31T23:59:59,100.0,81.0,routine inspection,,ECO-SERVICE-4,closed,False,False,False
DOP-0000782,KNT-GKR,DEV-KNTGKR-1,2019-02-01T00:00:00,2019-02-28T23:59:59,93.5,80.8,routine inspection,,ECO-SERVICE-4,closed,False,False,False
DOP-0000783,KNT-GKR,DEV-KNTGKR-1,2019-03-01T00:00:00,2019-03-31T23:59:59,91.2,77.9,routine inspection,,ECO-SERVICE-4,closed,False,False,False
DOP-0000784,KNT-GKR,DEV-KNTGKR-1,2019-04-01T00:00:00,2019-04-30T23:59:59,96.0,82.8,routine inspection,,ECO-SERVICE-4,closed,False,False,False
DOP-0000785,KNT-GKR,DEV-KNTGKR-1,2019-05-01T00:00:00,2019-05-31T23:59:59,100.0,66.0,routine inspection,,ECO-SERVICE-4,closed,False,False,False
DOP-0000786,KNT-GKR,DEV-KNTGKR-1,2019-06-01T00:00:00,2019-06-30T23:59:59,88.5,70.4,routine inspection,,ECO-SERVICE-4,closed,False,False,False
DOP-0000787,KNT-GKR,DEV-KNTGKR-1,2019-07-01T00:00:00,2019-07-31T23:59:59,94.5,79.2,routine inspection,,ECO-SERVICE-4,closed,False,False,False
DOP-0000788,KNT-GKR,DEV-KNTGKR-1,2019-08-01T00:00:00,2019-08-31T23:59:59,86.8,93.8,routine inspection,,ECO-SERVICE-4,closed,False,False,False
DOP-0000789,KNT-GKR,DEV-KNTGKR-1,2019-09-01T00:00:00,2019-09-30T23:59:59,85.7,86.8,routine inspection,,ECO-SERVICE-4,closed,False,False,False
DOP-0000790,KNT-GKR,DEV-KNTGKR-1,2019-10-01T00:00:00,2019-10-31T23:59:59,89.4,89.1,routine inspection,,ECO-SERVICE-4,closed,False,False,False
DOP-0000791,KNT-GKR,DEV-KNTGKR-1,2019-11-01T00:00:00,2019-11-30T23:59:59,87.8,89.5,routine inspection,,ECO-SERVICE-4,closed,False,False,False
DOP-0000792,KNT-GKR,DEV-KNTGKR-1,2019-12-01T00:00:00,2019-12-31T23:59:59,97.0,81.3,routine inspection,,ECO-SERVICE-4,closed,False,False,False
DOP-0000793,KNT-GKR,DEV-KNTGKR-1,2020-01-01T00:00:00,2020-01-31T23:59:59,99.0,84.2,routine inspection,,ECO-SERVICE-4,closed,False,False,False
DOP-0000794,KNT-GKR,DEV-KNTGKR-1,2020-02-01T00:00:00,2020-02-29T23:59:59,91.2,86.5,routine inspection,,ECO-SERVICE-4,closed,False,False,False
DOP-0000795,KNT-GKR,DEV-KNTGKR-1,2020-03-01T00:00:00,2020-03-31T23:59:59,88.9,75.4,routine inspection,,ECO-SERVICE-4,closed,False,False,False
DOP-0000796,KNT-GKR,DEV-KNTGKR-1,2020-04-01T00:00:00,2020-04-30T23:59:59,97.9,79.7,routine inspection,,ECO-SERVICE-4,closed,False,False,False
DOP-0000797,KNT-GKR,DEV-KNTGKR-1,2020-05-01T00:00:00,2020-05-31T23:59:59,98.8,80.2,routine inspection,,ECO-SERVICE-4,closed,False,False,False
DOP-0000798,KNT-GKR,DEV-KNTGKR-1,2020-06-01T00:00:00,2020-06-30T23:59:59,90.1,78.0,routine inspection,,ECO-SERVICE-4,closed,False,False,False
DOP-0000799,KNT-GKR,DEV-KNTGKR-1,2020-07-01T00:00:00,2020-07-31T23:59:59,95.3,73.1,routine inspection,,ECO-SERVICE-4,closed,False,False,False
DOP-0000800,KNT-GKR,DEV-KNTGKR-1,2020-08-01T00:00:00,2020-08-31T23:59:59,93.5,75.0,routine inspection,,ECO-SERVICE-4,closed,False,False,False
DOP-0000801,KNT-GKR,DEV-KNTGKR-1,2020-09-01T00:00:00,2020-09-30T23:59:59,99.4,73.0,routine inspection,,ECO-SERVICE-4,closed,False,False,False
DOP-0000802,KNT-GKR,DEV-KNTGKR-1,2020-10-01T00:00:00,2020-10-31T23:59:59,89.9,89.5,routine inspection,,ECO-SERVICE-4,closed,False,False,False
DOP-0000803,KNT-GKR,DEV-KNTGKR-1,2020-11-01T00:00:00,2020-11-30T23:59:59,90.5,85.8,routine inspection,,ECO-SERVICE-4,closed,False,False,False
DOP-0000804,KNT-GKR,DEV-KNTGKR-1,2020-12-01T00:00:00,2020-12-31T23:59:59,92.4,67.9,routine inspection,,ECO-SERVICE-4,closed,False,False,False
DOP-0000805,KNT-GKR,DEV-KNTGKR-1,2021-01-01T00:00:00,2021-01-31T23:59:59,83.7,86.1,routine inspection,,ECO-SERVICE-4,closed,False,False,False
DOP-0000806,KNT-GKR,DEV-KNTGKR-1,2021-02-01T00:00:00,2021-02-28T23:59:59,92.7,87.5,routine inspection,,ECO-SERVICE-4,closed,False,False,False
DOP-0000807,KNT-GKR,DEV-KNTGKR-1,2021-03-01T00:00:00,2021-03-31T23:59:59,91.2,89.7,routine inspection,,ECO-SERVICE-4,closed,False,False,False
DOP-0000808,KNT-GKR,DEV-KNTGKR-1,2021-04-01T00:00:00,2021-04-30T23:59:59,88.0,77.5,routine inspection,,ECO-SERVICE-4,closed,False,False,False
DOP-0000809,KNT-GKR,DEV-KNTGKR-1,2021-05-01T00:00:00,2021-05-31T23:59:59,100.0,74.4,routine inspection,,ECO-SERVICE-4,closed,False,False,False
DOP-0000810,KNT-GKR,DEV-KNTGKR-1,2021-06-01T00:00:00,2021-06-30T23:59:59,92.7,82.2,routine inspection,,ECO-SERVICE-4,closed,False,False,False
DOP-0000811,KNT-GKR,DEV-KNTGKR-1,2021-07-01T00:00:00,2021-07-31T23:59:59,93.5,81.0,routine inspection,,ECO-SERVICE-4,closed,False,False,False
DOP-0000812,KNT-GKR,DEV-KNTGKR-1,2021-08-01T00:00:00,2021-08-31T23:59:59,92.9,75.2,routine inspection,,,closed,False,False,False
DOP-0000813,KNT-GKR,DEV-KNTGKR-1,2021-09-01T00:00:00,2021-09-30T23:59:59,93.9,69.3,routine inspection,,ECO-SERVICE-4,closed,False,False,False
DOP-0000814,KNT-GKR,DEV-KNTGKR-1,2021-10-01T00:00:00,2021-10-31T23:59:59,85.6,77.9,routine inspection,,ECO-SERVICE-4,closed,False,False,False
DOP-0000815,KNT-GKR,DEV-KNTGKR-1,2021-11-01T00:00:00,2021-11-30T23:59:59,100.0,72.5,routine inspection,,ECO-SERVICE-4,closed,False,False,False
DOP-0000816,KNT-GKR,DEV-KNTGKR-1,2021-12-01T00:00:00,2021-12-31T23:59:59,97.9,84.7,routine inspection,,ECO-SERVICE-4,closed,False,False,False
DOP-0000817,KNT-GKR,DEV-KNTGKR-1,2022-01-01T00:00:00,2022-01-31T23:59:59,92.6,74.1,routine inspection,,ECO-SERVICE-4,closed,False,False,False
DOP-0000818,KNT-GKR,DEV-KNTGKR-1,2022-02-01T00:00:00,2022-02-28T23:59:59,92.3,72.8,routine inspection,,ECO-SERVICE-4,closed,False,False,False
DOP-0000819,KNT-GKR,DEV-KNTGKR-1,2022-03-01T00:00:00,2022-03-31T23:59:59,97.6,90.3,routine inspection,,ECO-SERVICE-4,closed,False,False,False
DOP-0000820,KNT-GKR,DEV-KNTGKR-1,2022-04-01T00:00:00,2022-04-30T23:59:59,100.0,81.7,routine inspection,,ECO-SERVICE-4,closed,False,False,False
DOP-0000821,KNT-GKR,DEV-KNTGKR-1,2022-05-01T00:00:00,2022-05-31T23:59:59,86.5,72.9,routine inspection,,ECO-SERVICE-4,closed,False,False,False
DOP-0000822,KNT-GKR,DEV-KNTGKR-1,2022-06-01T00:00:00,2022-06-30T23:59:59,97.0,63.8,routine inspection,,ECO-SERVICE-4,closed,False,False,False
DOP-0000823,KNT-GKR,DEV-KNTGKR-1,2022-07-01T00:00:00,2022-07-31T23:59:59,96.5,90.2,routine inspection,,ECO-SERVICE-4,closed,False,False,False
DOP-0000824,KNT-GKR,DEV-KNTGKR-1,2022-08-01T00:00:00,2022-08-31T23:59:59,85.7,65.6,routine inspection,,ECO-SERVICE-4,closed,False,False,False
DOP-0000825,KNT-GKR,DEV-KNTGKR-1,2022-09-01T00:00:00,2022-09-30T23:59:59,99.9,84.9,routine inspection,,ECO-SERVICE-4,closed,False,False,False
DOP-0000826,KNT-GKR,DEV-KNTGKR-1,2022-10-01T00:00:00,2022-10-31T23:59:59,57.2,63.6,corrective maintenance,STORAGE_LIMIT,ECO-SERVICE-4,closed,False,False,True
DOP-0000827,KNT-GKR,DEV-KNTGKR-1,2022-11-01T00:00:00,2022-11-30T23:59:59,91.6,81.0,routine inspection,,ECO-SERVICE-4,closed,False,False,False
DOP-0000828,KNT-GKR,DEV-KNTGKR-1,2022-12-01T00:00:00,2022-12-31T23:59:59,85.7,80.6,routine inspection,,ECO-SERVICE-4,closed,False,False,False
DOP-0000829,KNT-GKR,DEV-KNTGKR-1,2023-01-01T00:00:00,2023-01-31T23:59:59,100.0,76.2,routine inspection,,ECO-SERVICE-4,closed,False,False,False
DOP-0000830,KNT-GKR,DEV-KNTGKR-1,2023-02-01T00:00:00,2023-02-28T23:59:59,91.2,76.2,routine inspection,,ECO-SERVICE-4,closed,False,False,False
DOP-0000831,KNT-GKR,DEV-KNTGKR-1,2023-03-01T00:00:00,2023-03-31T23:59:59,99.9,78.4,routine inspection,,ECO-SERVICE-4,closed,False,False,False
DOP-0000832,KNT-GKR,DEV-KNTGKR-1,2023-04-01T00:00:00,2023-04-30T23:59:59,91.8,84.2,routine inspection,,ECO-SERVICE-4,closed,False,False,False
DOP-0000833,KNT-GKR,DEV-KNTGKR-1,2023-05-01T00:00:00,2023-05-31T23:59:59,85.5,73.3,routine inspection,,ECO-SERVICE-4,closed,False,False,False
DOP-0000834,KNT-GKR,DEV-KNTGKR-1,2023-06-01T00:00:00,2023-06-30T23:59:59,92.4,80.9,routine inspection,,ECO-SERVICE-4,closed,False,False,False
DOP-0000835,KNT-GKR,DEV-KNTGKR-1,2023-07-01T00:00:00,2023-07-31T23:59:59,93.7,79.1,routine inspection,,ECO-SERVICE-4,closed,False,False,False
DOP-0000836,KNT-GKR,DEV-KNTGKR-1,2023-08-01T00:00:00,2023-08-31T23:59:59,94.9,73.6,routine inspection,,ECO-SERVICE-4,closed,False,False,False
DOP-0000837,KNT-GKR,DEV-KNTGKR-1,2023-09-01T00:00:00,2023-09-30T23:59:59,100.0,73.9,routine inspection,,ECO-SERVICE-4,closed,False,False,False
DOP-0000838,KNT-GKR,DEV-KNTGKR-1,2023-10-01T00:00:00,2023-10-31T23:59:59,96.5,79.1,routine inspection,,ECO-SERVICE-4,closed,False,False,False
DOP-0000839,KNT-GKR,DEV-KNTGKR-1,2023-11-01T00:00:00,2023-11-30T23:59:59,91.3,94.5,routine inspection,,ECO-SERVICE-4,closed,False,False,False
DOP-0000840,KNT-GKR,DEV-KNTGKR-1,2023-12-01T00:00:00,2023-12-31T23:59:59,94.8,91.3,routine inspection,,ECO-SERVICE-4,closed,False,False,False
DOP-0000841,KNT-GKR,DEV-KNTGKR-1,2024-01-01T00:00:00,2024-01-31T23:59:59,97.3,80.5,routine inspection,,ECO-SERVICE-4,closed,False,False,False
DOP-0000842,KNT-GKR,DEV-KNTGKR-1,2024-02-01T00:00:00,2024-02-29T23:59:59,93.4,84.3,routine inspection,,ECO-SERVICE-4,closed,False,False,False
DOP-0000843,KNT-GKR,DEV-KNTGKR-1,2024-03-01T00:00:00,2024-03-31T23:59:59,90.0,87.9,routine inspection,,ECO-SERVICE-4,closed,False,False,False
DOP-0000844,KNT-GKR,DEV-KNTGKR-1,2024-04-01T00:00:00,2024-04-30T23:59:59,90.6,73.1,routine inspection,,ECO-SERVICE-4,closed,False,False,False
DOP-0000845,KNT-GKR,DEV-KNTGKR-1,2024-05-01T00:00:00,2024-05-31T23:59:59,95.2,94.2,routine inspection,,ECO-SERVICE-4,closed,False,False,False
DOP-0000846,KNT-GKR,DEV-KNTGKR-1,2024-06-01T00:00:00,2024-06-30T23:59:59,94.1,78.1,routine inspection,,ECO-SERVICE-4,closed,False,False,False
DOP-0000847,KNT-GKR,DEV-KNTGKR-1,2024-07-01T00:00:00,2024-07-31T23:59:59,92.2,69.8,routine inspection,,ECO-SERVICE-4,closed,False,False,False
DOP-0000848,KNT-GKR,DEV-KNTGKR-1,2024-08-01T00:00:00,2024-08-31T23:59:59,92.9,70.6,routine inspection,,ECO-SERVICE-4,closed,False,False,False
DOP-0000849,KNT-GKR,DEV-KNTGKR-1,2024-09-01T00:00:00,2024-09-30T23:59:59,100.0,68.8,routine inspection,,ECO-SERVICE-4,closed,False,False,False
DOP-0000850,KNT-GKR,DEV-KNTGKR-1,2024-10-01T00:00:00,2024-10-31T23:59:59,90.1,69.6,routine inspection,,ECO-SERVICE-4,closed,False,False,False
DOP-0000851,KNT-GKR,DEV-KNTGKR-1,2024-11-01T00:00:00,2024-11-30T23:59:59,97.1,95.3,routine inspection,,ECO-SERVICE-4,closed,False,False,False
DOP-0000852,KNT-GKR,DEV-KNTGKR-1,2024-12-01T00:00:00,2024-12-31T23:59:59,99.0,84.5,routine inspection,,ECO-SERVICE-4,closed,False,False,False
DOP-0000853,KNT-GKR,DEV-KNTGKR-1,2025-01-01T00:00:00,2025-01-31T23:59:59,88.3,93.2,routine inspection,,ECO-SERVICE-4,closed,False,False,False
DOP-0000854,KNT-GKR,DEV-KNTGKR-1,2025-02-01T00:00:00,2025-02-28T23:59:59,94.1,78.4,routine inspection,,ECO-SERVICE-4,closed,False,False,False
DOP-0000855,KNT-GKR,DEV-KNTGKR-1,2025-03-01T00:00:00,2025-03-31T23:59:59,100.0,77.5,routine inspection,,ECO-SERVICE-4,closed,False,False,False
DOP-0000856,KNT-GKR,DEV-KNTGKR-1,2025-04-01T00:00:00,2025-04-30T23:59:59,100.0,81.0,routine inspection,,ECO-SERVICE-4,closed,False,False,False
DOP-0000857,KNT-GKR,DEV-KNTGKR-1,2025-05-01T00:00:00,2025-05-31T23:59:59,95.8,90.2,routine inspection,,ECO-SERVICE-4,closed,False,False,False
DOP-0000858,KNT-GKR,DEV-KNTGKR-1,2025-06-01T00:00:00,2025-06-30T23:59:59,89.6,72.5,routine inspection,,ECO-SERVICE-4,closed,False,False,False
DOP-0000859,KNT-NNM,DEV-KNTNNM-2,2019-01-01T00:00:00,2019-01-31T23:59:59,87.4,81.2,routine inspection,,ECO-SERVICE-1,closed,False,False,False
DOP-0000860,KNT-NNM,DEV-KNTNNM-2,2019-02-01T00:00:00,2019-02-28T23:59:59,100.0,81.6,routine inspection,,ECO-SERVICE-1,closed,False,False,False
DOP-0000861,KNT-NNM,DEV-KNTNNM-2,2019-03-01T00:00:00,2019-03-31T23:59:59,97.3,77.9,routine inspection,,ECO-SERVICE-1,closed,False,False,False
DOP-0000862,KNT-NNM,DEV-KNTNNM-2,2019-04-01T00:00:00,2019-04-30T23:59:59,95.4,91.2,routine inspection,,ECO-SERVICE-1,closed,False,False,False
DOP-0000863,KNT-NNM,DEV-KNTNNM-2,2019-05-01T00:00:00,2019-05-31T23:59:59,92.5,83.2,routine inspection,,ECO-SERVICE-1,closed,False,False,False
DOP-0000864,KNT-NNM,DEV-KNTNNM-2,2019-06-01T00:00:00,2019-06-30T23:59:59,100.0,72.1,routine inspection,,ECO-SERVICE-1,closed,False,False,False
DOP-0000865,KNT-NNM,DEV-KNTNNM-2,2019-07-01T00:00:00,2019-07-31T23:59:59,89.2,82.8,routine inspection,,ECO-SERVICE-1,closed,False,False,False
DOP-0000866,KNT-NNM,DEV-KNTNNM-2,2019-08-01T00:00:00,2019-08-31T23:59:59,92.9,76.6,routine inspection,,ECO-SERVICE-1,closed,False,False,False
DOP-0000867,KNT-NNM,DEV-KNTNNM-2,2019-09-01T00:00:00,2019-09-30T23:59:59,92.4,77.9,routine inspection,,ECO-SERVICE-1,closed,False,False,False
DOP-0000868,KNT-NNM,DEV-KNTNNM-2,2019-10-01T00:00:00,2019-10-31T23:59:59,97.1,70.4,routine inspection,,ECO-SERVICE-1,closed,False,False,False
DOP-0000869,KNT-NNM,DEV-KNTNNM-2,2019-11-01T00:00:00,2019-11-30T23:59:59,83.3,97.6,routine inspection,,ECO-SERVICE-1,closed,False,False,False
DOP-0000870,KNT-NNM,DEV-KNTNNM-2,2019-12-01T00:00:00,2019-12-31T23:59:59,93.2,74.5,routine inspection,,ECO-SERVICE-1,closed,False,False,False
DOP-0000871,KNT-NNM,DEV-KNTNNM-2,2020-01-01T00:00:00,2020-01-31T23:59:59,87.4,94.8,routine inspection,,ECO-SERVICE-1,closed,False,False,False
DOP-0000872,KNT-NNM,DEV-KNTNNM-2,2020-02-01T00:00:00,2020-02-29T23:59:59,96.0,88.7,routine inspection,,ECO-SERVICE-1,closed,False,False,False
DOP-0000873,KNT-NNM,DEV-KNTNNM-2,2020-03-01T00:00:00,2020-03-31T23:59:59,93.9,80.5,routine inspection,,ECO-SERVICE-1,closed,False,False,False
DOP-0000874,KNT-NNM,DEV-KNTNNM-2,2020-04-01T00:00:00,2020-04-30T23:59:59,93.2,81.8,routine inspection,,ECO-SERVICE-1,closed,False,False,False
DOP-0000875,KNT-NNM,DEV-KNTNNM-2,2020-05-01T00:00:00,2020-05-31T23:59:59,93.1,66.2,routine inspection,,ECO-SERVICE-1,closed,False,False,False
DOP-0000876,KNT-NNM,DEV-KNTNNM-2,2020-06-01T00:00:00,2020-06-30T23:59:59,97.1,87.9,routine inspection,,ECO-SERVICE-1,closed,False,False,False
DOP-0000877,KNT-NNM,DEV-KNTNNM-2,2020-07-01T00:00:00,2020-07-31T23:59:59,88.8,66.2,routine inspection,,ECO-SERVICE-1,closed,False,False,False
DOP-0000878,KNT-NNM,DEV-KNTNNM-2,2020-08-01T00:00:00,2020-08-31T23:59:59,86.6,81.1,routine inspection,,ECO-SERVICE-1,closed,False,False,False
DOP-0000879,KNT-NNM,DEV-KNTNNM-2,2020-09-01T00:00:00,2020-09-30T23:59:59,95.1,88.6,routine inspection,,ECO-SERVICE-1,closed,False,False,False
DOP-0000880,KNT-NNM,DEV-KNTNNM-2,2020-10-01T00:00:00,2020-10-31T23:59:59,99.3,78.5,routine inspection,,ECO-SERVICE-1,closed,False,False,False
DOP-0000881,KNT-NNM,DEV-KNTNNM-2,2020-11-01T00:00:00,2020-11-30T23:59:59,86.6,86.0,routine inspection,,ECO-SERVICE-1,closed,False,False,False
DOP-0000882,KNT-NNM,DEV-KNTNNM-2,2020-12-01T00:00:00,2020-12-31T23:59:59,94.4,93.3,routine inspection,,ECO-SERVICE-1,closed,False,False,False
DOP-0000883,KNT-NNM,DEV-KNTNNM-2,2021-01-01T00:00:00,2021-01-31T23:59:59,96.2,92.9,routine inspection,,ECO-SERVICE-1,closed,False,False,False
DOP-0000884,KNT-NNM,DEV-KNTNNM-2,2021-02-01T00:00:00,2021-02-28T23:59:59,94.2,86.8,routine inspection,,ECO-SERVICE-1,closed,False,False,False
DOP-0000885,KNT-NNM,DEV-KNTNNM-2,2021-03-01T00:00:00,2021-03-31T23:59:59,99.9,82.8,routine inspection,,ECO-SERVICE-1,closed,False,False,False
DOP-0000886,KNT-NNM,DEV-KNTNNM-2,2021-04-01T00:00:00,2021-04-30T23:59:59,98.0,79.9,routine inspection,,ECO-SERVICE-1,closed,False,False,False
DOP-0000887,KNT-NNM,DEV-KNTNNM-2,2021-05-01T00:00:00,2021-05-31T23:59:59,93.2,73.2,routine inspection,,ECO-SERVICE-1,closed,False,False,False
DOP-0000888,KNT-NNM,DEV-KNTNNM-2,2021-06-01T00:00:00,2021-06-30T23:59:59,94.3,82.5,routine inspection,,ECO-SERVICE-1,closed,False,False,False
DOP-0000889,KNT-NNM,DEV-KNTNNM-2,2021-07-01T00:00:00,2021-07-31T23:59:59,100.0,81.4,routine inspection,,ECO-SERVICE-1,closed,False,False,False
DOP-0000890,KNT-NNM,DEV-KNTNNM-2,2021-08-01T00:00:00,2021-08-31T23:59:59,96.9,82.9,routine inspection,,ECO-SERVICE-1,closed,False,False,False
DOP-0000891,KNT-NNM,DEV-KNTNNM-2,2021-09-01T00:00:00,2021-09-30T23:59:59,100.0,95.1,routine inspection,,ECO-SERVICE-1,closed,False,False,False
DOP-0000892,KNT-NNM,DEV-KNTNNM-2,2021-10-01T00:00:00,2021-10-31T23:59:59,90.6,86.8,routine inspection,,ECO-SERVICE-1,closed,False,False,False
DOP-0000893,KNT-NNM,DEV-KNTNNM-2,2021-11-01T00:00:00,2021-11-30T23:59:59,100.0,85.5,routine inspection,,ECO-SERVICE-1,closed,False,False,False
DOP-0000894,KNT-NNM,DEV-KNTNNM-2,2021-12-01T00:00:00,2021-12-31T23:59:59,95.0,93.9,routine inspection,,ECO-SERVICE-1,closed,False,False,False
DOP-0000895,KNT-NNM,DEV-KNTNNM-2,2022-01-01T00:00:00,2022-01-31T23:59:59,86.4,81.4,routine inspection,,ECO-SERVICE-1,closed,False,False,False
DOP-0000896,KNT-NNM,DEV-KNTNNM-2,2022-02-01T00:00:00,2022-02-28T23:59:59,100.0,78.4,routine inspection,,ECO-SERVICE-1,closed,False,False,False
DOP-0000897,KNT-NNM,DEV-KNTNNM-2,2022-03-01T00:00:00,2022-03-31T23:59:59,100.0,68.0,routine inspection,,ECO-SERVICE-1,closed,False,False,False
DOP-0000898,KNT-NNM,DEV-KNTNNM-2,2022-04-01T00:00:00,2022-04-30T23:59:59,68.8,76.0,corrective maintenance,MICROPHONE_DRIFT,ECO-SERVICE-1,closed,True,False,False
DOP-0000899,KNT-NNM,DEV-KNTNNM-2,2022-05-01T00:00:00,2022-05-31T23:59:59,96.7,77.9,routine inspection,,ECO-SERVICE-1,closed,False,False,False
DOP-0000900,KNT-NNM,DEV-KNTNNM-2,2022-06-01T00:00:00,2022-06-30T23:59:59,95.5,71.8,routine inspection,,ECO-SERVICE-1,closed,False,False,False
DOP-0000901,KNT-NNM,DEV-KNTNNM-2,2022-07-01T00:00:00,2022-07-31T23:59:59,90.6,78.1,routine inspection,,ECO-SERVICE-1,closed,False,False,False
DOP-0000902,KNT-NNM,DEV-KNTNNM-2,2022-08-01T00:00:00,2022-08-31T23:59:59,94.1,81.9,routine inspection,,ECO-SERVICE-1,closed,False,False,False
DOP-0000903,KNT-NNM,DEV-KNTNNM-2,2022-09-01T00:00:00,2022-09-30T23:59:59,94.3,74.4,routine inspection,,ECO-SERVICE-1,closed,False,False,False
DOP-0000904,KNT-NNM,DEV-KNTNNM-2,2022-10-01T00:00:00,2022-10-31T23:59:59,93.8,76.2,routine inspection,,ECO-SERVICE-1,closed,False,False,False
DOP-0000905,KNT-NNM,DEV-KNTNNM-2,2022-11-01T00:00:00,2022-11-30T23:59:59,100.0,74.5,routine inspection,,ECO-SERVICE-1,closed,False,False,False
DOP-0000906,KNT-NNM,DEV-KNTNNM-2,2022-12-01T00:00:00,2022-12-31T23:59:59,85.4,75.9,routine inspection,,ECO-SERVICE-1,closed,False,False,False
DOP-0000907,KNT-NNM,DEV-KNTNNM-2,2023-01-01T00:00:00,2023-01-31T23:59:59,97.4,80.7,routine inspection,,ECO-SERVICE-1,closed,False,False,False
DOP-0000908,KNT-NNM,DEV-KNTNNM-2,2023-02-01T00:00:00,2023-02-28T23:59:59,92.0,81.8,routine inspection,,ECO-SERVICE-1,closed,False,False,False
DOP-0000909,KNT-NNM,DEV-KNTNNM-2,2023-03-01T00:00:00,2023-03-31T23:59:59,96.2,90.9,routine inspection,,ECO-SERVICE-1,closed,False,False,False
DOP-0000910,KNT-NNM,DEV-KNTNNM-2,2023-04-01T00:00:00,2023-04-30T23:59:59,88.3,75.3,routine inspection,,ECO-SERVICE-1,closed,False,False,False
DOP-0000911,KNT-NNM,DEV-KNTNNM-2,2023-05-01T00:00:00,2023-05-31T23:59:59,94.2,87.0,routine inspection,,ECO-SERVICE-1,closed,False,False,False
DOP-0000912,KNT-NNM,DEV-KNTNNM-2,2023-06-01T00:00:00,2023-06-30T23:59:59,100.0,75.6,routine inspection,,ECO-SERVICE-1,closed,False,False,False
DOP-0000913,KNT-NNM,DEV-KNTNNM-2,2023-07-01T00:00:00,2023-07-31T23:59:59,95.7,62.7,routine inspection,,ECO-SERVICE-1,closed,False,False,False
DOP-0000914,KNT-NNM,DEV-KNTNNM-2,2023-08-01T00:00:00,2023-08-31T23:59:59,81.5,73.0,routine inspection,,ECO-SERVICE-1,closed,False,False,False
DOP-0000915,KNT-NNM,DEV-KNTNNM-2,2023-09-01T00:00:00,2023-09-30T23:59:59,85.5,71.2,routine inspection,,ECO-SERVICE-1,closed,False,False,False
DOP-0000916,KNT-NNM,DEV-KNTNNM-2,2023-10-01T00:00:00,2023-10-31T23:59:59,100.0,77.1,routine inspection,,ECO-SERVICE-1,closed,False,False,False
DOP-0000917,KNT-NNM,DEV-KNTNNM-2,2023-11-01T00:00:00,2023-11-30T23:59:59,89.9,82.4,routine inspection,,ECO-SERVICE-1,closed,False,False,False
DOP-0000918,KNT-NNM,DEV-KNTNNM-2,2023-12-01T00:00:00,2023-12-31T23:59:59,89.4,87.4,routine inspection,,ECO-SERVICE-1,closed,False,False,False
DOP-0000919,KNT-NNM,DEV-KNTNNM-2,2024-01-01T00:00:00,2024-01-31T23:59:59,99.7,83.3,routine inspection,,ECO-SERVICE-1,closed,False,False,False
DOP-0000920,KNT-NNM,DEV-KNTNNM-2,2024-02-01T00:00:00,2024-02-29T23:59:59,78.8,74.9,corrective maintenance,POWER_INTERRUPTION,ECO-SERVICE-1,closed,False,True,False
DOP-0000921,KNT-NNM,DEV-KNTNNM-2,2024-03-01T00:00:00,2024-03-31T23:59:59,89.6,88.4,routine inspection,,ECO-SERVICE-1,closed,False,False,False
DOP-0000922,KNT-NNM,DEV-KNTNNM-2,2024-04-01T00:00:00,30-Apr-2024 23:59:59,100.0,88.9,routine inspection,,ECO-SERVICE-1,closed,False,False,False
DOP-0000923,KNT-NNM,DEV-KNTNNM-2,2024-05-01T00:00:00,2024-05-31T23:59:59,97.9,83.2,routine inspection,,ECO-SERVICE-1,closed,False,False,False
DOP-0000924,KNT-NNM,DEV-KNTNNM-2,2024-06-01T00:00:00,2024-06-30T23:59:59,74.5,63.3,corrective maintenance,MICROPHONE_DRIFT,ECO-SERVICE-1,closed,True,False,False
DOP-0000925,KNT-NNM,DEV-KNTNNM-2,2024-07-01T00:00:00,2024-07-31T23:59:59,89.3,91.3,routine inspection,,ECO-SERVICE-1,closed,False,False,False
DOP-0000926,KNT-NNM,DEV-KNTNNM-2,2024-08-01T00:00:00,2024-08-31T23:59:59,89.1,78.3,routine inspection,,ECO-SERVICE-1,closed,False,False,False
DOP-0000927,KNT-NNM,DEV-KNTNNM-2,2024-09-01T00:00:00,2024-09-30T23:59:59,88.5,81.4,routine inspection,,ECO-SERVICE-1,closed,False,False,False
DOP-0000928,KNT-NNM,DEV-KNTNNM-2,2024-10-01T00:00:00,2024-10-31T23:59:59,91.1,93.3,routine inspection,,ECO-SERVICE-1,closed,False,False,False
DOP-0000929,KNT-NNM,DEV-KNTNNM-2,2024-11-01T00:00:00,2024-11-30T23:59:59,100.0,92.6,routine inspection,,ECO-SERVICE-1,closed,False,False,False
DOP-0000930,KNT-NNM,DEV-KNTNNM-2,2024-12-01T00:00:00,2024-12-31T23:59:59,90.6,74.2,routine inspection,,ECO-SERVICE-1,closed,False,False,False
DOP-0000931,KNT-NNM,DEV-KNTNNM-2,2025-01-01T00:00:00,2025-01-31T23:59:59,96.8,79.6,routine inspection,,ECO-SERVICE-1,closed,False,False,False
DOP-0000932,KNT-NNM,DEV-KNTNNM-2,2025-02-01T00:00:00,2025-02-28T23:59:59,90.3,89.9,routine inspection,,ECO-SERVICE-1,closed,False,False,False
DOP-0000933,KNT-NNM,DEV-KNTNNM-2,2025-03-01T00:00:00,2025-03-31T23:59:59,100.0,90.7,routine inspection,,ECO-SERVICE-1,closed,False,False,False
DOP-0000934,KNT-NNM,DEV-KNTNNM-2,2025-04-01T00:00:00,2025-04-30T23:59:59,95.4,83.1,routine inspection,,ECO-SERVICE-1,closed,False,False,False
DOP-0000935,KNT-NNM,DEV-KNTNNM-2,2025-05-01T00:00:00,2025-05-31T23:59:59,91.4,76.9,routine inspection,,ECO-SERVICE-1,closed,False,False,False
DOP-0000936,KNT-NNM,DEV-KNTNNM-2,2025-06-01T00:00:00,2025-06-30T23:59:59,93.4,86.1,routine inspection,,ECO-SERVICE-1,closed,False,False,False
DOP-0000937,KNT-JAK,DEV-KNTJAK-3,2019-01-01T00:00:00,2019-01-31T23:59:59,93.0,81.7,routine inspection,,ECO-SERVICE-2,closed,False,False,False
DOP-0000938,KNT-JAK,DEV-KNTJAK-3,2019-02-01T00:00:00,2019-02-28T23:59:59,99.3,91.3,routine inspection,,ECO-SERVICE-2,closed,False,False,False
DOP-0000939,KNT-JAK,DEV-KNTJAK-3,2019-03-01T00:00:00,2019-03-31T23:59:59,98.2,72.5,routine inspection,,ECO-SERVICE-2,closed,False,False,False
DOP-0000940,KNT-JAK,DEV-KNTJAK-3,2019-04-01T00:00:00,2019/04/30 23:59:59,93.1,80.7,routine inspection,,ECO-SERVICE-2,closed,False,False,False
DOP-0000941,KNT-JAK,DEV-KNTJAK-3,2019-05-01T00:00:00,2019-05-31T23:59:59,96.4,79.7,routine inspection,,ECO-SERVICE-2,closed,False,False,False
DOP-0000942,KNT-JAK,DEV-KNTJAK-3,2019-06-01T00:00:00,2019-06-30T23:59:59,100.0,73.1,routine inspection,,ECO-SERVICE-2,closed,False,False,False
DOP-0000943,KNT-JAK,DEV-KNTJAK-3,2019-07-01T00:00:00,2019-07-31T23:59:59,99.8,71.5,routine inspection,,ECO-SERVICE-2,closed,False,False,False
DOP-0000944,KNT-JAK,DEV-KNTJAK-3,2019-08-01T00:00:00,2019-08-31T23:59:59,94.5,79.5,routine inspection,,ECO-SERVICE-2,closed,False,False,False
DOP-0000945,KNT-JAK,DEV-KNTJAK-3,2019-09-01T00:00:00,2019-09-30T23:59:59,94.0,82.0,routine inspection,,ECO-SERVICE-2,closed,False,False,False
DOP-0000946,KNT-JAK,DEV-KNTJAK-3,2019-10-01T00:00:00,2019-10-31T23:59:59,99.5,90.2,routine inspection,,ECO-SERVICE-2,closed,False,False,False
DOP-0000947,KNT-JAK,DEV-KNTJAK-3,2019-11-01T00:00:00,2019-11-30T23:59:59,92.0,85.0,routine inspection,,ECO-SERVICE-2,closed,False,False,False
DOP-0000948,KNT-JAK,DEV-KNTJAK-3,2019-12-01T00:00:00,2019-12-31T23:59:59,84.0,70.3,corrective maintenance,STORAGE_LIMIT,ECO-SERVICE-2,closed,False,False,True
DOP-0000949,KNT-JAK,DEV-KNTJAK-3,2020-01-01T00:00:00,2020-01-31T23:59:59,94.6,79.0,routine inspection,,ECO-SERVICE-2,closed,False,False,False
DOP-0000950,KNT-JAK,DEV-KNTJAK-3,2020-02-01T00:00:00,2020-02-29T23:59:59,93.5,77.5,routine inspection,,ECO-SERVICE-2,closed,False,False,False
DOP-0000951,KNT-JAK,DEV-KNTJAK-3,2020-03-01T00:00:00,2020-03-31T23:59:59,96.2,72.5,routine inspection,,ECO-SERVICE-2,closed,False,False,False
DOP-0000952,KNT-JAK,DEV-KNTJAK-3,2020-04-01T00:00:00,2020-04-30T23:59:59,83.4,79.9,routine inspection,,ECO-SERVICE-2,closed,False,False,False
DOP-0000953,KNT-JAK,DEV-KNTJAK-3,2020-05-01T00:00:00,2020-05-31T23:59:59,100.0,73.3,routine inspection,,ECO-SERVICE-2,closed,False,False,False
DOP-0000954,KNT-JAK,DEV-KNTJAK-3,2020-06-01T00:00:00,2020-06-30T23:59:59,85.9,64.3,routine inspection,,ECO-SERVICE-2,closed,False,False,False
DOP-0000955,KNT-JAK,DEV-KNTJAK-3,2020-07-01T00:00:00,2020-07-31T23:59:59,98.4,75.1,routine inspection,,ECO-SERVICE-2,closed,False,False,False
DOP-0000956,KNT-JAK,DEV-KNTJAK-3,2020-08-01T00:00:00,2020-08-31T23:59:59,90.0,73.2,routine inspection,,ECO-SERVICE-2,closed,False,False,False
DOP-0000957,KNT-JAK,DEV-KNTJAK-3,2020-09-01T00:00:00,2020-09-30T23:59:59,93.8,91.5,routine inspection,,ECO-SERVICE-2,closed,False,False,False
DOP-0000958,KNT-JAK,DEV-KNTJAK-3,2020-10-01T00:00:00,2020-10-31T23:59:59,96.0,83.1,routine inspection,,ECO-SERVICE-2,closed,False,False,False
DOP-0000959,KNT-JAK,DEV-KNTJAK-3,2020-11-01T00:00:00,2020-11-30T23:59:59,92.2,85.1,routine inspection,,ECO-SERVICE-2,closed,False,False,False
DOP-0000960,KNT-JAK,DEV-KNTJAK-3,2020-12-01T00:00:00,2020-12-31T23:59:59,89.9,79.9,routine inspection,,ECO-SERVICE-2,closed,False,False,False
DOP-0000961,KNT-JAK,DEV-KNTJAK-3,2021-01-01T00:00:00,2021-01-31T23:59:59,91.4,89.5,routine inspection,,ECO-SERVICE-2,closed,False,False,False
DOP-0000962,KNT-JAK,DEV-KNTJAK-3,2021-02-01T00:00:00,2021-02-28T23:59:59,98.0,71.5,routine inspection,,ECO-SERVICE-2,closed,False,False,False
DOP-0000963,KNT-JAK,DEV-KNTJAK-3,2021-03-01T00:00:00,2021-03-31T23:59:59,94.5,83.5,routine inspection,,ECO-SERVICE-2,closed,False,False,False
DOP-0000964,KNT-JAK,DEV-KNTJAK-3,2021-04-01T00:00:00,2021-04-30T23:59:59,87.5,87.1,routine inspection,,ECO-SERVICE-2,closed,False,False,False
DOP-0000965,KNT-JAK,DEV-KNTJAK-3,2021-05-01T00:00:00,2021-05-31T23:59:59,93.2,81.0,routine inspection,,ECO-SERVICE-2,closed,False,False,False
DOP-0000966,KNT-JAK,DEV-KNTJAK-3,2021-06-01T00:00:00,2021-06-30T23:59:59,93.1,78.1,routine inspection,,ECO-SERVICE-2,closed,False,False,False
DOP-0000967,KNT-JAK,DEV-KNTJAK-3,2021-07-01T00:00:00,2021-07-31T23:59:59,86.8,82.8,routine inspection,,ECO-SERVICE-2,closed,False,False,False
DOP-0000968,KNT-JAK,DEV-KNTJAK-3,2021-08-01T00:00:00,2021-08-31T23:59:59,90.6,76.7,routine inspection,,ECO-SERVICE-2,closed,False,False,False
DOP-0000969,KNT-JAK,DEV-KNTJAK-3,2021-09-01T00:00:00,2021-09-30T23:59:59,90.1,78.8,routine inspection,,ECO-SERVICE-2,closed,False,False,False
DOP-0000970,KNT-JAK,DEV-KNTJAK-3,2021-10-01T00:00:00,2021-10-31T23:59:59,98.5,75.8,routine inspection,,ECO-SERVICE-2,closed,False,False,False
DOP-0000971,KNT-JAK,DEV-KNTJAK-3,2021-11-01T00:00:00,2021-11-30T23:59:59,85.9,76.8,routine inspection,,ECO-SERVICE-2,closed,False,False,False
DOP-0000972,KNT-JAK,DEV-KNTJAK-3,2021-12-01T00:00:00,2021-12-31T23:59:59,100.0,85.7,routine inspection,,ECO-SERVICE-2,closed,False,False,False
DOP-0000973,KNT-JAK,DEV-KNTJAK-3,2022-01-01T00:00:00,2022-01-31T23:59:59,91.8,87.9,routine inspection,,ECO-SERVICE-2,closed,False,False,False
DOP-0000974,KNT-JAK,DEV-KNTJAK-3,2022-02-01T00:00:00,2022-02-28T23:59:59,98.3,97.1,routine inspection,,ECO-SERVICE-2,closed,False,False,False
DOP-0000975,KNT-JAK,DEV-KNTJAK-3,2022-03-01T00:00:00,2022-03-31T23:59:59,88.2,87.3,routine inspection,,ECO-SERVICE-2,closed,False,False,False
DOP-0000976,KNT-JAK,DEV-KNTJAK-3,2022-04-01T00:00:00,2022-04-30T23:59:59,91.6,77.6,routine inspection,,ECO-SERVICE-2,closed,False,False,False
DOP-0000977,KNT-JAK,DEV-KNTJAK-3,2022-05-01T00:00:00,2022-05-31T23:59:59,99.9,100.0,routine inspection,,ECO-SERVICE-2,closed,False,False,False
DOP-0000978,KNT-JAK,DEV-KNTJAK-3,2022-06-01T00:00:00,2022-06-30T23:59:59,68.6,69.4,corrective maintenance,STORAGE_LIMIT,ECO-SERVICE-2,closed,False,False,True
DOP-0000979,KNT-JAK,DEV-KNTJAK-3,2022-07-01T00:00:00,2022-07-31T23:59:59,93.4,78.6,routine inspection,,ECO-SERVICE-2,closed,False,False,False
DOP-0000980,KNT-JAK,DEV-KNTJAK-3,2022-08-01T00:00:00,2022-08-31T23:59:59,96.5,75.9,routine inspection,,ECO-SERVICE-2,closed,False,False,False
DOP-0000981,KNT-JAK,DEV-KNTJAK-3,2022-09-01T00:00:00,2022-09-30T23:59:59,99.8,70.2,routine inspection,,ECO-SERVICE-2,closed,False,False,False
DOP-0000982,KNT-JAK,DEV-KNTJAK-3,2022-10-01T00:00:00,2022-10-31T23:59:59,93.9,80.9,routine inspection,,ECO-SERVICE-2,closed,False,False,False
DOP-0000983,KNT-JAK,DEV-KNTJAK-3,2022-11-01T00:00:00,2022-11-30T23:59:59,90.1,76.0,routine inspection,,ECO-SERVICE-2,closed,False,False,False
DOP-0000984,KNT-JAK,DEV-KNTJAK-3,2022-12-01T00:00:00,2022-12-31T23:59:59,94.8,85.7,routine inspection,,ECO-SERVICE-2,closed,False,False,False
DOP-0000985,KNT-JAK,DEV-KNTJAK-3,2023-01-01T00:00:00,2023-01-31T23:59:59,99.6,84.6,routine inspection,,ECO-SERVICE-2,closed,False,False,False
DOP-0000986,KNT-JAK,DEV-KNTJAK-3,2023-02-01T00:00:00,2023-02-28T23:59:59,94.9,91.8,routine inspection,,ECO-SERVICE-2,closed,False,False,False
DOP-0000987,KNT-JAK,DEV-KNTJAK-3,2023-03-01T00:00:00,2023-03-31T23:59:59,96.1,80.4,routine inspection,,ECO-SERVICE-2,closed,False,False,False
DOP-0000988,KNT-JAK,DEV-KNTJAK-3,2023-04-01T00:00:00,2023-04-30T23:59:59,91.3,78.4,routine inspection,,ECO-SERVICE-2,closed,False,False,False
DOP-0000989,KNT-JAK,DEV-KNTJAK-3,2023-05-01T00:00:00,2023-05-31T23:59:59,96.2,72.7,routine inspection,,ECO-SERVICE-2,closed,False,False,False
DOP-0000990,KNT-JAK,DEV-KNTJAK-3,2023-06-01T00:00:00,2023-06-30T23:59:59,91.8,66.7,routine inspection,,ECO-SERVICE-2,closed,False,False,False
DOP-0000991,KNT-JAK,DEV-KNTJAK-3,2023-07-01T00:00:00,2023-07-31T23:59:59,93.5,84.4,routine inspection,,ECO-SERVICE-2,closed,False,False,False
DOP-0000992,KNT-JAK,DEV-KNTJAK-3,2023-08-01T00:00:00,2023-08-31T23:59:59,94.2,87.5,routine inspection,,ECO-SERVICE-2,closed,False,False,False
DOP-0000993,KNT-JAK,DEV-KNTJAK-3,2023-09-01T00:00:00,2023-09-30T23:59:59,90.0,84.6,routine inspection,,ECO-SERVICE-2,closed,False,False,False
DOP-0000994,KNT-JAK,DEV-KNTJAK-3,2023-10-01T00:00:00,2023-10-31T23:59:59,88.8,75.8,routine inspection,,ECO-SERVICE-2,closed,False,False,False
DOP-0000995,KNT-JAK,DEV-KNTJAK-3,2023-11-01T00:00:00,2023-11-30T23:59:59,98.9,86.1,routine inspection,,ECO-SERVICE-2,closed,False,False,False
DOP-0000996,KNT-JAK,DEV-KNTJAK-3,2023-12-01T00:00:00,2023-12-31T23:59:59,90.0,82.0,routine inspection,,ECO-SERVICE-2,closed,False,False,False
DOP-0000997,KNT-JAK,DEV-KNTJAK-3,2024-01-01T00:00:00,2024-01-31T23:59:59,99.2,93.3,routine inspection,,ECO-SERVICE-2,closed,False,False,False
DOP-0000998,KNT-JAK,DEV-KNTJAK-3,2024-02-01T00:00:00,2024-02-29T23:59:59,95.6,86.6,routine inspection,,ECO-SERVICE-2,closed,False,False,False
DOP-0000999,KNT-JAK,DEV-KNTJAK-3,2024-03-01T00:00:00,2024-03-31T23:59:59,100.0,77.3,routine inspection,,ECO-SERVICE-2,closed,False,False,False
DOP-0001000,KNT-JAK,DEV-KNTJAK-3,2024-04-01T00:00:00,2024-04-30T23:59:59,100.0,85.3,routine inspection,,ECO-SERVICE-2,closed,False,False,False
DOP-0001001,KNT-JAK,DEV-KNTJAK-3,2024-05-01T00:00:00,2024-05-31T23:59:59,94.2,88.9,routine inspection,,ECO-SERVICE-2,closed,False,False,False
DOP-0001002,KNT-JAK,DEV-KNTJAK-3,2024-06-01T00:00:00,2024-06-30T23:59:59,95.2,85.4,routine inspection,,ECO-SERVICE-2,closed,False,False,False
DOP-0001003,KNT-JAK,DEV-KNTJAK-3,2024-07-01T00:00:00,2024-07-31T23:59:59,93.7,83.7,routine inspection,,ECO-SERVICE-2,closed,False,False,False
DOP-0001004,KNT-JAK,DEV-KNTJAK-3,2024-08-01T00:00:00,2024-08-31T23:59:59,96.3,86.0,routine inspection,,ECO-SERVICE-2,closed,False,False,False
DOP-0001005,KNT-JAK,DEV-KNTJAK-3,2024-09-01T00:00:00,2024-09-30T23:59:59,93.8,85.6,routine inspection,,ECO-SERVICE-2,closed,False,False,False
DOP-0001006,KNT-JAK,DEV-KNTJAK-3,2024-10-01T00:00:00,2024-10-31T23:59:59,84.4,83.8,routine inspection,,ECO-SERVICE-2,closed,False,False,False
DOP-0001007,KNT-JAK,DEV-KNTJAK-3,2024-11-01T00:00:00,2024-11-30T23:59:59,86.3,83.9,routine inspection,,ECO-SERVICE-2,closed,False,False,False
DOP-0001008,KNT-JAK,DEV-KNTJAK-3,2024-12-01T00:00:00,2024-12-31T23:59:59,84.3,90.6,routine inspection,,ECO-SERVICE-2,closed,False,False,False
DOP-0001009,KNT-JAK,DEV-KNTJAK-3,2025-01-01T00:00:00,2025-01-31T23:59:59,92.0,75.1,routine inspection,,ECO-SERVICE-2,closed,False,False,False
DOP-0001010,KNT-JAK,DEV-KNTJAK-3,2025-02-01T00:00:00,2025-02-28T23:59:59,97.6,94.8,routine inspection,,ECO-SERVICE-2,closed,False,False,False
DOP-0001011,KNT-JAK,DEV-KNTJAK-3,2025-03-01T00:00:00,2025-03-31T23:59:59,94.2,72.7,routine inspection,,ECO-SERVICE-2,closed,False,False,False
DOP-0001012,KNT-JAK,DEV-KNTJAK-3,2025-04-01T00:00:00,2025-04-30T23:59:59,90.7,76.3,routine inspection,,ECO-SERVICE-2,closed,False,False,False
DOP-0001013,KNT-JAK,DEV-KNTJAK-3,2025-05-01T00:00:00,2025-05-31T23:59:59,100.0,71.5,routine inspection,,ECO-SERVICE-2,closed,False,False,False
DOP-0001014,KNT-JAK,DEV-KNTJAK-3,2025-06-01T00:00:00,2025-06-30T23:59:59,98.3,68.7,routine inspection,,ECO-SERVICE-2,closed,False,False,False
DOP-0001015,KNT-JQG,DEV-KNTJQG-1,2019-01-01T00:00:00,2019-01-31T23:59:59,88.7,80.0,routine inspection,,ECO-SERVICE-3,closed,False,False,False
DOP-0001016,KNT-JQG,DEV-KNTJQG-1,2019-02-01T00:00:00,2019-02-28T23:59:59,94.9,80.3,routine inspection,,ECO-SERVICE-3,closed,False,False,False
DOP-0001017,KNT-JQG,DEV-KNTJQG-1,2019-03-01T00:00:00,2019-03-31T23:59:59,90.9,73.5,routine inspection,,ECO-SERVICE-3,closed,False,False,False
DOP-0001018,KNT-JQG,DEV-KNTJQG-1,2019-04-01T00:00:00,30/04/2019 23:59:59,94.5,81.1,routine inspection,,ECO-SERVICE-3,closed,False,False,False
DOP-0001019,KNT-JQG,DEV-KNTJQG-1,2019-05-01T00:00:00,2019-05-31T23:59:59,94.3,79.2,routine inspection,,ECO-SERVICE-3,closed,False,False,False
DOP-0001020,KNT-JQG,DEV-KNTJQG-1,2019-06-01T00:00:00,2019-06-30T23:59:59,95.3,82.7,routine inspection,,ECO-SERVICE-3,closed,False,False,False
DOP-0001021,KNT-JQG,DEV-KNTJQG-1,2019-07-01T00:00:00,2019-07-31T23:59:59,98.1,79.4,routine inspection,,ECO-SERVICE-3,closed,False,False,False
DOP-0001022,KNT-JQG,DEV-KNTJQG-1,2019-08-01T00:00:00,2019-08-31T23:59:59,87.9,67.7,routine inspection,,ECO-SERVICE-3,closed,False,False,False
DOP-0001023,KNT-JQG,DEV-KNTJQG-1,2019-09-01T00:00:00,2019-09-30T23:59:59,90.9,79.0,routine inspection,,ECO-SERVICE-3,closed,False,False,False
DOP-0001024,KNT-JQG,DEV-KNTJQG-1,2019-10-01T00:00:00,2019-10-31T23:59:59,89.4,72.9,routine inspection,,ECO-SERVICE-3,closed,False,False,False
DOP-0001025,KNT-JQG,DEV-KNTJQG-1,2019-11-01T00:00:00,2019-11-30T23:59:59,94.7,75.2,routine inspection,,ECO-SERVICE-3,closed,False,False,False
DOP-0001026,KNT-JQG,DEV-KNTJQG-1,2019-12-01T00:00:00,2019-12-31T23:59:59,100.0,78.9,routine inspection,,ECO-SERVICE-3,closed,False,False,False
DOP-0001027,KNT-JQG,DEV-KNTJQG-1,2020-01-01T00:00:00,2020-01-31T23:59:59,93.9,69.9,routine inspection,,ECO-SERVICE-3,closed,False,False,False
DOP-0001028,KNT-JQG,DEV-KNTJQG-1,2020-02-01T00:00:00,2020-02-29T23:59:59,89.5,83.0,routine inspection,,,closed,False,False,False
DOP-0001029,KNT-JQG,DEV-KNTJQG-1,2020-03-01T00:00:00,2020-03-31T23:59:59,100.0,72.4,routine inspection,,ECO-SERVICE-3,closed,False,False,False
DOP-0001030,KNT-JQG,DEV-KNTJQG-1,2020-04-01T00:00:00,2020-04-30T23:59:59,91.9,77.2,routine inspection,,ECO-SERVICE-3,closed,False,False,False
DOP-0001031,KNT-JQG,DEV-KNTJQG-1,2020-05-01T00:00:00,2020-05-31T23:59:59,95.8,84.1,routine inspection,,ECO-SERVICE-3,closed,False,False,False
DOP-0001032,KNT-JQG,DEV-KNTJQG-1,2020-06-01T00:00:00,2020-06-30T23:59:59,97.2,79.6,routine inspection,,ECO-SERVICE-3,closed,False,False,False
DOP-0001033,KNT-JQG,DEV-KNTJQG-1,2020-07-01T00:00:00,2020-07-31T23:59:59,100.0,64.4,routine inspection,,ECO-SERVICE-3,closed,False,False,False
DOP-0001034,KNT-JQG,DEV-KNTJQG-1,2020-08-01T00:00:00,2020-08-31T23:59:59,98.1,84.5,routine inspection,,ECO-SERVICE-3,closed,False,False,False
DOP-0001035,KNT-JQG,DEV-KNTJQG-1,2020-09-01T00:00:00,2020-09-30T23:59:59,96.9,73.7,routine inspection,,ECO-SERVICE-3,closed,False,False,False
DOP-0001036,KNT-JQG,DEV-KNTJQG-1,2020-10-01T00:00:00,2020-10-31T23:59:59,100.0,71.3,routine inspection,,ECO-SERVICE-3,closed,False,False,False
DOP-0001037,KNT-JQG,DEV-KNTJQG-1,2020-11-01T00:00:00,2020-11-30T23:59:59,91.3,85.5,routine inspection,,ECO-SERVICE-3,closed,False,False,False
DOP-0001038,KNT-JQG,DEV-KNTJQG-1,2020-12-01T00:00:00,2020-12-31T23:59:59,100.0,92.0,routine inspection,,ECO-SERVICE-3,closed,False,False,False
DOP-0001039,KNT-JQG,DEV-KNTJQG-1,2021-01-01T00:00:00,2021-01-31T23:59:59,96.7,78.1,routine inspection,,ECO-SERVICE-3,closed,False,False,False
DOP-0001040,KNT-JQG,DEV-KNTJQG-1,2021-02-01T00:00:00,2021-02-28T23:59:59,100.0,86.3,routine inspection,,ECO-SERVICE-3,closed,False,False,False
DOP-0001041,KNT-JQG,DEV-KNTJQG-1,2021-03-01T00:00:00,2021-03-31T23:59:59,90.7,83.8,routine inspection,,ECO-SERVICE-3,closed,False,False,False
DOP-0001042,KNT-JQG,DEV-KNTJQG-1,2021-04-01T00:00:00,2021-04-30T23:59:59,91.7,84.8,routine inspection,,ECO-SERVICE-3,closed,False,False,False
DOP-0001043,KNT-JQG,DEV-KNTJQG-1,2021-05-01T00:00:00,2021-05-31T23:59:59,92.6,77.8,routine inspection,,ECO-SERVICE-3,closed,False,False,False
DOP-0001044,KNT-JQG,DEV-KNTJQG-1,2021-06-01T00:00:00,2021-06-30T23:59:59,92.5,72.7,routine inspection,,ECO-SERVICE-3,closed,False,False,False
DOP-0001045,KNT-JQG,DEV-KNTJQG-1,2021-07-01T00:00:00,2021-07-31T23:59:59,93.4,89.9,routine inspection,,ECO-SERVICE-3,closed,False,False,False
DOP-0001046,KNT-JQG,DEV-KNTJQG-1,2021-08-01T00:00:00,2021-08-31T23:59:59,81.6,77.4,routine inspection,,ECO-SERVICE-3,closed,False,False,False
DOP-0001047,KNT-JQG,DEV-KNTJQG-1,2021-09-01T00:00:00,2021-09-30T23:59:59,99.0,63.4,routine inspection,,ECO-SERVICE-3,closed,False,False,False
DOP-0001048,KNT-JQG,DEV-KNTJQG-1,2021-10-01T00:00:00,2021-10-31T23:59:59,96.0,69.4,routine inspection,,ECO-SERVICE-3,closed,False,False,False
DOP-0001049,KNT-JQG,DEV-KNTJQG-1,2021-11-01T00:00:00,2021-11-30T23:59:59,84.5,83.4,routine inspection,,ECO-SERVICE-3,closed,False,False,False
DOP-0001050,KNT-JQG,DEV-KNTJQG-1,2021-12-01T00:00:00,2021-12-31T23:59:59,96.1,73.1,routine inspection,,ECO-SERVICE-3,closed,False,False,False
DOP-0001051,KNT-JQG,DEV-KNTJQG-1,2022-01-01T00:00:00,2022-01-31T23:59:59,90.7,87.5,routine inspection,,ECO-SERVICE-3,closed,False,False,False
DOP-0001052,KNT-JQG,DEV-KNTJQG-1,2022-02-01T00:00:00,2022-02-28T23:59:59,97.3,74.9,routine inspection,,ECO-SERVICE-3,closed,False,False,False
DOP-0001053,KNT-JQG,DEV-KNTJQG-1,2022-03-01T00:00:00,2022-03-31T23:59:59,93.2,80.1,routine inspection,,ECO-SERVICE-3,closed,False,False,False
DOP-0001054,KNT-JQG,DEV-KNTJQG-1,2022-04-01T00:00:00,2022-04-30T23:59:59,90.9,84.8,routine inspection,,ECO-SERVICE-3,closed,False,False,False
DOP-0001055,KNT-JQG,DEV-KNTJQG-1,2022-05-01T00:00:00,2022-05-31T23:59:59,85.1,80.7,routine inspection,,ECO-SERVICE-3,closed,False,False,False
DOP-0001056,KNT-JQG,DEV-KNTJQG-1,2022-06-01T00:00:00,2022-06-30T23:59:59,90.4,77.8,routine inspection,,ECO-SERVICE-3,closed,False,False,False
DOP-0001057,KNT-JQG,DEV-KNTJQG-1,2022-07-01T00:00:00,2022-07-31T23:59:59,97.9,89.1,routine inspection,,ECO-SERVICE-3,closed,False,False,False
DOP-0001058,KNT-JQG,DEV-KNTJQG-1,2022-08-01T00:00:00,2022-08-31T23:59:59,95.6,83.7,routine inspection,,ECO-SERVICE-3,closed,False,False,False
DOP-0001059,KNT-JQG,DEV-KNTJQG-1,2022-09-01T00:00:00,2022-09-30T23:59:59,53.9,48.8,corrective maintenance,STORAGE_LIMIT,ECO-SERVICE-3,closed,False,False,True
DOP-0001060,KNT-JQG,DEV-KNTJQG-1,2022-10-01T00:00:00,2022-10-31T23:59:59,92.9,77.9,routine inspection,,ECO-SERVICE-3,closed,False,False,False
DOP-0001061,KNT-JQG,DEV-KNTJQG-1,2022-11-01T00:00:00,2022-11-30T23:59:59,97.1,80.4,routine inspection,,ECO-SERVICE-3,closed,False,False,False
DOP-0001062,KNT-JQG,DEV-KNTJQG-1,2022-12-01T00:00:00,2022-12-31T23:59:59,94.7,72.3,routine inspection,,ECO-SERVICE-3,closed,False,False,False
DOP-0001063,KNT-JQG,DEV-KNTJQG-1,2023-01-01T00:00:00,2023-01-31T23:59:59,81.4,92.6,routine inspection,,ECO-SERVICE-3,closed,False,False,False
DOP-0001064,KNT-JQG,DEV-KNTJQG-1,2023-02-01T00:00:00,2023-02-28T23:59:59,90.1,89.8,routine inspection,,ECO-SERVICE-3,closed,False,False,False
DOP-0001065,KNT-JQG,DEV-KNTJQG-1,2023-03-01T00:00:00,2023-03-31T23:59:59,100.0,73.2,routine inspection,,,closed,False,False,False
DOP-0001066,KNT-JQG,DEV-KNTJQG-1,2023-04-01T00:00:00,2023-04-30T23:59:59,84.5,66.7,routine inspection,,ECO-SERVICE-3,closed,False,False,False
DOP-0001067,KNT-JQG,DEV-KNTJQG-1,2023-05-01T00:00:00,2023-05-31T23:59:59,95.8,82.2,routine inspection,,ECO-SERVICE-3,closed,False,False,False
DOP-0001068,KNT-JQG,DEV-KNTJQG-1,2023-06-01T00:00:00,2023-06-30T23:59:59,99.1,67.6,routine inspection,,ECO-SERVICE-3,closed,False,False,False
DOP-0001069,KNT-JQG,DEV-KNTJQG-1,2023-07-01T00:00:00,2023-07-31T23:59:59,92.6,85.8,routine inspection,,ECO-SERVICE-3,closed,False,False,False
DOP-0001070,KNT-JQG,DEV-KNTJQG-1,2023-08-01T00:00:00,2023-08-31T23:59:59,95.4,67.0,routine inspection,,ECO-SERVICE-3,closed,False,False,False
DOP-0001071,KNT-JQG,DEV-KNTJQG-1,2023-09-01T00:00:00,2023-09-30T23:59:59,92.6,70.7,routine inspection,,ECO-SERVICE-3,closed,False,False,False
DOP-0001072,KNT-JQG,DEV-KNTJQG-1,2023-10-01T00:00:00,2023-10-31T23:59:59,96.7,77.9,routine inspection,,ECO-SERVICE-3,closed,False,False,False
DOP-0001073,KNT-JQG,DEV-KNTJQG-1,2023-11-01T00:00:00,2023-11-30T23:59:59,96.8,86.9,routine inspection,,ECO-SERVICE-3,closed,False,False,False
DOP-0001074,KNT-JQG,DEV-KNTJQG-1,2023-12-01T00:00:00,2023-12-31T23:59:59,98.6,69.6,routine inspection,,ECO-SERVICE-3,closed,False,False,False
DOP-0001075,KNT-JQG,DEV-KNTJQG-1,2024-01-01T00:00:00,2024-01-31T23:59:59,84.2,79.1,routine inspection,,ECO-SERVICE-3,closed,False,False,False
DOP-0001076,KNT-JQG,DEV-KNTJQG-1,2024-02-01T00:00:00,2024-02-29T23:59:59,92.0,81.3,routine inspection,,ECO-SERVICE-3,closed,False,False,False
DOP-0001077,KNT-JQG,DEV-KNTJQG-1,2024-03-01T00:00:00,2024-03-31T23:59:59,97.6,93.5,routine inspection,,ECO-SERVICE-3,closed,False,False,False
DOP-0001078,KNT-JQG,DEV-KNTJQG-1,2024-04-01T00:00:00,2024-04-30T23:59:59,84.1,90.0,routine inspection,,ECO-SERVICE-3,closed,False,False,False
DOP-0001079,KNT-JQG,DEV-KNTJQG-1,2024-05-01T00:00:00,2024-05-31T23:59:59,94.8,82.1,routine inspection,,ECO-SERVICE-3,closed,False,False,False
DOP-0001080,KNT-JQG,DEV-KNTJQG-1,2024-06-01T00:00:00,2024-06-30T23:59:59,85.1,75.5,routine inspection,,ECO-SERVICE-3,closed,False,False,False
DOP-0001081,KNT-JQG,DEV-KNTJQG-1,2024-07-01T00:00:00,2024-07-31T23:59:59,100.0,82.5,routine inspection,,ECO-SERVICE-3,closed,False,False,False
DOP-0001082,KNT-JQG,DEV-KNTJQG-1,2024-08-01T00:00:00,2024-08-31T23:59:59,100.0,70.0,routine inspection,,ECO-SERVICE-3,closed,False,False,False
DOP-0001083,KNT-JQG,DEV-KNTJQG-1,2024-09-01T00:00:00,2024-09-30T23:59:59,92.7,77.9,routine inspection,,ECO-SERVICE-3,closed,False,False,False
DOP-0001084,KNT-JQG,DEV-KNTJQG-1,2024-10-01T00:00:00,2024-10-31T23:59:59,96.3,82.7,routine inspection,,ECO-SERVICE-3,closed,False,False,False
DOP-0001085,KNT-JQG,DEV-KNTJQG-1,2024-11-01T00:00:00,2024-11-30T23:59:59,78.7,81.0,routine inspection,,ECO-SERVICE-3,closed,False,False,False
DOP-0001086,KNT-JQG,DEV-KNTJQG-1,2024-12-01T00:00:00,2024-12-31T23:59:59,89.3,97.1,routine inspection,,ECO-SERVICE-3,closed,False,False,False
DOP-0001087,KNT-JQG,DEV-KNTJQG-1,2025-01-01T00:00:00,2025-01-31T23:59:59,97.3,78.0,routine inspection,,ECO-SERVICE-3,closed,False,False,False
DOP-0001088,KNT-JQG,DEV-KNTJQG-1,2025-02-01T00:00:00,2025-02-28T23:59:59,94.8,75.8,routine inspection,,ECO-SERVICE-3,closed,False,False,False
DOP-0001089,KNT-JQG,DEV-KNTJQG-1,2025-03-01T00:00:00,2025-03-31T23:59:59,94.8,89.5,routine inspection,,ECO-SERVICE-3,closed,False,False,False
DOP-0001090,KNT-JQG,DEV-KNTJQG-1,2025-04-01T00:00:00,2025-04-30T23:59:59,91.9,83.6,routine inspection,,ECO-SERVICE-3,closed,False,False,False
DOP-0001091,KNT-JQG,DEV-KNTJQG-1,2025-05-01T00:00:00,2025-05-31T23:59:59,91.8,75.6,routine inspection,,ECO-SERVICE-3,closed,False,False,False
DOP-0001092,KNT-JQG,DEV-KNTJQG-1,2025-06-01T00:00:00,2025-06-30T23:59:59,92.4,78.8,routine inspection,,ECO-SERVICE-3,closed,False,False,False
DOP-0001093,KNT-VLB,DEV-KNTVLB-2,2019-01-01T00:00:00,2019-01-31T23:59:59,98.2,98.6,routine inspection,,ECO-SERVICE-4,closed,False,False,False
DOP-0001094,KNT-VLB,DEV-KNTVLB-2,2019-02-01T00:00:00,2019-02-28T23:59:59,98.2,77.8,routine inspection,,ECO-SERVICE-4,closed,False,False,False
DOP-0001095,KNT-VLB,DEV-KNTVLB-2,2019-03-01T00:00:00,2019-03-31T23:59:59,92.9,84.8,routine inspection,,ECO-SERVICE-4,closed,False,False,False
DOP-0001096,KNT-VLB,DEV-KNTVLB-2,2019-04-01T00:00:00,2019-04-30T23:59:59,85.0,82.9,routine inspection,,ECO-SERVICE-4,closed,False,False,False
DOP-0001097,KNT-VLB,DEV-KNTVLB-2,2019-05-01T00:00:00,2019-05-31T23:59:59,96.5,69.7,routine inspection,,ECO-SERVICE-4,closed,False,False,False
DOP-0001098,KNT-VLB,DEV-KNTVLB-2,2019-06-01T00:00:00,2019-06-30T23:59:59,94.2,78.6,routine inspection,,ECO-SERVICE-4,closed,False,False,False
DOP-0001099,KNT-VLB,DEV-KNTVLB-2,2019-07-01T00:00:00,2019-07-31T23:59:59,92.8,77.9,routine inspection,,ECO-SERVICE-4,closed,False,False,False
DOP-0001100,KNT-VLB,DEV-KNTVLB-2,2019-08-01T00:00:00,2019-08-31T23:59:59,87.5,69.7,routine inspection,,ECO-SERVICE-4,closed,False,False,False
DOP-0001101,KNT-VLB,DEV-KNTVLB-2,2019-09-01T00:00:00,2019-09-30T23:59:59,96.8,81.3,routine inspection,,ECO-SERVICE-4,closed,False,False,False
DOP-0001102,KNT-VLB,DEV-KNTVLB-2,2019-10-01T00:00:00,2019-10-31T23:59:59,90.7,95.2,routine inspection,,ECO-SERVICE-4,closed,False,False,False
DOP-0001103,KNT-VLB,DEV-KNTVLB-2,2019-11-01T00:00:00,2019-11-30T23:59:59,68.9,82.0,corrective maintenance,STORAGE_LIMIT,ECO-SERVICE-4,closed,False,False,True
DOP-0001104,KNT-VLB,DEV-KNTVLB-2,2019-12-01T00:00:00,2019-12-31T23:59:59,97.3,78.2,routine inspection,,ECO-SERVICE-4,closed,False,False,False
DOP-0001105,KNT-VLB,DEV-KNTVLB-2,2020-01-01T00:00:00,2020-01-31T23:59:59,89.5,81.3,routine inspection,,ECO-SERVICE-4,closed,False,False,False
DOP-0001106,KNT-VLB,DEV-KNTVLB-2,2020-02-01T00:00:00,2020-02-29T23:59:59,98.1,77.6,routine inspection,,ECO-SERVICE-4,closed,False,False,False
DOP-0001107,KNT-VLB,DEV-KNTVLB-2,2020-03-01T00:00:00,2020-03-31T23:59:59,100.0,93.7,routine inspection,,ECO-SERVICE-4,closed,False,False,False
DOP-0001108,KNT-VLB,DEV-KNTVLB-2,2020-04-01T00:00:00,2020-04-30T23:59:59,80.2,80.3,routine inspection,,ECO-SERVICE-4,closed,False,False,False
DOP-0001109,KNT-VLB,DEV-KNTVLB-2,2020-05-01T00:00:00,2020-05-31T23:59:59,84.5,80.9,routine inspection,,ECO-SERVICE-4,closed,False,False,False
DOP-0001110,KNT-VLB,DEV-KNTVLB-2,2020-06-01T00:00:00,2020-06-30T23:59:59,92.8,69.4,routine inspection,,ECO-SERVICE-4,closed,False,False,False
DOP-0001111,KNT-VLB,DEV-KNTVLB-2,2020-07-01T00:00:00,2020-07-31T23:59:59,90.9,92.8,routine inspection,,ECO-SERVICE-4,closed,False,False,False
DOP-0001112,KNT-VLB,DEV-KNTVLB-2,2020-08-01T00:00:00,2020-08-31T23:59:59,86.3,72.5,routine inspection,,ECO-SERVICE-4,closed,False,False,False
DOP-0001113,KNT-VLB,DEV-KNTVLB-2,2020-09-01T00:00:00,2020-09-30T23:59:59,92.4,75.5,routine inspection,,ECO-SERVICE-4,closed,False,False,False
DOP-0001114,KNT-VLB,DEV-KNTVLB-2,2020-10-01T00:00:00,2020-10-31T23:59:59,98.0,83.3,routine inspection,,ECO-SERVICE-4,closed,False,False,False
DOP-0001115,KNT-VLB,DEV-KNTVLB-2,2020-11-01T00:00:00,2020-11-30T23:59:59,90.0,80.2,routine inspection,,ECO-SERVICE-4,closed,False,False,False
DOP-0001116,KNT-VLB,DEV-KNTVLB-2,2020-12-01T00:00:00,2020-12-31T23:59:59,100.0,84.6,routine inspection,,ECO-SERVICE-4,closed,False,False,False
DOP-0001117,KNT-VLB,DEV-KNTVLB-2,2021-01-01T00:00:00,2021-01-31T23:59:59,88.2,90.4,routine inspection,,ECO-SERVICE-4,closed,False,False,False
DOP-0001118,KNT-VLB,DEV-KNTVLB-2,2021-02-01T00:00:00,2021-02-28T23:59:59,85.4,83.2,routine inspection,,ECO-SERVICE-4,closed,False,False,False
DOP-0001119,KNT-VLB,DEV-KNTVLB-2,2021-03-01T00:00:00,2021-03-31T23:59:59,100.0,86.5,routine inspection,,ECO-SERVICE-4,closed,False,False,False
DOP-0001120,KNT-VLB,DEV-KNTVLB-2,2021-04-01T00:00:00,2021-04-30T23:59:59,91.2,82.8,routine inspection,,ECO-SERVICE-4,closed,False,False,False
DOP-0001121,KNT-VLB,DEV-KNTVLB-2,2021-05-01T00:00:00,2021-05-31T23:59:59,100.0,70.6,routine inspection,,ECO-SERVICE-4,closed,False,False,False
DOP-0001122,KNT-VLB,DEV-KNTVLB-2,2021-06-01T00:00:00,2021-06-30T23:59:59,95.3,79.3,routine inspection,,ECO-SERVICE-4,closed,False,False,False
DOP-0001123,KNT-VLB,DEV-KNTVLB-2,2021-07-01T00:00:00,2021-07-31T23:59:59,86.2,74.7,routine inspection,,ECO-SERVICE-4,closed,False,False,False
DOP-0001124,KNT-VLB,DEV-KNTVLB-2,2021-08-01T00:00:00,2021-08-31T23:59:59,85.4,71.6,routine inspection,,ECO-SERVICE-4,closed,False,False,False
DOP-0001125,KNT-VLB,DEV-KNTVLB-2,2021-09-01T00:00:00,2021-09-30T23:59:59,97.5,84.7,routine inspection,,ECO-SERVICE-4,closed,False,False,False
DOP-0001126,KNT-VLB,DEV-KNTVLB-2,2021-10-01T00:00:00,2021-10-31T23:59:59,93.0,85.5,routine inspection,,ECO-SERVICE-4,closed,False,False,False
DOP-0001127,KNT-VLB,DEV-KNTVLB-2,2021-11-01T00:00:00,2021-11-30T23:59:59,93.5,77.9,routine inspection,,ECO-SERVICE-4,closed,False,False,False
DOP-0001128,KNT-VLB,DEV-KNTVLB-2,2021-12-01T00:00:00,2021-12-31T23:59:59,95.1,76.8,routine inspection,,ECO-SERVICE-4,closed,False,False,False
DOP-0001129,KNT-VLB,DEV-KNTVLB-2,2022-01-01T00:00:00,2022-01-31T23:59:59,89.8,82.0,routine inspection,,ECO-SERVICE-4,closed,False,False,False
DOP-0001130,KNT-VLB,DEV-KNTVLB-2,2022-02-01T00:00:00,2022-02-28T23:59:59,99.0,79.0,routine inspection,,ECO-SERVICE-4,closed,False,False,False
DOP-0001131,KNT-VLB,DEV-KNTVLB-2,2022-03-01T00:00:00,2022-03-31T23:59:59,100.0,83.3,routine inspection,,ECO-SERVICE-4,closed,False,False,False
DOP-0001132,KNT-VLB,DEV-KNTVLB-2,2022-04-01T00:00:00,2022-04-30T23:59:59,89.6,76.6,routine inspection,,ECO-SERVICE-4,closed,False,False,False
DOP-0001133,KNT-VLB,DEV-KNTVLB-2,2022-05-01T00:00:00,2022-05-31T23:59:59,92.7,68.6,routine inspection,,ECO-SERVICE-4,closed,False,False,False
DOP-0001134,KNT-VLB,DEV-KNTVLB-2,2022-06-01T00:00:00,2022-06-30T23:59:59,97.7,65.9,routine inspection,,ECO-SERVICE-4,closed,False,False,False
DOP-0001135,KNT-VLB,DEV-KNTVLB-2,2022-07-01T00:00:00,2022-07-31T23:59:59,87.8,73.5,routine inspection,,ECO-SERVICE-4,closed,False,False,False
DOP-0001136,KNT-VLB,DEV-KNTVLB-2,2022-08-01T00:00:00,2022-08-31T23:59:59,100.0,80.3,routine inspection,,ECO-SERVICE-4,closed,False,False,False
DOP-0001137,KNT-VLB,DEV-KNTVLB-2,2022-09-01T00:00:00,2022-09-30T23:59:59,93.1,86.8,routine inspection,,ECO-SERVICE-4,closed,False,False,False
DOP-0001138,KNT-VLB,DEV-KNTVLB-2,2022-10-01T00:00:00,2022/10/31 23:59:59,100.0,83.7,routine inspection,,ECO-SERVICE-4,closed,False,False,False
DOP-0001139,KNT-VLB,DEV-KNTVLB-2,2022-11-01T00:00:00,2022-11-30T23:59:59,94.3,67.9,routine inspection,,ECO-SERVICE-4,closed,False,False,False
DOP-0001140,KNT-VLB,DEV-KNTVLB-2,2022-12-01T00:00:00,2022-12-31T23:59:59,100.0,74.1,routine inspection,,ECO-SERVICE-4,closed,False,False,False
DOP-0001141,KNT-VLB,DEV-KNTVLB-2,2023-01-01T00:00:00,2023-01-31T23:59:59,87.8,88.9,routine inspection,,ECO-SERVICE-4,closed,False,False,False
DOP-0001142,KNT-VLB,DEV-KNTVLB-2,2023-02-01T00:00:00,2023-02-28T23:59:59,93.1,93.1,routine inspection,,ECO-SERVICE-4,closed,False,False,False
DOP-0001143,KNT-VLB,DEV-KNTVLB-2,2023-03-01T00:00:00,2023-03-31T23:59:59,92.8,83.1,routine inspection,,ECO-SERVICE-4,closed,False,False,False
DOP-0001144,KNT-VLB,DEV-KNTVLB-2,2023-04-01T00:00:00,2023-04-30T23:59:59,93.4,78.3,routine inspection,,ECO-SERVICE-4,closed,False,False,False
DOP-0001145,KNT-VLB,DEV-KNTVLB-2,2023-05-01T00:00:00,2023-05-31T23:59:59,97.3,75.7,routine inspection,,ECO-SERVICE-4,closed,False,False,False
DOP-0001146,KNT-VLB,DEV-KNTVLB-2,2023-06-01T00:00:00,2023-06-30T23:59:59,97.4,75.2,routine inspection,,ECO-SERVICE-4,closed,False,False,False
DOP-0001147,KNT-VLB,DEV-KNTVLB-2,2023-07-01T00:00:00,2023-07-31T23:59:59,96.5,74.9,routine inspection,,ECO-SERVICE-4,closed,False,False,False
DOP-0001148,KNT-VLB,DEV-KNTVLB-2,2023-08-01T00:00:00,2023-08-31T23:59:59,86.7,85.6,routine inspection,,ECO-SERVICE-4,closed,False,False,False
DOP-0001149,KNT-VLB,DEV-KNTVLB-2,2023-09-01T00:00:00,2023-09-30T23:59:59,90.6,77.4,routine inspection,,ECO-SERVICE-4,closed,False,False,False
DOP-0001150,KNT-VLB,DEV-KNTVLB-2,2023-10-01T00:00:00,2023-10-31T23:59:59,97.2,87.3,routine inspection,,ECO-SERVICE-4,closed,False,False,False
DOP-0001151,KNT-VLB,DEV-KNTVLB-2,2023-11-01T00:00:00,2023-11-30T23:59:59,91.1,78.0,routine inspection,,ECO-SERVICE-4,closed,False,False,False
DOP-0001152,KNT-VLB,DEV-KNTVLB-2,2023-12-01T00:00:00,2023-12-31T23:59:59,100.0,88.3,routine inspection,,ECO-SERVICE-4,closed,False,False,False
DOP-0001153,KNT-VLB,DEV-KNTVLB-2,2024-01-01T00:00:00,2024-01-31T23:59:59,96.6,92.6,routine inspection,,ECO-SERVICE-4,closed,False,False,False
DOP-0001154,KNT-VLB,DEV-KNTVLB-2,2024-02-01T00:00:00,2024-02-29T23:59:59,87.6,82.2,routine inspection,,ECO-SERVICE-4,closed,False,False,False
DOP-0001155,KNT-VLB,DEV-KNTVLB-2,2024-03-01T00:00:00,2024-03-31T23:59:59,89.0,81.0,routine inspection,,ECO-SERVICE-4,closed,False,False,False
DOP-0001156,KNT-VLB,DEV-KNTVLB-2,2024-04-01T00:00:00,2024-04-30T23:59:59,97.5,80.9,routine inspection,,ECO-SERVICE-4,closed,False,False,False
DOP-0001157,KNT-VLB,DEV-KNTVLB-2,2024-05-01T00:00:00,2024-05-31T23:59:59,93.0,80.0,routine inspection,,ECO-SERVICE-4,closed,False,False,False
DOP-0001158,KNT-VLB,DEV-KNTVLB-2,2024-06-01T00:00:00,2024-06-30T23:59:59,96.1,81.0,routine inspection,,ECO-SERVICE-4,closed,False,False,False
DOP-0001159,KNT-VLB,DEV-KNTVLB-2,2024-07-01T00:00:00,2024-07-31T23:59:59,92.2,76.5,routine inspection,,ECO-SERVICE-4,closed,False,False,False
DOP-0001160,KNT-VLB,DEV-KNTVLB-2,2024-08-01T00:00:00,2024-08-31T23:59:59,90.5,79.6,routine inspection,,ECO-SERVICE-4,closed,False,False,False
DOP-0001161,KNT-VLB,DEV-KNTVLB-2,2024-09-01T00:00:00,2024-09-30T23:59:59,95.0,69.4,routine inspection,,ECO-SERVICE-4,closed,False,False,False
DOP-0001162,KNT-VLB,DEV-KNTVLB-2,2024-10-01T00:00:00,2024-10-31T23:59:59,100.0,80.6,routine inspection,,ECO-SERVICE-4,closed,False,False,False
DOP-0001163,KNT-VLB,DEV-KNTVLB-2,2024-11-01T00:00:00,2024-11-30T23:59:59,88.4,90.5,routine inspection,,ECO-SERVICE-4,closed,False,False,False
DOP-0001164,KNT-VLB,DEV-KNTVLB-2,2024-12-01T00:00:00,2024-12-31T23:59:59,93.1,71.8,routine inspection,,ECO-SERVICE-4,closed,False,False,False
DOP-0001165,KNT-VLB,DEV-KNTVLB-2,2025-01-01T00:00:00,2025-01-31T23:59:59,93.0,76.4,routine inspection,,ECO-SERVICE-4,closed,False,False,False
DOP-0001166,KNT-VLB,DEV-KNTVLB-2,2025-02-01T00:00:00,2025-02-28T23:59:59,97.3,83.3,routine inspection,,ECO-SERVICE-4,closed,False,False,False
DOP-0001167,KNT-VLB,DEV-KNTVLB-2,2025-03-01T00:00:00,2025-03-31T23:59:59,85.5,89.7,routine inspection,,ECO-SERVICE-4,closed,False,False,False
DOP-0001168,KNT-VLB,DEV-KNTVLB-2,2025-04-01T00:00:00,2025-04-30T23:59:59,91.1,85.4,routine inspection,,ECO-SERVICE-4,closed,False,False,False
DOP-0001169,KNT-VLB,DEV-KNTVLB-2,2025-05-01T00:00:00,2025-05-31T23:59:59,93.0,75.0,routine inspection,,ECO-SERVICE-4,CLOSED,False,False,False
DOP-0001170,KNT-VLB,DEV-KNTVLB-2,2025-06-01T00:00:00,2025-06-30T23:59:59,98.3,80.8,routine inspection,,ECO-SERVICE-4,closed,False,False,False
DOP-0001171,KNT-CHP,DEV-KNTCHP-3,2019-01-01T00:00:00,2019-01-31T23:59:59,88.1,93.5,routine inspection,,ECO-SERVICE-1,closed,False,False,False
DOP-0001172,KNT-CHP,DEV-KNTCHP-3,2019-02-01T00:00:00,2019-02-28T23:59:59,95.9,86.9,routine inspection,,ECO-SERVICE-1,closed,False,False,False
DOP-0001173,KNT-CHP,DEV-KNTCHP-3,2019-03-01T00:00:00,2019-03-31T23:59:59,54.5,56.0,sensor replacement,MICROPHONE_DRIFT,ECO-SERVICE-1,closed,True,False,False
DOP-0001174,KNT-CHP,DEV-KNTCHP-3,2019-04-01T00:00:00,2019-04-30T23:59:59,38.7,44.3,sensor replacement,MICROPHONE_DRIFT,ECO-SERVICE-1,closed,True,False,False
DOP-0001175,KNT-CHP,DEV-KNTCHP-3,2019-05-01T00:00:00,2019-05-31T23:59:59,99.7,85.9,routine inspection,,ECO-SERVICE-1,closed,False,False,False
DOP-0001176,KNT-CHP,DEV-KNTCHP-3,2019-06-01T00:00:00,2019-06-30T23:59:59,93.9,82.6,routine inspection,,ECO-SERVICE-1,closed,False,False,False
DOP-0001177,KNT-CHP,DEV-KNTCHP-3,2019-07-01T00:00:00,2019-07-31T23:59:59,99.4,71.4,routine inspection,,ECO-SERVICE-1,closed,False,False,False
DOP-0001178,KNT-CHP,DEV-KNTCHP-3,2019-08-01T00:00:00,2019-08-31T23:59:59,89.1,72.5,routine inspection,,ECO-SERVICE-1,closed,False,False,False
DOP-0001179,KNT-CHP,DEV-KNTCHP-3,2019-09-01T00:00:00,2019-09-30T23:59:59,53.2,43.8,sensor replacement,MICROPHONE_DRIFT,ECO-SERVICE-1,closed,True,False,False
DOP-0001180,KNT-CHP,DEV-KNTCHP-3,2019-10-01T00:00:00,2019-10-31T23:59:59,38.9,39.4,sensor replacement,MICROPHONE_DRIFT,ECO-SERVICE-1,closed,True,False,False
DOP-0001181,KNT-CHP,DEV-KNTCHP-3,2019-11-01T00:00:00,2019-11-30T23:59:59,91.6,83.0,routine inspection,,ECO-SERVICE-1,closed,False,False,False
DOP-0001182,KNT-CHP,DEV-KNTCHP-3,2019-12-01T00:00:00,2019-12-31T23:59:59,91.5,91.0,routine inspection,,ECO-SERVICE-1,closed,False,False,False
DOP-0001183,KNT-CHP,DEV-KNTCHP-3,2020-01-01T00:00:00,2020-01-31T23:59:59,93.3,86.5,routine inspection,,ECO-SERVICE-1,closed,False,False,False
DOP-0001184,KNT-CHP,DEV-KNTCHP-3,2020-02-01T00:00:00,2020-02-29T23:59:59,98.6,79.4,routine inspection,,ECO-SERVICE-1,closed,False,False,False
DOP-0001185,KNT-CHP,DEV-KNTCHP-3,2020-03-01T00:00:00,2020-03-31T23:59:59,33.6,64.9,sensor replacement,MICROPHONE_DRIFT,ECO-SERVICE-1,closed,True,False,False
DOP-0001186,KNT-CHP,DEV-KNTCHP-3,2020-04-01T00:00:00,2020-04-30T23:59:59,53.8,58.3,sensor replacement,MICROPHONE_DRIFT,ECO-SERVICE-1,closed,True,False,False
DOP-0001187,KNT-CHP,DEV-KNTCHP-3,2020-05-01T00:00:00,2020-05-31T23:59:59,96.4,77.5,routine inspection,,ECO-SERVICE-1,closed,False,False,False
DOP-0001188,KNT-CHP,DEV-KNTCHP-3,2020-06-01T00:00:00,2020-06-30T23:59:59,97.5,85.5,routine inspection,,ECO-SERVICE-1,closed,False,False,False
DOP-0001189,KNT-CHP,DEV-KNTCHP-3,2020-07-01T00:00:00,2020-07-31T23:59:59,90.0,76.4,routine inspection,,ECO-SERVICE-1,closed,False,False,False
DOP-0001190,KNT-CHP,DEV-KNTCHP-3,2020-08-01T00:00:00,2020-08-31T23:59:59,87.7,61.1,routine inspection,,ECO-SERVICE-1,closed,False,False,False
DOP-0001191,KNT-CHP,DEV-KNTCHP-3,2020-09-01T00:00:00,2020-09-30T23:59:59,55.0,46.8,sensor replacement,MICROPHONE_DRIFT,ECO-SERVICE-1,closed,True,False,False
DOP-0001192,KNT-CHP,DEV-KNTCHP-3,2020-10-01T00:00:00,2020-10-31T23:59:59,60.4,55.7,sensor replacement,MICROPHONE_DRIFT,ECO-SERVICE-1,closed,True,False,False
DOP-0001193,KNT-CHP,DEV-KNTCHP-3,2020-11-01T00:00:00,2020-11-30T23:59:59,88.4,70.2,routine inspection,,ECO-SERVICE-1,closed,False,False,False
DOP-0001194,KNT-CHP,DEV-KNTCHP-3,2020-12-01T00:00:00,2020-12-31T23:59:59,97.0,88.2,routine inspection,,ECO-SERVICE-1,closed,False,False,False
DOP-0001195,KNT-CHP,DEV-KNTCHP-3,2021-01-01T00:00:00,2021-01-31T23:59:59,100.0,88.4,routine inspection,,ECO-SERVICE-1,closed,False,False,False
DOP-0001196,KNT-CHP,DEV-KNTCHP-3,2021-02-01T00:00:00,2021-02-28T23:59:59,98.1,77.1,routine inspection,,ECO-SERVICE-1,closed,False,False,False
DOP-0001197,KNT-CHP,DEV-KNTCHP-3,2021-03-01T00:00:00,2021-03-31T23:59:59,58.8,37.2,sensor replacement,MICROPHONE_DRIFT,ECO-SERVICE-1,closed,True,False,False
DOP-0001198,KNT-CHP,DEV-KNTCHP-3,2021-04-01T00:00:00,2021-04-30T23:59:59,42.4,58.4,sensor replacement,MICROPHONE_DRIFT,ECO-SERVICE-1,closed,True,False,False
DOP-0001199,KNT-CHP,DEV-KNTCHP-3,2021-05-01T00:00:00,2021-05-31T23:59:59,89.8,87.0,routine inspection,,ECO-SERVICE-1,closed,False,False,False
DOP-0001200,KNT-CHP,DEV-KNTCHP-3,2021-06-01T00:00:00,2021-06-30T23:59:59,95.6,64.8,routine inspection,,ECO-SERVICE-1,closed,False,False,False
DOP-0001201,KNT-CHP,DEV-KNTCHP-3,2021-07-01T00:00:00,2021-07-31T23:59:59,90.4,79.2,routine inspection,,ECO-SERVICE-1,closed,False,False,False
DOP-0001202,KNT-CHP,DEV-KNTCHP-3,2021-08-01T00:00:00,2021-08-31T23:59:59,83.1,66.2,routine inspection,,ECO-SERVICE-1,closed,False,False,False
DOP-0001203,KNT-CHP,DEV-KNTCHP-3,2021-09-01T00:00:00,2021-09-30T23:59:59,65.1,67.8,sensor replacement,MICROPHONE_DRIFT,ECO-SERVICE-1,closed,True,False,False
DOP-0001204,KNT-CHP,DEV-KNTCHP-3,2021-10-01T00:00:00,2021-10-31T23:59:59,41.7,55.7,sensor replacement,MICROPHONE_DRIFT,ECO-SERVICE-1,closed,True,False,False
DOP-0001205,KNT-CHP,DEV-KNTCHP-3,2021-11-01T00:00:00,30-Nov-2021 23:59:59,90.7,86.6,routine inspection,,ECO-SERVICE-1,closed,False,False,False
DOP-0001206,KNT-CHP,DEV-KNTCHP-3,2021-12-01T00:00:00,2021-12-31T23:59:59,99.0,89.2,routine inspection,,ECO-SERVICE-1,closed,False,False,False
DOP-0001207,KNT-CHP,DEV-KNTCHP-3,2022-01-01T00:00:00,2022-01-31T23:59:59,83.8,81.8,routine inspection,,ECO-SERVICE-1,closed,False,False,False
DOP-0001208,KNT-CHP,DEV-KNTCHP-3,2022-02-01T00:00:00,2022-02-28T23:59:59,93.4,74.1,routine inspection,,ECO-SERVICE-1,closed,False,False,False
DOP-0001209,KNT-CHP,DEV-KNTCHP-3,2022-03-01T00:00:00,2022-03-31T23:59:59,49.7,20.0,sensor replacement,MICROPHONE_DRIFT,ECO-SERVICE-1,closed,True,False,False
DOP-0001210,KNT-CHP,DEV-KNTCHP-3,2022-04-01T00:00:00,2022-04-30T23:59:59,29.9,62.5,sensor replacement,MICROPHONE_DRIFT,ECO-SERVICE-1,closed,True,False,False
DOP-0001211,KNT-CHP,DEV-KNTCHP-3,2022-05-01T00:00:00,2022-05-31T23:59:59,90.7,76.4,routine inspection,,ECO-SERVICE-1,closed,False,False,False
DOP-0001212,KNT-CHP,DEV-KNTCHP-3,2022-06-01T00:00:00,2022-06-30T23:59:59,99.2,80.8,routine inspection,,ECO-SERVICE-1,closed,False,False,False
DOP-0001213,KNT-CHP,DEV-KNTCHP-3,2022-07-01T00:00:00,2022-07-31T23:59:59,86.0,80.8,routine inspection,,ECO-SERVICE-1,closed,False,False,False
DOP-0001214,KNT-CHP,DEV-KNTCHP-3,2022-08-01T00:00:00,2022-08-31T23:59:59,89.1,86.8,routine inspection,,ECO-SERVICE-1,closed,False,False,False
DOP-0001215,KNT-CHP,DEV-KNTCHP-3,2022-09-01T00:00:00,2022-09-30T23:59:59,54.0,52.6,sensor replacement,MICROPHONE_DRIFT,ECO-SERVICE-1,closed,True,False,False
DOP-0001216,KNT-CHP,DEV-KNTCHP-3,2022-10-01T00:00:00,2022-10-31T23:59:59,58.8,59.4,sensor replacement,MICROPHONE_DRIFT,ECO-SERVICE-1,closed,True,False,False
DOP-0001217,KNT-CHP,DEV-KNTCHP-3,2022-11-01T00:00:00,2022-11-30T23:59:59,91.8,75.0,routine inspection,,ECO-SERVICE-1,closed,False,False,False
DOP-0001218,KNT-CHP,DEV-KNTCHP-3,2022-12-01T00:00:00,2022-12-31T23:59:59,94.3,86.7,routine inspection,,ECO-SERVICE-1,closed,False,False,False
DOP-0001219,KNT-CHP,DEV-KNTCHP-3,2023-01-01T00:00:00,2023-01-31T23:59:59,89.3,87.8,routine inspection,,ECO-SERVICE-1,closed,False,False,False
DOP-0001220,KNT-CHP,DEV-KNTCHP-3,2023-02-01T00:00:00,2023-02-28T23:59:59,88.6,76.6,routine inspection,,ECO-SERVICE-1,closed,False,False,False
DOP-0001221,KNT-CHP,DEV-KNTCHP-3,2023-03-01T00:00:00,2023-03-31T23:59:59,35.3,53.7,sensor replacement,MICROPHONE_DRIFT,ECO-SERVICE-1,closed,True,False,False
DOP-0001222,KNT-CHP,DEV-KNTCHP-3,2023-04-01T00:00:00,2023-04-30T23:59:59,49.3,63.6,sensor replacement,MICROPHONE_DRIFT,ECO-SERVICE-1,closed,True,False,False
DOP-0001223,KNT-CHP,DEV-KNTCHP-3,2023-05-01T00:00:00,2023-05-31T23:59:59,94.0,76.6,routine inspection,,ECO-SERVICE-1,closed,False,False,False
DOP-0001224,KNT-CHP,DEV-KNTCHP-3,2023-06-01T00:00:00,2023-06-30T23:59:59,94.3,66.5,routine inspection,,ECO-SERVICE-1,closed,False,False,False
DOP-0001225,KNT-CHP,DEV-KNTCHP-3,2023-07-01T00:00:00,2023-07-31T23:59:59,95.2,73.6,routine inspection,,ECO-SERVICE-1,closed,False,False,False
DOP-0001226,KNT-CHP,DEV-KNTCHP-3,2023-08-01T00:00:00,2023-08-31T23:59:59,93.2,73.5,routine inspection,,ECO-SERVICE-1,closed,False,False,False
DOP-0001227,KNT-CHP,DEV-KNTCHP-3,2023-09-01T00:00:00,2023-09-30T23:59:59,68.4,54.5,sensor replacement,MICROPHONE_DRIFT,ECO-SERVICE-1,closed,True,False,False
DOP-0001228,KNT-CHP,DEV-KNTCHP-3,2023-10-01T00:00:00,2023-10-31T23:59:59,51.3,55.7,sensor replacement,MICROPHONE_DRIFT,ECO-SERVICE-1,closed,True,False,False
DOP-0001229,KNT-CHP,DEV-KNTCHP-3,2023-11-01T00:00:00,2023-11-30T23:59:59,95.0,93.9,routine inspection,,ECO-SERVICE-1,closed,False,False,False
DOP-0001230,KNT-CHP,DEV-KNTCHP-3,2023-12-01T00:00:00,2023-12-31T23:59:59,100.0,79.4,routine inspection,,ECO-SERVICE-1,closed,False,False,False
DOP-0001231,KNT-CHP,DEV-KNTCHP-3,2024-01-01T00:00:00,2024-01-31T23:59:59,98.5,79.4,routine inspection,,ECO-SERVICE-1,closed,False,False,False
DOP-0001232,KNT-CHP,DEV-KNTCHP-3,2024-02-01T00:00:00,2024-02-29T23:59:59,90.8,72.8,routine inspection,,ECO-SERVICE-1,closed,False,False,False
DOP-0001233,KNT-CHP,DEV-KNTCHP-3,2024-03-01T00:00:00,2024-03-31T23:59:59,44.8,39.7,sensor replacement,MICROPHONE_DRIFT,ECO-SERVICE-1,closed,True,False,False
DOP-0001234,KNT-CHP,DEV-KNTCHP-3,2024-04-01T00:00:00,2024-04-30T23:59:59,61.9,56.8,sensor replacement,MICROPHONE_DRIFT,ECO-SERVICE-1,closed,True,False,False
DOP-0001235,KNT-CHP,DEV-KNTCHP-3,2024-05-01T00:00:00,2024-05-31T23:59:59,92.0,66.8,routine inspection,,ECO-SERVICE-1,closed,False,False,False
DOP-0001236,KNT-CHP,DEV-KNTCHP-3,2024-06-01T00:00:00,2024-06-30T23:59:59,98.0,84.7,routine inspection,,ECO-SERVICE-1,closed,False,False,False
DOP-0001237,KNT-CHP,DEV-KNTCHP-3,2024-07-01T00:00:00,2024-07-31T23:59:59,88.5,82.7,routine inspection,,ECO-SERVICE-1,closed,False,False,False
DOP-0001238,KNT-CHP,DEV-KNTCHP-3,2024-08-01T00:00:00,2024-08-31T23:59:59,95.1,71.6,routine inspection,,ECO-SERVICE-1,closed,False,False,False
DOP-0001239,KNT-CHP,DEV-KNTCHP-3,2024-09-01T00:00:00,2024-09-30T23:59:59,57.9,56.7,sensor replacement,MICROPHONE_DRIFT,ECO-SERVICE-1,closed,True,False,False
DOP-0001240,KNT-CHP,DEV-KNTCHP-3,2024-10-01T00:00:00,2024-10-31T23:59:59,43.7,51.1,sensor replacement,MICROPHONE_DRIFT,ECO-SERVICE-1,closed,True,False,False
DOP-0001241,KNT-CHP,DEV-KNTCHP-3,2024-11-01T00:00:00,2024-11-30T23:59:59,96.6,82.6,routine inspection,,ECO-SERVICE-1,closed,False,False,False
DOP-0001242,KNT-CHP,DEV-KNTCHP-3,2024-12-01T00:00:00,2024-12-31T23:59:59,100.0,76.4,routine inspection,,ECO-SERVICE-1,closed,False,False,False
DOP-0001243,KNT-CHP,DEV-KNTCHP-3,2025-01-01T00:00:00,2025-01-31T23:59:59,71.0,80.7,corrective maintenance,STORAGE_LIMIT,ECO-SERVICE-1,closed,False,False,True
DOP-0001244,KNT-CHP,DEV-KNTCHP-3,2025-02-01T00:00:00,2025-02-28T23:59:59,93.0,82.6,routine inspection,,ECO-SERVICE-1,closed,False,False,False
DOP-0001245,KNT-CHP,DEV-KNTCHP-3,2025-03-01T00:00:00,2025-03-31T23:59:59,46.3,47.9,sensor replacement,MICROPHONE_DRIFT,ECO-SERVICE-1,closed,True,False,False
DOP-0001246,KNT-CHP,DEV-KNTCHP-3,2025-04-01T00:00:00,2025-04-30T23:59:59,46.6,63.4,sensor replacement,MICROPHONE_DRIFT,ECO-SERVICE-1,closed,True,False,False
DOP-0001247,KNT-CHP,DEV-KNTCHP-3,2025-05-01T00:00:00,2025-05-31T23:59:59,85.1,86.1,routine inspection,,ECO-SERVICE-1,closed,False,False,False
DOP-0001248,KNT-CHP,DEV-KNTCHP-3,2025-06-01T00:00:00,2025-06-30T23:59:59,99.1,85.5,routine inspection,,ECO-SERVICE-1,closed,False,False,False
DOP-0001249,KNT-YRG,DEV-KNTYRG-1,2019-01-01T00:00:00,2019-01-31T23:59:59,90.5,79.2,routine inspection,,ECO-SERVICE-2,closed,False,False,False
DOP-0001250,KNT-YRG,DEV-KNTYRG-1,2019-02-01T00:00:00,2019-02-28T23:59:59,100.0,78.8,routine inspection,,ECO-SERVICE-2,closed,False,False,False
DOP-0001251,KNT-YRG,DEV-KNTYRG-1,2019-03-01T00:00:00,2019-03-31T23:59:59,92.0,81.9,routine inspection,,ECO-SERVICE-2,closed,False,False,False
DOP-0001252,KNT-YRG,DEV-KNTYRG-1,2019-04-01T00:00:00,2019-04-30T23:59:59,94.9,69.6,routine inspection,,ECO-SERVICE-2,closed,False,False,False
DOP-0001253,KNT-YRG,DEV-KNTYRG-1,2019-05-01T00:00:00,2019-05-31T23:59:59,84.7,67.0,routine inspection,,ECO-SERVICE-2,closed,False,False,False
DOP-0001254,KNT-YRG,DEV-KNTYRG-1,2019-06-01T00:00:00,2019-06-30T23:59:59,98.5,72.1,routine inspection,,ECO-SERVICE-2,closed,False,False,False
DOP-0001255,KNT-YRG,DEV-KNTYRG-1,2019-07-01T00:00:00,2019-07-31T23:59:59,92.2,67.2,routine inspection,,ECO-SERVICE-2,Closed,False,False,False
DOP-0001256,KNT-YRG,DEV-KNTYRG-1,2019-08-01T00:00:00,2019-08-31T23:59:59,100.0,74.3,routine inspection,,ECO-SERVICE-2,closed,False,False,False
DOP-0001257,KNT-YRG,DEV-KNTYRG-1,2019-09-01T00:00:00,2019-09-30T23:59:59,82.7,69.3,routine inspection,,ECO-SERVICE-2,closed,False,False,False
DOP-0001258,KNT-YRG,DEV-KNTYRG-1,2019-10-01T00:00:00,2019-10-31T23:59:59,90.8,68.9,routine inspection,,ECO-SERVICE-2,closed,False,False,False
DOP-0001259,KNT-YRG,DEV-KNTYRG-1,2019-11-01T00:00:00,2019-11-30T23:59:59,95.5,81.1,routine inspection,,ECO-SERVICE-2,closed,False,False,False
DOP-0001260,KNT-YRG,DEV-KNTYRG-1,2019-12-01T00:00:00,2019-12-31T23:59:59,64.6,59.2,corrective maintenance,STORAGE_LIMIT,ECO-SERVICE-2,closed,False,False,True
DOP-0001261,KNT-YRG,DEV-KNTYRG-1,2020-01-01T00:00:00,2020-01-31T23:59:59,83.1,86.7,routine inspection,,ECO-SERVICE-2,closed,False,False,False
DOP-0001262,KNT-YRG,DEV-KNTYRG-1,2020-02-01T00:00:00,2020-02-29T23:59:59,92.7,87.1,routine inspection,,ECO-SERVICE-2,closed,False,False,False
DOP-0001263,KNT-YRG,DEV-KNTYRG-1,2020-03-01T00:00:00,2020-03-31T23:59:59,97.4,90.8,routine inspection,,ECO-SERVICE-2,closed,False,False,False
DOP-0001264,KNT-YRG,DEV-KNTYRG-1,2020-04-01T00:00:00,2020-04-30T23:59:59,91.4,62.8,routine inspection,,ECO-SERVICE-2,closed,False,False,False
DOP-0001265,KNT-YRG,DEV-KNTYRG-1,2020-05-01T00:00:00,2020-05-31T23:59:59,100.0,63.2,routine inspection,,ECO-SERVICE-2,closed,False,False,False
DOP-0001266,KNT-YRG,DEV-KNTYRG-1,2020-06-01T00:00:00,2020-06-30T23:59:59,98.0,84.4,routine inspection,,ECO-SERVICE-2,closed,False,False,False
DOP-0001267,KNT-YRG,DEV-KNTYRG-1,2020-07-01T00:00:00,2020-07-31T23:59:59,95.3,60.2,routine inspection,,ECO-SERVICE-2,closed,False,False,False
DOP-0001268,KNT-YRG,DEV-KNTYRG-1,2020-08-01T00:00:00,2020-08-31T23:59:59,87.8,63.4,routine inspection,,ECO-SERVICE-2,closed,False,False,False
DOP-0001269,KNT-YRG,DEV-KNTYRG-1,2020-09-01T00:00:00,2020-09-30T23:59:59,86.1,71.3,routine inspection,,ECO-SERVICE-2,closed,False,False,False
DOP-0001270,KNT-YRG,DEV-KNTYRG-1,2020-10-01T00:00:00,2020-10-31T23:59:59,95.2,72.2,routine inspection,,ECO-SERVICE-2,closed,False,False,False
DOP-0001271,KNT-YRG,DEV-KNTYRG-1,2020-11-01T00:00:00,2020-11-30T23:59:59,100.0,74.2,routine inspection,,ECO-SERVICE-2,closed,False,False,False
DOP-0001272,KNT-YRG,DEV-KNTYRG-1,2020-12-01T00:00:00,2020-12-31T23:59:59,84.9,79.7,routine inspection,,ECO-SERVICE-2,closed,False,False,False
DOP-0001273,KNT-YRG,DEV-KNTYRG-1,2021-01-01T00:00:00,2021-01-31T23:59:59,94.2,83.2,routine inspection,,ECO-SERVICE-2,closed,False,False,False
DOP-0001274,KNT-YRG,DEV-KNTYRG-1,2021-02-01T00:00:00,2021-02-28T23:59:59,96.9,87.8,routine inspection,,ECO-SERVICE-2,closed,False,False,False
DOP-0001275,KNT-YRG,DEV-KNTYRG-1,2021-03-01T00:00:00,2021-03-31T23:59:59,86.3,96.6,routine inspection,,ECO-SERVICE-2,closed,False,False,False
DOP-0001276,KNT-YRG,DEV-KNTYRG-1,2021-04-01T00:00:00,2021-04-30T23:59:59,100.0,76.8,routine inspection,,ECO-SERVICE-2,closed,False,False,False
DOP-0001277,KNT-YRG,DEV-KNTYRG-1,2021-05-01T00:00:00,2021-05-31T23:59:59,100.0,72.8,routine inspection,,ECO-SERVICE-2,closed,False,False,False
DOP-0001278,KNT-YRG,DEV-KNTYRG-1,2021-06-01T00:00:00,2021-06-30T23:59:59,94.6,79.6,routine inspection,,ECO-SERVICE-2,closed,False,False,False
DOP-0001279,KNT-YRG,DEV-KNTYRG-1,2021-07-01T00:00:00,2021-07-31T23:59:59,98.8,80.5,routine inspection,,ECO-SERVICE-2,closed,False,False,False
DOP-0001280,KNT-YRG,DEV-KNTYRG-1,2021-08-01T00:00:00,2021-08-31T23:59:59,91.4,74.7,routine inspection,,ECO-SERVICE-2,closed,False,False,False
DOP-0001281,KNT-YRG,DEV-KNTYRG-1,2021-09-01T00:00:00,2021-09-30T23:59:59,88.9,83.0,routine inspection,,ECO-SERVICE-2,closed,False,False,False
DOP-0001282,KNT-YRG,DEV-KNTYRG-1,2021-10-01T00:00:00,2021-10-31T23:59:59,93.7,63.7,routine inspection,,ECO-SERVICE-2,closed,False,False,False
DOP-0001283,KNT-YRG,DEV-KNTYRG-1,2021-11-01T00:00:00,2021-11-30T23:59:59,100.0,79.1,routine inspection,,ECO-SERVICE-2,closed,False,False,False
DOP-0001284,KNT-YRG,DEV-KNTYRG-1,2021-12-01T00:00:00,2021-12-31T23:59:59,99.2,84.8,routine inspection,,ECO-SERVICE-2,closed,False,False,False
DOP-0001285,KNT-YRG,DEV-KNTYRG-1,2022-01-01T00:00:00,2022-01-31T23:59:59,99.4,76.5,routine inspection,,ECO-SERVICE-2,closed,False,False,False
DOP-0001286,KNT-YRG,DEV-KNTYRG-1,2022-02-01T00:00:00,2022-02-28T23:59:59,92.2,91.1,routine inspection,,ECO-SERVICE-2,closed,False,False,False
DOP-0001287,KNT-YRG,DEV-KNTYRG-1,2022-03-01T00:00:00,2022-03-31T23:59:59,93.8,73.9,routine inspection,,ECO-SERVICE-2,closed,False,False,False
DOP-0001288,KNT-YRG,DEV-KNTYRG-1,2022-04-01T00:00:00,2022-04-30T23:59:59,88.5,66.5,routine inspection,,ECO-SERVICE-2,closed,False,False,False
DOP-0001289,KNT-YRG,DEV-KNTYRG-1,2022-05-01T00:00:00,2022-05-31T23:59:59,94.3,76.7,routine inspection,,ECO-SERVICE-2,closed,False,False,False
DOP-0001290,KNT-YRG,DEV-KNTYRG-1,2022-06-01T00:00:00,2022-06-30T23:59:59,85.0,85.6,routine inspection,,ECO-SERVICE-2,closed,False,False,False
DOP-0001291,KNT-YRG,DEV-KNTYRG-1,2022-07-01T00:00:00,2022-07-31T23:59:59,82.9,78.6,routine inspection,,ECO-SERVICE-2,closed,False,False,False
DOP-0001292,KNT-YRG,DEV-KNTYRG-1,2022-08-01T00:00:00,2022-08-31T23:59:59,82.9,76.8,routine inspection,,ECO-SERVICE-2,closed,False,False,False
DOP-0001293,KNT-YRG,DEV-KNTYRG-1,2022-09-01T00:00:00,2022-09-30T23:59:59,100.0,79.3,routine inspection,,ECO-SERVICE-2,closed,False,False,False
DOP-0001294,KNT-YRG,DEV-KNTYRG-1,2022-10-01T00:00:00,2022-10-31T23:59:59,92.5,88.6,routine inspection,,ECO-SERVICE-2,closed,False,False,False
DOP-0001295,KNT-YRG,DEV-KNTYRG-1,2022-11-01T00:00:00,2022-11-30T23:59:59,99.6,88.3,routine inspection,,ECO-SERVICE-2,closed,False,False,False
DOP-0001296,KNT-YRG,DEV-KNTYRG-1,2022-12-01T00:00:00,2022-12-31T23:59:59,100.0,78.5,routine inspection,,ECO-SERVICE-2,closed,False,False,False
DOP-0001297,KNT-YRG,DEV-KNTYRG-1,2023-01-01T00:00:00,2023-01-31T23:59:59,95.5,86.5,routine inspection,,ECO-SERVICE-2,closed,False,False,False
DOP-0001298,KNT-YRG,DEV-KNTYRG-1,2023-02-01T00:00:00,2023-02-28T23:59:59,92.1,100.0,routine inspection,,ECO-SERVICE-2,closed,False,False,False
DOP-0001299,KNT-YRG,DEV-KNTYRG-1,2023-03-01T00:00:00,2023-03-31T23:59:59,94.6,94.1,routine inspection,,ECO-SERVICE-2,closed,False,False,False
DOP-0001300,KNT-YRG,DEV-KNTYRG-1,2023-04-01T00:00:00,2023-04-30T23:59:59,93.5,86.4,routine inspection,,ECO-SERVICE-2,closed,False,False,False
DOP-0001301,KNT-YRG,DEV-KNTYRG-1,2023-05-01T00:00:00,2023-05-31T23:59:59,87.0,67.8,routine inspection,,ECO-SERVICE-2,closed,False,False,False
DOP-0001302,KNT-YRG,DEV-KNTYRG-1,2023-06-01T00:00:00,2023-06-30T23:59:59,96.1,78.4,routine inspection,,ECO-SERVICE-2,closed,False,False,False
DOP-0001303,KNT-YRG,DEV-KNTYRG-1,2023-07-01T00:00:00,2023-07-31T23:59:59,92.7,75.6,routine inspection,,ECO-SERVICE-2,closed,False,False,False
DOP-0001304,KNT-YRG,DEV-KNTYRG-1,2023-08-01T00:00:00,2023-08-31T23:59:59,98.3,82.7,routine inspection,,ECO-SERVICE-2,closed,False,False,False
DOP-0001305,KNT-YRG,DEV-KNTYRG-1,2023-09-01T00:00:00,2023-09-30T23:59:59,100.0,79.7,routine inspection,,ECO-SERVICE-2,closed,False,False,False
DOP-0001306,KNT-YRG,DEV-KNTYRG-1,2023-10-01T00:00:00,2023-10-31T23:59:59,81.9,91.8,routine inspection,,,closed,False,False,False
DOP-0001307,KNT-YRG,DEV-KNTYRG-1,2023-11-01T00:00:00,2023-11-30T23:59:59,92.5,79.4,routine inspection,,ECO-SERVICE-2,closed,False,False,False
DOP-0001308,KNT-YRG,DEV-KNTYRG-1,2023-12-01T00:00:00,2023-12-31T23:59:59,96.2,84.0,routine inspection,,ECO-SERVICE-2,closed,False,False,False
DOP-0001309,KNT-YRG,DEV-KNTYRG-1,2024-01-01T00:00:00,2024-01-31T23:59:59,93.5,89.3,routine inspection,,ECO-SERVICE-2,closed,False,False,False
DOP-0001310,KNT-YRG,DEV-KNTYRG-1,2024-02-01T00:00:00,2024-02-29T23:59:59,99.2,79.3,routine inspection,,ECO-SERVICE-2,closed,False,False,False
DOP-0001311,KNT-YRG,DEV-KNTYRG-1,2024-03-01T00:00:00,2024-03-31T23:59:59,100.0,82.4,routine inspection,,ECO-SERVICE-2,closed,False,False,False
DOP-0001312,KNT-YRG,DEV-KNTYRG-1,2024-04-01T00:00:00,2024-04-30T23:59:59,90.6,80.6,routine inspection,,ECO-SERVICE-2,closed,False,False,False
DOP-0001313,KNT-YRG,DEV-KNTYRG-1,2024-05-01T00:00:00,2024-05-31T23:59:59,100.0,74.3,routine inspection,,ECO-SERVICE-2,closed,False,False,False
DOP-0001314,KNT-YRG,DEV-KNTYRG-1,2024-06-01T00:00:00,2024-06-30T23:59:59,89.2,82.7,routine inspection,,ECO-SERVICE-2,closed,False,False,False
DOP-0001315,KNT-YRG,DEV-KNTYRG-1,2024-07-01T00:00:00,2024-07-31T23:59:59,93.1,80.6,routine inspection,,ECO-SERVICE-2,closed,False,False,False
DOP-0001316,KNT-YRG,DEV-KNTYRG-1,2024-08-01T00:00:00,2024-08-31T23:59:59,95.5,63.6,routine inspection,,ECO-SERVICE-2,closed,False,False,False
DOP-0001317,KNT-YRG,DEV-KNTYRG-1,2024-09-01T00:00:00,2024-09-30T23:59:59,85.4,76.1,routine inspection,,ECO-SERVICE-2,closed,False,False,False
DOP-0001318,KNT-YRG,DEV-KNTYRG-1,2024-10-01T00:00:00,2024-10-31T23:59:59,89.6,74.7,routine inspection,,ECO-SERVICE-2,closed,False,False,False
DOP-0001319,KNT-YRG,DEV-KNTYRG-1,2024-11-01T00:00:00,2024-11-30T23:59:59,100.0,96.0,routine inspection,,ECO-SERVICE-2,closed,False,False,False
DOP-0001320,KNT-YRG,DEV-KNTYRG-1,2024-12-01T00:00:00,2024-12-31T23:59:59,90.5,76.5,routine inspection,,ECO-SERVICE-2,closed,False,False,False
DOP-0001321,KNT-YRG,DEV-KNTYRG-1,2025-01-01T00:00:00,2025-01-31T23:59:59,94.7,67.7,routine inspection,,ECO-SERVICE-2,closed,False,False,False
DOP-0001322,KNT-YRG,DEV-KNTYRG-1,2025-02-01T00:00:00,2025-02-28T23:59:59,87.9,84.3,routine inspection,,ECO-SERVICE-2,closed,False,False,False
DOP-0001323,KNT-YRG,DEV-KNTYRG-1,2025-03-01T00:00:00,2025-03-31T23:59:59,95.6,78.6,routine inspection,,ECO-SERVICE-2,closed,False,False,False
DOP-0001324,KNT-YRG,DEV-KNTYRG-1,2025-04-01T00:00:00,2025-04-30T23:59:59,88.7,73.7,routine inspection,,ECO-SERVICE-2,closed,False,False,False
DOP-0001325,KNT-YRG,DEV-KNTYRG-1,2025-05-01T00:00:00,31/05/2025 23:59:59,97.8,83.2,routine inspection,,ECO-SERVICE-2,closed,False,False,False
DOP-0001326,KNT-YRG,DEV-KNTYRG-1,2025-06-01T00:00:00,2025-06-30T23:59:59,90.3,65.9,routine inspection,,ECO-SERVICE-2,closed,False,False,False
DOP-0001327,KNT-WUQ,DEV-KNTWUQ-2,2019-01-01T00:00:00,2019-01-31T23:59:59,95.0,79.0,routine inspection,,ECO-SERVICE-3,closed,False,False,False
DOP-0001328,KNT-WUQ,DEV-KNTWUQ-2,2019-02-01T00:00:00,2019-02-28T23:59:59,94.3,83.6,routine inspection,,ECO-SERVICE-3,closed,False,False,False
DOP-0001329,KNT-WUQ,DEV-KNTWUQ-2,2019-03-01T00:00:00,2019-03-31T23:59:59,100.0,72.2,routine inspection,,ECO-SERVICE-3,closed,False,False,False
DOP-0001330,KNT-WUQ,DEV-KNTWUQ-2,2019-04-01T00:00:00,2019-04-30T23:59:59,100.0,75.0,routine inspection,,ECO-SERVICE-3,closed,False,False,False
DOP-0001331,KNT-WUQ,DEV-KNTWUQ-2,2019-05-01T00:00:00,2019-05-31T23:59:59,100.0,71.3,routine inspection,,ECO-SERVICE-3,closed,False,False,False
DOP-0001332,KNT-WUQ,DEV-KNTWUQ-2,2019-06-01T00:00:00,2019-06-30T23:59:59,92.6,56.6,routine inspection,,ECO-SERVICE-3,closed,False,False,False
DOP-0001333,KNT-WUQ,DEV-KNTWUQ-2,2019-07-01T00:00:00,2019-07-31T23:59:59,100.0,76.4,routine inspection,,ECO-SERVICE-3,closed,False,False,False
DOP-0001334,KNT-WUQ,DEV-KNTWUQ-2,2019-08-01T00:00:00,2019-08-31T23:59:59,78.0,70.0,corrective maintenance,STORAGE_LIMIT,ECO-SERVICE-3,closed,False,False,True
DOP-0001335,KNT-WUQ,DEV-KNTWUQ-2,2019-09-01T00:00:00,2019-09-30T23:59:59,95.4,84.6,routine inspection,,ECO-SERVICE-3,closed,False,False,False
DOP-0001336,KNT-WUQ,DEV-KNTWUQ-2,2019-10-01T00:00:00,2019-10-31T23:59:59,92.1,86.4,routine inspection,,ECO-SERVICE-3,closed,False,False,False
DOP-0001337,KNT-WUQ,DEV-KNTWUQ-2,2019-11-01T00:00:00,2019-11-30T23:59:59,99.4,90.1,routine inspection,,ECO-SERVICE-3,closed,False,False,False
DOP-0001338,KNT-WUQ,DEV-KNTWUQ-2,2019-12-01T00:00:00,2019-12-31T23:59:59,96.3,76.3,routine inspection,,ECO-SERVICE-3,closed,False,False,False
DOP-0001339,KNT-WUQ,DEV-KNTWUQ-2,2020-01-01T00:00:00,2020-01-31T23:59:59,89.1,86.2,routine inspection,,ECO-SERVICE-3,closed,False,False,False
DOP-0001340,KNT-WUQ,DEV-KNTWUQ-2,2020-02-01T00:00:00,2020-02-29T23:59:59,91.2,77.0,routine inspection,,ECO-SERVICE-3,closed,False,False,False
DOP-0001341,KNT-WUQ,DEV-KNTWUQ-2,2020-03-01T00:00:00,2020-03-31T23:59:59,96.4,92.5,routine inspection,,ECO-SERVICE-3,closed,False,False,False
DOP-0001342,KNT-WUQ,DEV-KNTWUQ-2,2020-04-01T00:00:00,2020-04-30T23:59:59,94.9,90.4,routine inspection,,ECO-SERVICE-3,closed,False,False,False
DOP-0001343,KNT-WUQ,DEV-KNTWUQ-2,2020-05-01T00:00:00,2020-05-31T23:59:59,95.5,77.1,routine inspection,,ECO-SERVICE-3,closed,False,False,False
DOP-0001344,KNT-WUQ,DEV-KNTWUQ-2,2020-06-01T00:00:00,2020-06-30T23:59:59,96.7,88.7,routine inspection,,ECO-SERVICE-3,closed,False,False,False
DOP-0001345,KNT-WUQ,DEV-KNTWUQ-2,2020-07-01T00:00:00,2020-07-31T23:59:59,91.3,74.2,routine inspection,,ECO-SERVICE-3,closed,False,False,False
DOP-0001346,KNT-WUQ,DEV-KNTWUQ-2,2020-08-01T00:00:00,2020-08-31T23:59:59,99.7,92.1,routine inspection,,ECO-SERVICE-3,closed,False,False,False
DOP-0001347,KNT-WUQ,DEV-KNTWUQ-2,2020-09-01T00:00:00,2020-09-30T23:59:59,92.2,76.4,routine inspection,,ECO-SERVICE-3,closed,False,False,False
DOP-0001348,KNT-WUQ,DEV-KNTWUQ-2,2020-10-01T00:00:00,2020-10-31T23:59:59,91.7,79.8,routine inspection,,ECO-SERVICE-3,closed,False,False,False
DOP-0001349,KNT-WUQ,DEV-KNTWUQ-2,2020-11-01T00:00:00,2020-11-30T23:59:59,91.2,76.2,routine inspection,,ECO-SERVICE-3,closed,False,False,False
DOP-0001350,KNT-WUQ,DEV-KNTWUQ-2,2020-12-01T00:00:00,2020-12-31T23:59:59,97.4,87.9,routine inspection,,ECO-SERVICE-3,closed,False,False,False
DOP-0001351,KNT-WUQ,DEV-KNTWUQ-2,2021-01-01T00:00:00,2021-01-31T23:59:59,89.9,83.8,routine inspection,,ECO-SERVICE-3,closed,False,False,False
DOP-0001352,KNT-WUQ,DEV-KNTWUQ-2,2021-02-01T00:00:00,2021-02-28T23:59:59,94.9,87.0,routine inspection,,ECO-SERVICE-3,closed,False,False,False
DOP-0001353,KNT-WUQ,DEV-KNTWUQ-2,2021-03-01T00:00:00,2021-03-31T23:59:59,93.2,83.9,routine inspection,,ECO-SERVICE-3,closed,False,False,False
DOP-0001354,KNT-WUQ,DEV-KNTWUQ-2,2021-04-01T00:00:00,2021-04-30T23:59:59,85.7,65.8,routine inspection,,,closed,False,False,False
DOP-0001355,KNT-WUQ,DEV-KNTWUQ-2,2021-05-01T00:00:00,2021-05-31T23:59:59,96.6,76.9,routine inspection,,ECO-SERVICE-3,closed,False,False,False
DOP-0001356,KNT-WUQ,DEV-KNTWUQ-2,2021-06-01T00:00:00,2021-06-30T23:59:59,96.1,71.7,routine inspection,,ECO-SERVICE-3,closed,False,False,False
DOP-0001357,KNT-WUQ,DEV-KNTWUQ-2,2021-07-01T00:00:00,2021-07-31T23:59:59,72.1,59.1,corrective maintenance,STORAGE_LIMIT,ECO-SERVICE-3,closed,False,False,True
DOP-0001358,KNT-WUQ,DEV-KNTWUQ-2,2021-08-01T00:00:00,2021-08-31T23:59:59,100.0,76.8,routine inspection,,ECO-SERVICE-3,closed,False,False,False
DOP-0001359,KNT-WUQ,DEV-KNTWUQ-2,2021-09-01T00:00:00,2021-09-30T23:59:59,100.0,75.9,routine inspection,,ECO-SERVICE-3,closed,False,False,False
DOP-0001360,KNT-WUQ,DEV-KNTWUQ-2,2021-10-01T00:00:00,2021-10-31T23:59:59,91.8,84.8,routine inspection,,ECO-SERVICE-3,closed,False,False,False
DOP-0001361,KNT-WUQ,DEV-KNTWUQ-2,2021-11-01T00:00:00,2021-11-30T23:59:59,93.5,83.1,routine inspection,,ECO-SERVICE-3,closed,False,False,False
DOP-0001362,KNT-WUQ,DEV-KNTWUQ-2,2021-12-01T00:00:00,2021-12-31T23:59:59,87.9,97.4,routine inspection,,ECO-SERVICE-3,closed,False,False,False
DOP-0001363,KNT-WUQ,DEV-KNTWUQ-2,2022-01-01T00:00:00,2022-01-31T23:59:59,90.9,80.1,routine inspection,,ECO-SERVICE-3,closed,False,False,False
DOP-0001364,KNT-WUQ,DEV-KNTWUQ-2,2022-02-01T00:00:00,2022-02-28T23:59:59,98.6,85.8,routine inspection,,ECO-SERVICE-3,closed,False,False,False
DOP-0001365,KNT-WUQ,DEV-KNTWUQ-2,2022-03-01T00:00:00,2022-03-31T23:59:59,98.0,79.7,routine inspection,,ECO-SERVICE-3,closed,False,False,False
DOP-0001366,KNT-WUQ,DEV-KNTWUQ-2,2022-04-01T00:00:00,2022-04-30T23:59:59,95.8,79.8,routine inspection,,ECO-SERVICE-3,closed,False,False,False
DOP-0001367,KNT-WUQ,DEV-KNTWUQ-2,2022-05-01T00:00:00,2022-05-31T23:59:59,71.3,47.5,corrective maintenance,MICROPHONE_DRIFT,ECO-SERVICE-3,closed,True,False,False
DOP-0001368,KNT-WUQ,DEV-KNTWUQ-2,2022-06-01T00:00:00,2022-06-30T23:59:59,100.0,82.4,routine inspection,,ECO-SERVICE-3,closed,False,False,False
DOP-0001369,KNT-WUQ,DEV-KNTWUQ-2,2022-07-01T00:00:00,2022-07-31T23:59:59,87.8,79.8,routine inspection,,ECO-SERVICE-3,closed,False,False,False
DOP-0001370,KNT-WUQ,DEV-KNTWUQ-2,2022-08-01T00:00:00,2022-08-31T23:59:59,88.9,81.6,routine inspection,,ECO-SERVICE-3,closed,False,False,False
DOP-0001371,KNT-WUQ,DEV-KNTWUQ-2,2022-09-01T00:00:00,2022-09-30T23:59:59,100.0,72.0,routine inspection,,ECO-SERVICE-3,closed,False,False,False
DOP-0001372,KNT-WUQ,DEV-KNTWUQ-2,2022-10-01T00:00:00,2022-10-31T23:59:59,100.0,74.8,routine inspection,,ECO-SERVICE-3,closed,False,False,False
DOP-0001373,KNT-WUQ,DEV-KNTWUQ-2,2022-11-01T00:00:00,2022-11-30T23:59:59,92.3,86.2,routine inspection,,ECO-SERVICE-3,closed,False,False,False
DOP-0001374,KNT-WUQ,DEV-KNTWUQ-2,2022-12-01T00:00:00,2022-12-31T23:59:59,97.5,83.7,routine inspection,,ECO-SERVICE-3,closed,False,False,False
DOP-0001375,KNT-WUQ,DEV-KNTWUQ-2,2023-01-01T00:00:00,2023-01-31T23:59:59,91.2,81.2,routine inspection,,ECO-SERVICE-3,closed,False,False,False
DOP-0001376,KNT-WUQ,DEV-KNTWUQ-2,2023-02-01T00:00:00,2023-02-28T23:59:59,100.0,85.9,routine inspection,,ECO-SERVICE-3,closed,False,False,False
DOP-0001377,KNT-WUQ,DEV-KNTWUQ-2,2023-03-01T00:00:00,2023-03-31T23:59:59,90.5,78.2,routine inspection,,ECO-SERVICE-3,closed,False,False,False
DOP-0001378,KNT-WUQ,DEV-KNTWUQ-2,2023-04-01T00:00:00,2023-04-30T23:59:59,92.6,94.4,routine inspection,,ECO-SERVICE-3,closed,False,False,False
DOP-0001379,KNT-WUQ,DEV-KNTWUQ-2,2023-05-01T00:00:00,2023-05-31T23:59:59,99.8,68.9,routine inspection,,ECO-SERVICE-3,closed,False,False,False
DOP-0001380,KNT-WUQ,DEV-KNTWUQ-2,2023-06-01T00:00:00,2023-06-30T23:59:59,100.0,75.6,routine inspection,,ECO-SERVICE-3,closed,False,False,False
DOP-0001381,KNT-WUQ,DEV-KNTWUQ-2,2023-07-01T00:00:00,2023-07-31T23:59:59,84.2,76.2,routine inspection,,ECO-SERVICE-3,closed,False,False,False
DOP-0001382,KNT-WUQ,DEV-KNTWUQ-2,2023-08-01T00:00:00,2023-08-31T23:59:59,86.9,76.2,routine inspection,,ECO-SERVICE-3,closed,False,False,False
DOP-0001383,KNT-WUQ,DEV-KNTWUQ-2,2023-09-01T00:00:00,2023-09-30T23:59:59,100.0,81.8,routine inspection,,ECO-SERVICE-3,closed,False,False,False
DOP-0001384,KNT-WUQ,DEV-KNTWUQ-2,2023-10-01T00:00:00,2023-10-31T23:59:59,97.6,75.3,routine inspection,,ECO-SERVICE-3,closed,False,False,False
DOP-0001385,KNT-WUQ,DEV-KNTWUQ-2,2023-11-01T00:00:00,2023-11-30T23:59:59,97.5,79.6,routine inspection,,ECO-SERVICE-3,closed,False,False,False
DOP-0001386,KNT-WUQ,DEV-KNTWUQ-2,2023-12-01T00:00:00,2023-12-31T23:59:59,98.6,98.4,routine inspection,,ECO-SERVICE-3,closed,False,False,False
DOP-0001387,KNT-WUQ,DEV-KNTWUQ-2,2024-01-01T00:00:00,2024-01-31T23:59:59,90.5,98.5,ROUTINE INSPECTION,,ECO-SERVICE-3,closed,False,False,False
DOP-0001388,KNT-WUQ,DEV-KNTWUQ-2,2024-02-01T00:00:00,2024-02-29T23:59:59,90.0,80.2,routine inspection,,ECO-SERVICE-3,closed,False,False,False
DOP-0001389,KNT-WUQ,DEV-KNTWUQ-2,2024-03-01T00:00:00,2024-03-31T23:59:59,94.2,85.8,routine inspection,,ECO-SERVICE-3,closed,False,False,False
DOP-0001390,KNT-WUQ,DEV-KNTWUQ-2,2024-04-01T00:00:00,2024-04-30T23:59:59,98.2,83.8,routine inspection,,ECO-SERVICE-3,closed,False,False,False
DOP-0001391,KNT-WUQ,DEV-KNTWUQ-2,2024-05-01T00:00:00,2024-05-31T23:59:59,92.7,78.6,routine inspection,,ECO-SERVICE-3,closed,False,False,False
DOP-0001392,KNT-WUQ,DEV-KNTWUQ-2,2024-06-01T00:00:00,2024-06-30T23:59:59,83.9,69.7,routine inspection,,ECO-SERVICE-3,closed,False,False,False
DOP-0001393,KNT-WUQ,DEV-KNTWUQ-2,2024-07-01T00:00:00,2024-07-31T23:59:59,91.5,73.6,routine inspection,,ECO-SERVICE-3,closed,False,False,False
DOP-0001394,KNT-WUQ,DEV-KNTWUQ-2,2024-08-01T00:00:00,2024-08-31T23:59:59,100.0,69.9,routine inspection,,ECO-SERVICE-3,closed,False,False,False
DOP-0001395,KNT-WUQ,DEV-KNTWUQ-2,2024-09-01T00:00:00,2024-09-30T23:59:59,95.9,91.4,routine inspection,,ECO-SERVICE-3,closed,False,False,False
DOP-0001396,KNT-WUQ,DEV-KNTWUQ-2,2024-10-01T00:00:00,2024-10-31T23:59:59,89.2,81.3,routine inspection,,ECO-SERVICE-3,closed,False,False,False
DOP-0001397,KNT-WUQ,DEV-KNTWUQ-2,2024-11-01T00:00:00,2024-11-30T23:59:59,93.3,77.7,routine inspection,,ECO-SERVICE-3,closed,False,False,False
DOP-0001398,KNT-WUQ,DEV-KNTWUQ-2,2024-12-01T00:00:00,2024-12-31T23:59:59,96.3,77.1,routine inspection,,ECO-SERVICE-3,closed,False,False,False
DOP-0001399,KNT-WUQ,DEV-KNTWUQ-2,2025-01-01T00:00:00,2025-01-31T23:59:59,91.6,79.9,routine inspection,,ECO-SERVICE-3,closed,False,False,False
DOP-0001400,KNT-WUQ,DEV-KNTWUQ-2,2025-02-01T00:00:00,2025-02-28T23:59:59,91.1,84.3,routine inspection,,ECO-SERVICE-3,closed,False,False,False
DOP-0001401,KNT-WUQ,DEV-KNTWUQ-2,2025-03-01T00:00:00,2025-03-31T23:59:59,85.6,72.5,routine inspection,,ECO-SERVICE-3,closed,False,False,False
DOP-0001402,KNT-WUQ,DEV-KNTWUQ-2,2025-04-01T00:00:00,2025-04-30T23:59:59,93.9,81.9,routine inspection,,ECO-SERVICE-3,closed,False,False,False
DOP-0001403,KNT-WUQ,DEV-KNTWUQ-2,2025-05-01T00:00:00,2025-05-31T23:59:59,94.4,81.8,routine inspection,,ECO-SERVICE-3,closed,False,False,False
DOP-0001404,KNT-WUQ,DEV-KNTWUQ-2,2025-06-01T00:00:00,2025-06-30T23:59:59,75.4,57.0,corrective maintenance,MICROPHONE_DRIFT,ECO-SERVICE-3,closed,True,False,False
DOP-0001405,KNT-DMJ,DEV-KNTDMJ-3,2019-01-01T00:00:00,2019-01-31T23:59:59,97.8,73.9,routine inspection,,ECO-SERVICE-4,closed,False,False,False
DOP-0001406,KNT-DMJ,DEV-KNTDMJ-3,2019-02-01T00:00:00,2019-02-28T23:59:59,97.4,76.7,routine inspection,,ECO-SERVICE-4,closed,False,False,False
DOP-0001407,KNT-DMJ,DEV-KNTDMJ-3,2019-03-01T00:00:00,2019-03-31T23:59:59,91.0,72.4,routine inspection,,ECO-SERVICE-4,closed,False,False,False
DOP-0001408,KNT-DMJ,DEV-KNTDMJ-3,2019-04-01T00:00:00,2019-04-30T23:59:59,96.0,77.1,routine inspection,,ECO-SERVICE-4,closed,False,False,False
DOP-0001409,KNT-DMJ,DEV-KNTDMJ-3,2019-05-01T00:00:00,2019-05-31T23:59:59,96.0,92.9,routine inspection,,ECO-SERVICE-4,closed,False,False,False
DOP-0001410,KNT-DMJ,DEV-KNTDMJ-3,2019-06-01T00:00:00,2019-06-30T23:59:59,89.9,72.2,routine inspection,,ECO-SERVICE-4,closed,False,False,False
DOP-0001411,KNT-DMJ,DEV-KNTDMJ-3,2019-07-01T00:00:00,2019-07-31T23:59:59,94.3,68.3,routine inspection,,ECO-SERVICE-4,closed,False,False,False
DOP-0001412,KNT-DMJ,DEV-KNTDMJ-3,2019-08-01T00:00:00,2019-08-31T23:59:59,94.1,69.2,routine inspection,,ECO-SERVICE-4,closed,False,False,False
DOP-0001413,KNT-DMJ,DEV-KNTDMJ-3,2019-09-01T00:00:00,2019-09-30T23:59:59,96.8,74.2,routine inspection,,ECO-SERVICE-4,closed,False,False,False
DOP-0001414,KNT-DMJ,DEV-KNTDMJ-3,2019-10-01T00:00:00,2019-10-31T23:59:59,90.1,84.2,routine inspection,,ECO-SERVICE-4,closed,False,False,False
DOP-0001415,KNT-DMJ,DEV-KNTDMJ-3,2019-11-01T00:00:00,2019-11-30T23:59:59,87.8,74.8,routine inspection,,ECO-SERVICE-4,closed,False,False,False
DOP-0001416,KNT-DMJ,DEV-KNTDMJ-3,2019-12-01T00:00:00,2019-12-31T23:59:59,99.7,91.1,routine inspection,,ECO-SERVICE-4,closed,False,False,False
DOP-0001417,KNT-DMJ,DEV-KNTDMJ-3,2020-01-01T00:00:00,2020-01-31T23:59:59,90.6,77.6,routine inspection,,ECO-SERVICE-4,closed,False,False,False
DOP-0001418,KNT-DMJ,DEV-KNTDMJ-3,2020-02-01T00:00:00,2020-02-29T23:59:59,99.3,83.8,routine inspection,,ECO-SERVICE-4,closed,False,False,False
DOP-0001419,KNT-DMJ,DEV-KNTDMJ-3,2020-03-01T00:00:00,2020-03-31T23:59:59,88.1,84.5,routine inspection,,ECO-SERVICE-4,closed,False,False,False
DOP-0001420,KNT-DMJ,DEV-KNTDMJ-3,2020-04-01T00:00:00,2020-04-30T23:59:59,95.6,89.3,routine inspection,,ECO-SERVICE-4,closed,False,False,False
DOP-0001421,KNT-DMJ,DEV-KNTDMJ-3,2020-05-01T00:00:00,2020-05-31T23:59:59,88.6,87.8,routine inspection,,ECO-SERVICE-4,closed,False,False,False
DOP-0001422,KNT-DMJ,DEV-KNTDMJ-3,2020-06-01T00:00:00,2020-06-30T23:59:59,88.0,76.8,routine inspection,,ECO-SERVICE-4,closed,False,False,False
DOP-0001423,KNT-DMJ,DEV-KNTDMJ-3,2020-07-01T00:00:00,2020-07-31T23:59:59,49.6,51.4,corrective maintenance,POWER_INTERRUPTION,ECO-SERVICE-4,closed,False,True,False
DOP-0001424,KNT-DMJ,DEV-KNTDMJ-3,2020-08-01T00:00:00,2020-08-31T23:59:59,92.3,71.5,routine inspection,,ECO-SERVICE-4,closed,False,False,False
DOP-0001425,KNT-DMJ,DEV-KNTDMJ-3,2020-09-01T00:00:00,2020-09-30T23:59:59,95.6,75.6,routine inspection,,ECO-SERVICE-4,closed,False,False,False
DOP-0001426,KNT-DMJ,DEV-KNTDMJ-3,2020-10-01T00:00:00,2020-10-31T23:59:59,94.2,76.3,routine inspection,,ECO-SERVICE-4,closed,False,False,False
DOP-0001427,KNT-DMJ,DEV-KNTDMJ-3,2020-11-01T00:00:00,2020-11-30T23:59:59,95.3,95.6,routine inspection,,ECO-SERVICE-4,closed,False,False,False
DOP-0001428,KNT-DMJ,DEV-KNTDMJ-3,2020-12-01T00:00:00,2020-12-31T23:59:59,99.8,88.8,routine inspection,,ECO-SERVICE-4,closed,False,False,False
DOP-0001429,KNT-DMJ,DEV-KNTDMJ-3,2021-01-01T00:00:00,2021-01-31T23:59:59,91.3,86.5,routine inspection,,ECO-SERVICE-4,closed,False,False,False
DOP-0001430,KNT-DMJ,DEV-KNTDMJ-3,2021-02-01T00:00:00,2021-02-28T23:59:59,93.8,72.9,routine inspection,,ECO-SERVICE-4,closed,False,False,False
DOP-0001431,KNT-DMJ,DEV-KNTDMJ-3,2021-03-01T00:00:00,2021-03-31T23:59:59,100.0,90.6,routine inspection,,ECO-SERVICE-4,closed,False,False,False
DOP-0001432,KNT-DMJ,DEV-KNTDMJ-3,2021-04-01T00:00:00,2021-04-30T23:59:59,92.0,70.3,routine inspection,,ECO-SERVICE-4,closed,False,False,False
DOP-0001433,KNT-DMJ,DEV-KNTDMJ-3,2021-05-01T00:00:00,2021-05-31T23:59:59,93.0,81.3,routine inspection,,ECO-SERVICE-4,closed,False,False,False
DOP-0001434,KNT-DMJ,DEV-KNTDMJ-3,2021-06-01T00:00:00,2021-06-30T23:59:59,96.7,72.3,routine inspection,,ECO-SERVICE-4,closed,False,False,False
DOP-0001435,KNT-DMJ,DEV-KNTDMJ-3,2021-07-01T00:00:00,2021-07-31T23:59:59,97.0,75.0,routine inspection,,ECO-SERVICE-4,closed,False,False,False
DOP-0001436,KNT-DMJ,DEV-KNTDMJ-3,2021-08-01T00:00:00,2021-08-31T23:59:59,86.3,65.8,routine inspection,,ECO-SERVICE-4,closed,False,False,False
DOP-0001437,KNT-DMJ,DEV-KNTDMJ-3,2021-09-01T00:00:00,2021-09-30T23:59:59,96.3,89.7,routine inspection,,ECO-SERVICE-4,closed,False,False,False
DOP-0001438,KNT-DMJ,DEV-KNTDMJ-3,2021-10-01T00:00:00,2021-10-31T23:59:59,88.9,86.4,routine inspection,,ECO-SERVICE-4,closed,False,False,False
DOP-0001439,KNT-DMJ,DEV-KNTDMJ-3,2021-11-01T00:00:00,2021-11-30T23:59:59,65.2,48.4,corrective maintenance,POWER_INTERRUPTION,ECO-SERVICE-4,closed,False,True,False
DOP-0001440,KNT-DMJ,DEV-KNTDMJ-3,2021-12-01T00:00:00,2021-12-31T23:59:59,95.6,83.5,routine inspection,,ECO-SERVICE-4,closed,False,False,False
DOP-0001441,KNT-DMJ,DEV-KNTDMJ-3,2022-01-01T00:00:00,2022-01-31T23:59:59,89.3,87.4,routine inspection,,ECO-SERVICE-4,closed,False,False,False
DOP-0001442,KNT-DMJ,DEV-KNTDMJ-3,2022-02-01T00:00:00,2022-02-28T23:59:59,100.0,99.4,routine inspection,,ECO-SERVICE-4,closed,False,False,False
DOP-0001443,KNT-DMJ,DEV-KNTDMJ-3,2022-03-01T00:00:00,2022-03-31T23:59:59,95.7,82.1,routine inspection,,ECO-SERVICE-4,closed,False,False,False
DOP-0001444,KNT-DMJ,DEV-KNTDMJ-3,2022-04-01T00:00:00,2022-04-30T23:59:59,99.1,85.1,routine inspection,,ECO-SERVICE-4,closed,False,False,False
DOP-0001445,KNT-DMJ,DEV-KNTDMJ-3,2022-05-01T00:00:00,2022-05-31T23:59:59,93.6,70.6,routine inspection,,ECO-SERVICE-4,closed,False,False,False
DOP-0001446,KNT-DMJ,DEV-KNTDMJ-3,2022-06-01T00:00:00,2022-06-30T23:59:59,88.5,79.7,routine inspection,,ECO-SERVICE-4,closed,False,False,False
DOP-0001447,KNT-DMJ,DEV-KNTDMJ-3,2022-07-01T00:00:00,2022-07-31T23:59:59,92.9,78.6,routine inspection,,ECO-SERVICE-4,closed,False,False,False
DOP-0001448,KNT-DMJ,DEV-KNTDMJ-3,2022-08-01T00:00:00,2022-08-31T23:59:59,94.7,83.6,routine inspection,,ECO-SERVICE-4,closed,False,False,False
DOP-0001449,KNT-DMJ,DEV-KNTDMJ-3,2022-09-01T00:00:00,2022-09-30T23:59:59,92.7,73.2,routine inspection,,ECO-SERVICE-4,closed,False,False,False
DOP-0001450,KNT-DMJ,DEV-KNTDMJ-3,2022-10-01T00:00:00,2022-10-31T23:59:59,92.8,80.7,routine inspection,,ECO-SERVICE-4,closed,False,False,False
DOP-0001451,KNT-DMJ,DEV-KNTDMJ-3,2022-11-01T00:00:00,2022-11-30T23:59:59,92.6,74.1,routine inspection,,ECO-SERVICE-4,closed,False,False,False
DOP-0001452,KNT-DMJ,DEV-KNTDMJ-3,2022-12-01T00:00:00,2022-12-31T23:59:59,92.2,86.4,routine inspection,,ECO-SERVICE-4,closed,False,False,False
DOP-0001453,KNT-DMJ,DEV-KNTDMJ-3,2023-01-01T00:00:00,2023-01-31T23:59:59,45.7,55.3,corrective maintenance,MICROPHONE_DRIFT,ECO-SERVICE-4,closed,True,False,False
DOP-0001454,KNT-DMJ,DEV-KNTDMJ-3,2023-02-01T00:00:00,2023-02-28T23:59:59,94.2,81.3,routine inspection,,ECO-SERVICE-4,closed,False,False,False
DOP-0001455,KNT-DMJ,DEV-KNTDMJ-3,2023-03-01T00:00:00,2023-03-31T23:59:59,89.9,83.7,routine inspection,,ECO-SERVICE-4,closed,False,False,False
DOP-0001456,KNT-DMJ,DEV-KNTDMJ-3,2023-04-01T00:00:00,2023-04-30T23:59:59,96.0,83.1,routine inspection,,ECO-SERVICE-4,closed,False,False,False
DOP-0001457,KNT-DMJ,DEV-KNTDMJ-3,2023-05-01T00:00:00,2023-05-31T23:59:59,92.6,83.2,routine inspection,,ECO-SERVICE-4,closed,False,False,False
DOP-0001458,KNT-DMJ,DEV-KNTDMJ-3,2023-06-01T00:00:00,2023-06-30T23:59:59,100.0,65.1,routine inspection,,ECO-SERVICE-4,closed,False,False,False
DOP-0001459,KNT-DMJ,DEV-KNTDMJ-3,2023-07-01T00:00:00,2023-07-31T23:59:59,90.2,81.8,routine inspection,,ECO-SERVICE-4,closed,False,False,False
DOP-0001460,KNT-DMJ,DEV-KNTDMJ-3,2023-08-01T00:00:00,2023-08-31T23:59:59,91.9,73.0,routine inspection,,ECO-SERVICE-4,closed,False,False,False
DOP-0001461,KNT-DMJ,DEV-KNTDMJ-3,2023-09-01T00:00:00,2023-09-30T23:59:59,75.2,66.9,corrective maintenance,POWER_INTERRUPTION,ECO-SERVICE-4,closed,False,True,False
DOP-0001462,KNT-DMJ,DEV-KNTDMJ-3,2023-10-01T00:00:00,2023-10-31T23:59:59,93.6,65.3,routine inspection,,ECO-SERVICE-4,closed,False,False,False
DOP-0001463,KNT-DMJ,DEV-KNTDMJ-3,2023-11-01T00:00:00,2023-11-30T23:59:59,100.0,92.7,routine inspection,,ECO-SERVICE-4,closed,False,False,False
DOP-0001464,KNT-DMJ,DEV-KNTDMJ-3,2023-12-01T00:00:00,2023-12-31T23:59:59,83.6,94.0,routine inspection,,ECO-SERVICE-4,closed,False,False,False
DOP-0001465,KNT-DMJ,DEV-KNTDMJ-3,2024-01-01T00:00:00,2024-01-31T23:59:59,93.1,87.2,routine inspection,,ECO-SERVICE-4,closed,False,False,False
DOP-0001466,KNT-DMJ,DEV-KNTDMJ-3,2024-02-01T00:00:00,2024-02-29T23:59:59,100.0,73.4,routine inspection,,ECO-SERVICE-4,closed,False,False,False
DOP-0001467,KNT-DMJ,DEV-KNTDMJ-3,2024-03-01T00:00:00,2024-03-31T23:59:59,91.7,75.3,routine inspection,,ECO-SERVICE-4,closed,False,False,False
DOP-0001468,KNT-DMJ,DEV-KNTDMJ-3,2024-04-01T00:00:00,2024-04-30T23:59:59,93.5,76.5,routine inspection,,ECO-SERVICE-4,closed,False,False,False
DOP-0001469,KNT-DMJ,DEV-KNTDMJ-3,2024-05-01T00:00:00,2024-05-31T23:59:59,100.0,82.2,routine inspection,,ECO-SERVICE-4,closed,False,False,False
DOP-0001470,KNT-DMJ,DEV-KNTDMJ-3,2024-06-01T00:00:00,2024-06-30T23:59:59,92.6,79.1,routine inspection,,ECO-SERVICE-4,closed,False,False,False
DOP-0001471,KNT-DMJ,DEV-KNTDMJ-3,2024-07-01T00:00:00,2024-07-31T23:59:59,95.2,75.2,routine inspection,,ECO-SERVICE-4,closed,False,False,False
DOP-0001472,KNT-DMJ,DEV-KNTDMJ-3,2024-08-01T00:00:00,2024-08-31T23:59:59,89.9,74.7,routine inspection,,ECO-SERVICE-4,closed,False,False,False
DOP-0001473,KNT-DMJ,DEV-KNTDMJ-3,2024-09-01T00:00:00,2024-09-30T23:59:59,100.0,80.1,routine inspection,,ECO-SERVICE-4,closed,False,False,False
DOP-0001474,KNT-DMJ,DEV-KNTDMJ-3,2024-10-01T00:00:00,2024-10-31T23:59:59,93.3,76.3,routine inspection,,ECO-SERVICE-4,closed,False,False,False
DOP-0001475,KNT-DMJ,DEV-KNTDMJ-3,2024-11-01T00:00:00,2024-11-30T23:59:59,97.5,100.0,routine inspection,,ECO-SERVICE-4,closed,False,False,False
DOP-0001476,KNT-DMJ,DEV-KNTDMJ-3,2024-12-01T00:00:00,2024-12-31T23:59:59,94.2,87.6,routine inspection,,ECO-SERVICE-4,closed,False,False,False
DOP-0001477,KNT-DMJ,DEV-KNTDMJ-3,2025-01-01T00:00:00,2025-01-31T23:59:59,93.3,87.3,routine inspection,,ECO-SERVICE-4,closed,False,False,False
DOP-0001478,KNT-DMJ,DEV-KNTDMJ-3,2025-02-01T00:00:00,2025-02-28T23:59:59,80.3,68.6,routine inspection,,ECO-SERVICE-4,closed,False,False,False
DOP-0001479,KNT-DMJ,DEV-KNTDMJ-3,2025-03-01T00:00:00,2025-03-31T23:59:59,100.0,89.8,routine inspection,,ECO-SERVICE-4,closed,False,False,False
DOP-0001480,KNT-DMJ,DEV-KNTDMJ-3,2025-04-01T00:00:00,2025-04-30T23:59:59,94.7,83.1,routine inspection,,ECO-SERVICE-4,closed,False,False,False
DOP-0001481,KNT-DMJ,DEV-KNTDMJ-3,2025-05-01T00:00:00,2025-05-31T23:59:59,92.4,81.0,routine inspection,,ECO-SERVICE-4,closed,False,False,False
DOP-0001482,KNT-DMJ,DEV-KNTDMJ-3,2025-06-01T00:00:00,2025-06-30T23:59:59,96.7,78.1,routine inspection,,ECO-SERVICE-4,closed,False,False,False
DOP-0001483,KNT-GGN,DEV-KNTGGN-1,2019-01-01T00:00:00,2019-01-31T23:59:59,97.3,87.1,routine inspection,,ECO-SERVICE-1,closed,False,False,False
DOP-0001484,KNT-GGN,DEV-KNTGGN-1,2019-02-01T00:00:00,2019-02-28T23:59:59,91.1,80.8,routine inspection,,ECO-SERVICE-1,closed,False,False,False
DOP-0001485,KNT-GGN,DEV-KNTGGN-1,2019-03-01T00:00:00,2019-03-31T23:59:59,100.0,83.2,routine inspection,,ECO-SERVICE-1,closed,False,False,False
DOP-0001486,KNT-GGN,DEV-KNTGGN-1,2019-04-01T00:00:00,2019-04-30T23:59:59,88.0,82.5,routine inspection,,ECO-SERVICE-1,closed,False,False,False
DOP-0001487,KNT-GGN,DEV-KNTGGN-1,2019-05-01T00:00:00,2019-05-31T23:59:59,61.2,69.7,corrective maintenance,STORAGE_LIMIT,ECO-SERVICE-1,closed,False,False,True
DOP-0001488,KNT-GGN,DEV-KNTGGN-1,2019-06-01T00:00:00,2019-06-30T23:59:59,94.1,69.7,routine inspection,,,closed,False,False,False
DOP-0001489,KNT-GGN,DEV-KNTGGN-1,2019-07-01T00:00:00,2019-07-31T23:59:59,95.9,85.6,routine inspection,,ECO-SERVICE-1,closed,False,False,False
DOP-0001490,KNT-GGN,DEV-KNTGGN-1,2019-08-01T00:00:00,2019-08-31T23:59:59,88.5,68.7,routine inspection,,ECO-SERVICE-1,closed,False,False,False
DOP-0001491,KNT-GGN,DEV-KNTGGN-1,2019-09-01T00:00:00,2019-09-30T23:59:59,91.2,75.1,routine inspection,,ECO-SERVICE-1,closed,False,False,False
DOP-0001492,KNT-GGN,DEV-KNTGGN-1,2019-10-01T00:00:00,2019-10-31T23:59:59,100.0,82.7,routine inspection,,ECO-SERVICE-1,closed,False,False,False
DOP-0001493,KNT-GGN,DEV-KNTGGN-1,2019-11-01T00:00:00,2019-11-30T23:59:59,88.6,79.9,routine inspection,,ECO-SERVICE-1,closed,False,False,False
DOP-0001494,KNT-GGN,DEV-KNTGGN-1,2019-12-01T00:00:00,2019-12-31T23:59:59,90.7,93.8,routine inspection,,ECO-SERVICE-1,closed,False,False,False
DOP-0001495,KNT-GGN,DEV-KNTGGN-1,2020-01-01T00:00:00,2020-01-31T23:59:59,88.5,77.9,routine inspection,,ECO-SERVICE-1,closed,False,False,False
DOP-0001496,KNT-GGN,DEV-KNTGGN-1,2020-02-01T00:00:00,2020-02-29T23:59:59,89.7,85.7,routine inspection,,ECO-SERVICE-1,closed,False,False,False
DOP-0001497,KNT-GGN,DEV-KNTGGN-1,2020-03-01T00:00:00,2020-03-31T23:59:59,98.8,75.0,routine inspection,,ECO-SERVICE-1,closed,False,False,False
DOP-0001498,KNT-GGN,DEV-KNTGGN-1,2020-04-01T00:00:00,2020-04-30T23:59:59,93.8,68.1,routine inspection,,ECO-SERVICE-1,closed,False,False,False
DOP-0001499,KNT-GGN,DEV-KNTGGN-1,2020-05-01T00:00:00,2020-05-31T23:59:59,95.3,67.2,routine inspection,,ECO-SERVICE-1,closed,False,False,False
DOP-0001500,KNT-GGN,DEV-KNTGGN-1,2020-06-01T00:00:00,2020-06-30T23:59:59,99.7,79.1,routine inspection,,ECO-SERVICE-1,closed,False,False,False
DOP-0001501,KNT-GGN,DEV-KNTGGN-1,2020-07-01T00:00:00,2020-07-31T23:59:59,84.2,61.1,routine inspection,,ECO-SERVICE-1,closed,False,False,False
DOP-0001502,KNT-GGN,DEV-KNTGGN-1,2020-08-01T00:00:00,2020-08-31T23:59:59,98.8,75.6,routine inspection,,ECO-SERVICE-1,closed,False,False,False
DOP-0001503,KNT-GGN,DEV-KNTGGN-1,2020-09-01T00:00:00,2020-09-30T23:59:59,76.0,82.0,corrective maintenance,MICROPHONE_DRIFT,ECO-SERVICE-1,closed,True,False,False
DOP-0001504,KNT-GGN,DEV-KNTGGN-1,2020-10-01T00:00:00,2020-10-31T23:59:59,96.7,80.0,routine inspection,,ECO-SERVICE-1,closed,False,False,False
DOP-0001505,KNT-GGN,DEV-KNTGGN-1,2020-11-01T00:00:00,2020-11-30T23:59:59,84.7,82.4,routine inspection,,ECO-SERVICE-1,closed,False,False,False
DOP-0001506,KNT-GGN,DEV-KNTGGN-1,2020-12-01T00:00:00,2020-12-31T23:59:59,98.1,87.5,routine inspection,,ECO-SERVICE-1,closed,False,False,False
DOP-0001507,KNT-GGN,DEV-KNTGGN-1,2021-01-01T00:00:00,2021-01-31T23:59:59,96.0,86.2,routine inspection,,ECO-SERVICE-1,closed,False,False,False
DOP-0001508,KNT-GGN,DEV-KNTGGN-1,2021-02-01T00:00:00,2021-02-28T23:59:59,95.3,84.0,routine inspection,,ECO-SERVICE-1,closed,False,False,False
DOP-0001509,KNT-GGN,DEV-KNTGGN-1,2021-03-01T00:00:00,2021-03-31T23:59:59,99.6,68.1,routine inspection,,ECO-SERVICE-1,closed,False,False,False
DOP-0001510,KNT-GGN,DEV-KNTGGN-1,2021-04-01T00:00:00,2021-04-30T23:59:59,91.3,78.1,routine inspection,,ECO-SERVICE-1,closed,False,False,False
DOP-0001511,KNT-GGN,DEV-KNTGGN-1,2021-05-01T00:00:00,2021-05-31T23:59:59,94.5,55.8,routine inspection,,ECO-SERVICE-1,closed,False,False,False
DOP-0001512,KNT-GGN,DEV-KNTGGN-1,2021-06-01T00:00:00,2021-06-30T23:59:59,88.9,81.1,routine inspection,,ECO-SERVICE-1,closed,False,False,False
DOP-0001513,KNT-GGN,DEV-KNTGGN-1,2021-07-01T00:00:00,2021-07-31T23:59:59,98.5,84.9,routine inspection,,ECO-SERVICE-1,closed,False,False,False
DOP-0001514,KNT-GGN,DEV-KNTGGN-1,2021-08-01T00:00:00,2021-08-31T23:59:59,88.7,80.4,routine inspection,,ECO-SERVICE-1,closed,False,False,False
DOP-0001515,KNT-GGN,DEV-KNTGGN-1,2021-09-01T00:00:00,2021-09-30T23:59:59,90.3,76.9,routine inspection,,ECO-SERVICE-1,closed,False,False,False
DOP-0001516,KNT-GGN,DEV-KNTGGN-1,2021-10-01T00:00:00,2021-10-31T23:59:59,92.1,85.7,routine inspection,,ECO-SERVICE-1,closed,False,False,False
DOP-0001517,KNT-GGN,DEV-KNTGGN-1,2021-11-01T00:00:00,2021-11-30T23:59:59,92.0,75.7,routine inspection,,ECO-SERVICE-1,closed,False,False,False
DOP-0001518,KNT-GGN,DEV-KNTGGN-1,2021-12-01T00:00:00,2021-12-31T23:59:59,88.9,74.2,routine inspection,,ECO-SERVICE-1,closed,False,False,False
DOP-0001519,KNT-GGN,DEV-KNTGGN-1,2022-01-01T00:00:00,2022-01-31T23:59:59,100.0,82.0,routine inspection,,ECO-SERVICE-1,closed,False,False,False
DOP-0001520,KNT-GGN,DEV-KNTGGN-1,2022-02-01T00:00:00,2022-02-28T23:59:59,93.9,84.4,routine inspection,,ECO-SERVICE-1,closed,False,False,False
DOP-0001521,KNT-GGN,DEV-KNTGGN-1,2022-03-01T00:00:00,2022-03-31T23:59:59,95.6,76.7,routine inspection,,ECO-SERVICE-1,closed,False,False,False
DOP-0001522,KNT-GGN,DEV-KNTGGN-1,2022-04-01T00:00:00,2022-04-30T23:59:59,98.5,80.3,routine inspection,,ECO-SERVICE-1,closed,False,False,False
DOP-0001523,KNT-GGN,DEV-KNTGGN-1,2022-05-01T00:00:00,2022-05-31T23:59:59,93.1,81.4,routine inspection,,ECO-SERVICE-1,closed,False,False,False
DOP-0001524,KNT-GGN,DEV-KNTGGN-1,2022-06-01T00:00:00,2022-06-30T23:59:59,92.2,67.2,routine inspection,,ECO-SERVICE-1,closed,False,False,False
DOP-0001525,KNT-GGN,DEV-KNTGGN-1,2022-07-01T00:00:00,2022-07-31T23:59:59,99.7,81.9,routine inspection,,ECO-SERVICE-1,closed,False,False,False
DOP-0001526,KNT-GGN,DEV-KNTGGN-1,2022-08-01T00:00:00,2022-08-31T23:59:59,91.7,76.6,routine inspection,,ECO-SERVICE-1,closed,False,False,False
DOP-0001527,KNT-GGN,DEV-KNTGGN-1,2022-09-01T00:00:00,2022-09-30T23:59:59,97.6,78.1,routine inspection,,ECO-SERVICE-1,closed,False,False,False
DOP-0001528,KNT-GGN,DEV-KNTGGN-1,2022-10-01T00:00:00,2022-10-31T23:59:59,89.1,80.6,routine inspection,,ECO-SERVICE-1,closed,False,False,False
DOP-0001529,KNT-GGN,DEV-KNTGGN-1,2022-11-01T00:00:00,2022-11-30T23:59:59,96.0,61.7,routine inspection,,ECO-SERVICE-1,closed,False,False,False
DOP-0001530,KNT-GGN,DEV-KNTGGN-1,2022-12-01T00:00:00,2022-12-31T23:59:59,91.5,82.2,routine inspection,,ECO-SERVICE-1,closed,False,False,False
DOP-0001531,KNT-GGN,DEV-KNTGGN-1,2023-01-01T00:00:00,2023-01-31T23:59:59,98.6,79.9,routine inspection,,ECO-SERVICE-1,closed,False,False,False
DOP-0001532,KNT-GGN,DEV-KNTGGN-1,2023-02-01T00:00:00,2023-02-28T23:59:59,85.5,79.2,routine inspection,,ECO-SERVICE-1,closed,False,False,False
DOP-0001533,KNT-GGN,DEV-KNTGGN-1,2023-03-01T00:00:00,2023-03-31T23:59:59,83.1,80.1,routine inspection,,ECO-SERVICE-1,closed,False,False,False
DOP-0001534,KNT-GGN,DEV-KNTGGN-1,2023-04-01T00:00:00,2023-04-30T23:59:59,90.9,83.3,routine inspection,,ECO-SERVICE-1,closed,False,False,False
DOP-0001535,KNT-GGN,DEV-KNTGGN-1,2023-05-01T00:00:00,2023-05-31T23:59:59,100.0,79.3,routine inspection,,ECO-SERVICE-1,closed,False,False,False
DOP-0001536,KNT-GGN,DEV-KNTGGN-1,2023-06-01T00:00:00,2023-06-30T23:59:59,99.0,84.7,routine inspection,,ECO-SERVICE-1,closed,False,False,False
DOP-0001537,KNT-GGN,DEV-KNTGGN-1,2023-07-01T00:00:00,2023-07-31T23:59:59,100.0,81.2,routine inspection,,ECO-SERVICE-1,closed,False,False,False
DOP-0001538,KNT-GGN,DEV-KNTGGN-1,2023-08-01T00:00:00,2023-08-31T23:59:59,90.9,78.7,routine inspection,,ECO-SERVICE-1,closed,False,False,False
DOP-0001539,KNT-GGN,DEV-KNTGGN-1,2023-09-01T00:00:00,2023-09-30T23:59:59,85.4,78.3,routine inspection,,ECO-SERVICE-1,closed,False,False,False
DOP-0001540,KNT-GGN,DEV-KNTGGN-1,2023-10-01T00:00:00,2023-10-31T23:59:59,90.9,100.0,routine inspection,,ECO-SERVICE-1,closed,False,False,False
DOP-0001541,KNT-GGN,DEV-KNTGGN-1,2023-11-01T00:00:00,2023-11-30T23:59:59,100.0,92.0,routine inspection,,ECO-SERVICE-1,closed,False,False,False
DOP-0001542,KNT-GGN,DEV-KNTGGN-1,2023-12-01T00:00:00,2023-12-31T23:59:59,95.6,67.5,routine inspection,,ECO-SERVICE-1,closed,False,False,False
DOP-0001543,KNT-GGN,DEV-KNTGGN-1,2024-01-01T00:00:00,2024-01-31T23:59:59,90.3,81.4,routine inspection,,ECO-SERVICE-1,closed,False,False,False
DOP-0001544,KNT-GGN,DEV-KNTGGN-1,2024-02-01T00:00:00,2024-02-29T23:59:59,86.2,77.7,routine inspection,,ECO-SERVICE-1,closed,False,False,False
DOP-0001545,KNT-GGN,DEV-KNTGGN-1,2024-03-01T00:00:00,2024-03-31T23:59:59,99.0,86.5,routine inspection,,ECO-SERVICE-1,closed,False,False,False
DOP-0001546,KNT-GGN,DEV-KNTGGN-1,2024-04-01T00:00:00,2024-04-30T23:59:59,92.0,74.1,routine inspection,,ECO-SERVICE-1,closed,False,False,False
DOP-0001547,KNT-GGN,DEV-KNTGGN-1,2024-05-01T00:00:00,2024-05-31T23:59:59,93.3,60.5,routine inspection,,ECO-SERVICE-1,closed,False,False,False
DOP-0001548,KNT-GGN,DEV-KNTGGN-1,2024-06-01T00:00:00,2024-06-30T23:59:59,64.4,67.1,corrective maintenance,STORAGE_LIMIT,ECO-SERVICE-1,closed,False,False,True
DOP-0001549,KNT-GGN,DEV-KNTGGN-1,2024-07-01T00:00:00,2024-07-31T23:59:59,97.5,81.2,routine inspection,,ECO-SERVICE-1,closed,False,False,False
DOP-0001550,KNT-GGN,DEV-KNTGGN-1,2024-08-01T00:00:00,2024-08-31T23:59:59,92.9,90.6,routine inspection,,ECO-SERVICE-1,closed,False,False,False
DOP-0001551,KNT-GGN,DEV-KNTGGN-1,2024-09-01T00:00:00,2024-09-30T23:59:59,92.2,78.4,routine inspection,,ECO-SERVICE-1,closed,False,False,False
DOP-0001552,KNT-GGN,DEV-KNTGGN-1,2024-10-01T00:00:00,2024-10-31T23:59:59,94.7,80.0,routine inspection,,ECO-SERVICE-1,closed,False,False,False
DOP-0001553,KNT-GGN,DEV-KNTGGN-1,2024-11-01T00:00:00,2024-11-30T23:59:59,93.2,85.2,routine inspection,,ECO-SERVICE-1,closed,False,False,False
DOP-0001554,KNT-GGN,DEV-KNTGGN-1,2024-12-01T00:00:00,2024-12-31T23:59:59,96.3,90.4,routine inspection,,ECO-SERVICE-1,closed,False,False,False
DOP-0001555,KNT-GGN,DEV-KNTGGN-1,2025-01-01T00:00:00,2025-01-31T23:59:59,99.2,72.4,routine inspection,,ECO-SERVICE-1,closed,False,False,False
DOP-0001556,KNT-GGN,DEV-KNTGGN-1,2025-02-01T00:00:00,2025-02-28T23:59:59,88.5,85.3,routine inspection,,ECO-SERVICE-1,closed,False,False,False
DOP-0001557,KNT-GGN,DEV-KNTGGN-1,2025-03-01T00:00:00,2025-03-31T23:59:59,96.3,81.6,routine inspection,,ECO-SERVICE-1,closed,False,False,False
DOP-0001558,KNT-GGN,DEV-KNTGGN-1,2025-04-01T00:00:00,2025-04-30T23:59:59,92.7,77.3,routine inspection,,ECO-SERVICE-1,closed,False,False,False
DOP-0001559,KNT-GGN,DEV-KNTGGN-1,2025-05-01T00:00:00,2025-05-31T23:59:59,90.3,70.5,routine inspection,,ECO-SERVICE-1,closed,False,False,False
DOP-0001560,KNT-GGN,DEV-KNTGGN-1,2025-06-01T00:00:00,2025-06-30T23:59:59,85.4,81.6,routine inspection,,ECO-SERVICE-1,closed,False,False,False
DOP-0001561,KNT-QWU,DEV-KNTQWU-2,2019-01-01T00:00:00,2019-01-31T23:59:59,91.0,73.0,routine inspection,,ECO-SERVICE-2,closed,False,False,False
DOP-0001562,KNT-QWU,DEV-KNTQWU-2,2019-02-01T00:00:00,2019-02-28T23:59:59,91.8,90.9,routine inspection,,ECO-SERVICE-2,closed,False,False,False
DOP-0001563,KNT-QWU,DEV-KNTQWU-2,2019-03-01T00:00:00,2019-03-31T23:59:59,93.3,97.3,routine inspection,,ECO-SERVICE-2,closed,False,False,False
DOP-0001564,KNT-QWU,DEV-KNTQWU-2,2019-04-01T00:00:00,2019-04-30T23:59:59,88.4,84.3,routine inspection,,ECO-SERVICE-2,closed,False,False,False
DOP-0001565,KNT-QWU,DEV-KNTQWU-2,2019-05-01T00:00:00,2019-05-31T23:59:59,95.4,67.3,routine inspection,,ECO-SERVICE-2,closed,False,False,False
DOP-0001566,KNT-QWU,DEV-KNTQWU-2,2019-06-01T00:00:00,2019-06-30T23:59:59,81.2,81.1,routine inspection,,ECO-SERVICE-2,closed,False,False,False
DOP-0001567,KNT-QWU,DEV-KNTQWU-2,2019-07-01T00:00:00,2019-07-31T23:59:59,89.5,64.5,routine inspection,,ECO-SERVICE-2,closed,False,False,False
DOP-0001568,KNT-QWU,DEV-KNTQWU-2,2019-08-01T00:00:00,2019-08-31T23:59:59,97.6,81.1,routine inspection,,ECO-SERVICE-2,closed,False,False,False
DOP-0001569,KNT-QWU,DEV-KNTQWU-2,2019-09-01T00:00:00,2019-09-30T23:59:59,96.1,79.8,routine inspection,,ECO-SERVICE-2,closed,False,False,False
DOP-0001570,KNT-QWU,DEV-KNTQWU-2,2019-10-01T00:00:00,2019-10-31T23:59:59,100.0,90.5,routine inspection,,ECO-SERVICE-2,closed,False,False,False
DOP-0001571,KNT-QWU,DEV-KNTQWU-2,2019-11-01T00:00:00,2019-11-30T23:59:59,94.4,86.9,routine inspection,,ECO-SERVICE-2,closed,False,False,False
DOP-0001572,KNT-QWU,DEV-KNTQWU-2,2019-12-01T00:00:00,2019-12-31T23:59:59,89.1,92.9,routine inspection,,ECO-SERVICE-2,closed,False,False,False
DOP-0001573,KNT-QWU,DEV-KNTQWU-2,2020-01-01T00:00:00,2020-01-31T23:59:59,95.4,81.4,routine inspection,,ECO-SERVICE-2,closed,False,False,False
DOP-0001574,KNT-QWU,DEV-KNTQWU-2,2020-02-01T00:00:00,2020-02-29T23:59:59,100.0,77.9,routine inspection,,ECO-SERVICE-2,closed,False,False,False
DOP-0001575,KNT-QWU,DEV-KNTQWU-2,2020-03-01T00:00:00,2020-03-31T23:59:59,98.1,78.9,routine inspection,,ECO-SERVICE-2,closed,False,False,False
DOP-0001576,KNT-QWU,DEV-KNTQWU-2,2020-04-01T00:00:00,2020-04-30T23:59:59,86.9,76.9,routine inspection,,ECO-SERVICE-2,closed,False,False,False
DOP-0001577,KNT-QWU,DEV-KNTQWU-2,2020-05-01T00:00:00,2020-05-31T23:59:59,99.7,80.4,ROUTINE INSPECTION,,ECO-SERVICE-2,closed,False,False,False
DOP-0001578,KNT-QWU,DEV-KNTQWU-2,2020-06-01T00:00:00,2020-06-30T23:59:59,100.0,81.5,routine inspection,,ECO-SERVICE-2,closed,False,False,False
DOP-0001579,KNT-QWU,DEV-KNTQWU-2,2020-07-01T00:00:00,2020-07-31T23:59:59,95.5,65.1,routine inspection,,ECO-SERVICE-2,closed,False,False,False
DOP-0001580,KNT-QWU,DEV-KNTQWU-2,2020-08-01T00:00:00,2020-08-31T23:59:59,87.8,88.8,routine inspection,,ECO-SERVICE-2,closed,False,False,False
DOP-0001581,KNT-QWU,DEV-KNTQWU-2,2020-09-01T00:00:00,2020-09-30T23:59:59,84.5,80.2,routine inspection,,ECO-SERVICE-2,closed,False,False,False
DOP-0001582,KNT-QWU,DEV-KNTQWU-2,2020-10-01T00:00:00,2020-10-31T23:59:59,97.1,89.2,routine inspection,,,closed,False,False,False
DOP-0001583,KNT-QWU,DEV-KNTQWU-2,2020-11-01T00:00:00,2020-11-30T23:59:59,67.2,69.6,corrective maintenance,POWER_INTERRUPTION,ECO-SERVICE-2,closed,False,True,False
DOP-0001584,KNT-QWU,DEV-KNTQWU-2,2020-12-01T00:00:00,2020-12-31T23:59:59,100.0,85.5,routine inspection,,ECO-SERVICE-2,closed,False,False,False
DOP-0001585,KNT-QWU,DEV-KNTQWU-2,2021-01-01T00:00:00,2021-01-31T23:59:59,96.1,83.7,routine inspection,,ECO-SERVICE-2,closed,False,False,False
DOP-0001586,KNT-QWU,DEV-KNTQWU-2,2021-02-01T00:00:00,2021-02-28T23:59:59,98.8,96.1,routine inspection,,ECO-SERVICE-2,closed,False,False,False
DOP-0001587,KNT-QWU,DEV-KNTQWU-2,2021-03-01T00:00:00,2021-03-31T23:59:59,95.7,83.1,routine inspection,,ECO-SERVICE-2,closed,False,False,False
DOP-0001588,KNT-QWU,DEV-KNTQWU-2,2021-04-01T00:00:00,2021-04-30T23:59:59,93.4,76.3,routine inspection,,ECO-SERVICE-2,closed,False,False,False
DOP-0001589,KNT-QWU,DEV-KNTQWU-2,2021-05-01T00:00:00,2021-05-31T23:59:59,85.1,72.9,routine inspection,,ECO-SERVICE-2,closed,False,False,False
DOP-0001590,KNT-QWU,DEV-KNTQWU-2,2021-06-01T00:00:00,2021-06-30T23:59:59,98.1,72.7,routine inspection,,ECO-SERVICE-2,closed,False,False,False
DOP-0001591,KNT-QWU,DEV-KNTQWU-2,2021-07-01T00:00:00,2021-07-31T23:59:59,100.0,84.7,routine inspection,,ECO-SERVICE-2,closed,False,False,False
DOP-0001592,KNT-QWU,DEV-KNTQWU-2,2021-08-01T00:00:00,2021-08-31T23:59:59,95.0,70.9,routine inspection,,ECO-SERVICE-2,closed,False,False,False
DOP-0001593,KNT-QWU,DEV-KNTQWU-2,2021-09-01T00:00:00,2021-09-30T23:59:59,88.2,68.6,routine inspection,,ECO-SERVICE-2,closed,False,False,False
DOP-0001594,KNT-QWU,DEV-KNTQWU-2,2021-10-01T00:00:00,2021-10-31T23:59:59,89.4,67.4,routine inspection,,ECO-SERVICE-2,closed,False,False,False
DOP-0001595,KNT-QWU,DEV-KNTQWU-2,2021-11-01T00:00:00,2021-11-30T23:59:59,100.0,75.4,routine inspection,,ECO-SERVICE-2,closed,False,False,False
DOP-0001596,KNT-QWU,DEV-KNTQWU-2,2021-12-01T00:00:00,2021-12-31T23:59:59,99.2,83.6,routine inspection,,ECO-SERVICE-2,closed,False,False,False
DOP-0001597,KNT-QWU,DEV-KNTQWU-2,2022-01-01T00:00:00,2022-01-31T23:59:59,86.9,85.4,routine inspection,,,closed,False,False,False
DOP-0001598,KNT-QWU,DEV-KNTQWU-2,2022-02-01T00:00:00,2022-02-28T23:59:59,86.7,84.9,routine inspection,,ECO-SERVICE-2,closed,False,False,False
DOP-0001599,KNT-QWU,DEV-KNTQWU-2,2022-03-01T00:00:00,2022-03-31T23:59:59,96.7,82.5,routine inspection,,ECO-SERVICE-2,closed,False,False,False
DOP-0001600,KNT-QWU,DEV-KNTQWU-2,2022-04-01T00:00:00,2022-04-30T23:59:59,85.5,90.2,routine inspection,,ECO-SERVICE-2,closed,False,False,False
DOP-0001601,KNT-QWU,DEV-KNTQWU-2,2022-05-01T00:00:00,2022-05-31T23:59:59,94.4,76.4,routine inspection,,ECO-SERVICE-2,closed,False,False,False
DOP-0001602,KNT-QWU,DEV-KNTQWU-2,2022-06-01T00:00:00,2022-06-30T23:59:59,100.0,84.1,routine inspection,,ECO-SERVICE-2,closed,False,False,False
DOP-0001603,KNT-QWU,DEV-KNTQWU-2,2022-07-01T00:00:00,2022-07-31T23:59:59,88.0,59.3,routine inspection,,ECO-SERVICE-2,closed,False,False,False
DOP-0001604,KNT-QWU,DEV-KNTQWU-2,2022-08-01T00:00:00,2022-08-31T23:59:59,94.0,73.6,routine inspection,,ECO-SERVICE-2,closed,False,False,False
DOP-0001605,KNT-QWU,DEV-KNTQWU-2,2022-09-01T00:00:00,2022-09-30T23:59:59,94.9,67.8,routine inspection,,ECO-SERVICE-2,closed,False,False,False
DOP-0001606,KNT-QWU,DEV-KNTQWU-2,2022-10-01T00:00:00,2022-10-31T23:59:59,88.4,64.6,routine inspection,,ECO-SERVICE-2,closed,False,False,False
DOP-0001607,KNT-QWU,DEV-KNTQWU-2,2022-11-01T00:00:00,2022-11-30T23:59:59,93.2,79.6,routine inspection,,ECO-SERVICE-2,closed,False,False,False
DOP-0001608,KNT-QWU,DEV-KNTQWU-2,2022-12-01T00:00:00,2022-12-31T23:59:59,92.0,73.5,routine inspection,,ECO-SERVICE-2,closed,False,False,False
DOP-0001609,KNT-QWU,DEV-KNTQWU-2,2023-01-01T00:00:00,2023-01-31T23:59:59,92.9,91.4,routine inspection,,ECO-SERVICE-2,closed,False,False,False
DOP-0001610,KNT-QWU,DEV-KNTQWU-2,2023-02-01T00:00:00,2023-02-28T23:59:59,91.3,82.7,routine inspection,,ECO-SERVICE-2,closed,False,False,False
DOP-0001611,KNT-QWU,DEV-KNTQWU-2,2023-03-01T00:00:00,2023-03-31T23:59:59,97.1,81.8,routine inspection,,ECO-SERVICE-2,closed,False,False,False
DOP-0001612,KNT-QWU,DEV-KNTQWU-2,2023-04-01T00:00:00,2023-04-30T23:59:59,88.1,75.4,routine inspection,,ECO-SERVICE-2,closed,False,False,False
DOP-0001613,KNT-QWU,DEV-KNTQWU-2,2023-05-01T00:00:00,2023-05-31T23:59:59,98.3,72.9,routine inspection,,ECO-SERVICE-2,closed,False,False,False
DOP-0001614,KNT-QWU,DEV-KNTQWU-2,2023-06-01T00:00:00,2023-06-30T23:59:59,98.1,78.6,routine inspection,,ECO-SERVICE-2,closed,False,False,False
DOP-0001615,KNT-QWU,DEV-KNTQWU-2,2023-07-01T00:00:00,2023-07-31T23:59:59,100.0,79.9,routine inspection,,ECO-SERVICE-2,closed,False,False,False
DOP-0001616,KNT-QWU,DEV-KNTQWU-2,2023-08-01T00:00:00,2023-08-31T23:59:59,88.1,71.8,routine inspection,,ECO-SERVICE-2,closed,False,False,False
DOP-0001617,KNT-QWU,DEV-KNTQWU-2,2023-09-01T00:00:00,2023-09-30T23:59:59,87.9,72.4,routine inspection,,ECO-SERVICE-2,closed,False,False,False
DOP-0001618,KNT-QWU,DEV-KNTQWU-2,2023-10-01T00:00:00,2023-10-31T23:59:59,89.5,73.4,routine inspection,,ECO-SERVICE-2,closed,False,False,False
DOP-0001619,KNT-QWU,DEV-KNTQWU-2,2023-11-01T00:00:00,2023-11-30T23:59:59,91.2,80.4,routine inspection,,ECO-SERVICE-2,closed,False,False,False
DOP-0001620,KNT-QWU,DEV-KNTQWU-2,2023-12-01T00:00:00,2023-12-31T23:59:59,100.0,86.6,routine inspection,,ECO-SERVICE-2,closed,False,False,False
DOP-0001621,KNT-QWU,DEV-KNTQWU-2,2024-01-01T00:00:00,2024-01-31T23:59:59,99.5,92.7,routine inspection,,ECO-SERVICE-2,closed,False,False,False
DOP-0001622,KNT-QWU,DEV-KNTQWU-2,2024-02-01T00:00:00,2024-02-29T23:59:59,92.4,77.7,routine inspection,,ECO-SERVICE-2,closed,False,False,False
DOP-0001623,KNT-QWU,DEV-KNTQWU-2,2024-03-01T00:00:00,2024-03-31T23:59:59,95.7,82.9,routine inspection,,ECO-SERVICE-2,closed,False,False,False
DOP-0001624,KNT-QWU,DEV-KNTQWU-2,2024-04-01T00:00:00,2024-04-30T23:59:59,95.2,82.0,routine inspection,,ECO-SERVICE-2,closed,False,False,False
DOP-0001625,KNT-QWU,DEV-KNTQWU-2,2024-05-01T00:00:00,2024-05-31T23:59:59,81.6,86.8,routine inspection,,ECO-SERVICE-2,closed,False,False,False
DOP-0001626,KNT-QWU,DEV-KNTQWU-2,2024-06-01T00:00:00,2024-06-30T23:59:59,95.0,77.1,routine inspection,,ECO-SERVICE-2,closed,False,False,False
DOP-0001627,KNT-QWU,DEV-KNTQWU-2,2024-07-01T00:00:00,2024-07-31T23:59:59,88.1,75.7,routine inspection,,ECO-SERVICE-2,closed,False,False,False
DOP-0001628,KNT-QWU,DEV-KNTQWU-2,2024-08-01T00:00:00,2024-08-31T23:59:59,100.0,66.6,routine inspection,,ECO-SERVICE-2,closed,False,False,False
DOP-0001629,KNT-QWU,DEV-KNTQWU-2,2024-09-01T00:00:00,2024-09-30T23:59:59,92.1,77.0,routine inspection,,ECO-SERVICE-2,closed,False,False,False
DOP-0001630,KNT-QWU,DEV-KNTQWU-2,2024-10-01T00:00:00,2024-10-31T23:59:59,96.4,81.7,routine inspection,,ECO-SERVICE-2,closed,False,False,False
DOP-0001631,KNT-QWU,DEV-KNTQWU-2,2024-11-01T00:00:00,2024-11-30T23:59:59,93.6,80.2,routine inspection,,ECO-SERVICE-2,closed,False,False,False
DOP-0001632,KNT-QWU,DEV-KNTQWU-2,2024-12-01T00:00:00,2024-12-31T23:59:59,91.8,90.1,routine inspection,,ECO-SERVICE-2,closed,False,False,False
DOP-0001633,KNT-QWU,DEV-KNTQWU-2,2025-01-01T00:00:00,2025-01-31T23:59:59,97.0,88.1,routine inspection,,ECO-SERVICE-2,closed,False,False,False
DOP-0001634,KNT-QWU,DEV-KNTQWU-2,2025-02-01T00:00:00,2025-02-28T23:59:59,84.9,84.1,routine inspection,,ECO-SERVICE-2,closed,False,False,False
DOP-0001635,KNT-QWU,DEV-KNTQWU-2,2025-03-01T00:00:00,2025-03-31T23:59:59,99.3,73.9,routine inspection,,ECO-SERVICE-2,closed,False,False,False
DOP-0001636,KNT-QWU,DEV-KNTQWU-2,2025-04-01T00:00:00,2025-04-30T23:59:59,59.6,66.2,corrective maintenance,STORAGE_LIMIT,ECO-SERVICE-2,closed,False,False,True
DOP-0001637,KNT-QWU,DEV-KNTQWU-2,2025-05-01T00:00:00,2025-05-31T23:59:59,97.7,67.1,routine inspection,,ECO-SERVICE-2,closed,False,False,False
DOP-0001638,KNT-QWU,DEV-KNTQWU-2,2025-06-01T00:00:00,2025-06-30T23:59:59,93.2,90.2,routine inspection,,ECO-SERVICE-2,closed,False,False,False
DOP-0001639,KNT-TLQ,DEV-KNTTLQ-3,2019-01-01T00:00:00,2019-01-31T23:59:59,94.4,75.7,routine inspection,,ECO-SERVICE-3,closed,False,False,False
DOP-0001640,KNT-TLQ,DEV-KNTTLQ-3,2019-02-01T00:00:00,2019-02-28T23:59:59,95.5,81.8,routine inspection,,ECO-SERVICE-3,closed,False,False,False
DOP-0001641,KNT-TLQ,DEV-KNTTLQ-3,2019-03-01T00:00:00,2019-03-31T23:59:59,99.0,79.8,routine inspection,,ECO-SERVICE-3,closed,False,False,False
DOP-0001642,KNT-TLQ,DEV-KNTTLQ-3,2019-04-01T00:00:00,2019-04-30T23:59:59,88.5,77.1,routine inspection,,ECO-SERVICE-3,closed,False,False,False
DOP-0001643,KNT-TLQ,DEV-KNTTLQ-3,2019-05-01T00:00:00,2019-05-31T23:59:59,88.3,85.0,routine inspection,,ECO-SERVICE-3,closed,False,False,False
DOP-0001644,KNT-TLQ,DEV-KNTTLQ-3,2019-06-01T00:00:00,2019-06-30T23:59:59,96.0,72.9,routine inspection,,ECO-SERVICE-3,closed,False,False,False
DOP-0001645,KNT-TLQ,DEV-KNTTLQ-3,2019-07-01T00:00:00,2019-07-31T23:59:59,93.4,80.2,routine inspection,,ECO-SERVICE-3,closed,False,False,False
DOP-0001646,KNT-TLQ,DEV-KNTTLQ-3,2019-08-01T00:00:00,2019-08-31T23:59:59,100.0,93.1,routine inspection,,ECO-SERVICE-3,closed,False,False,False
DOP-0001647,KNT-TLQ,DEV-KNTTLQ-3,2019-09-01T00:00:00,2019-09-30T23:59:59,92.0,61.3,routine inspection,,ECO-SERVICE-3,closed,False,False,False
DOP-0001648,KNT-TLQ,DEV-KNTTLQ-3,2019-10-01T00:00:00,2019-10-31T23:59:59,92.0,85.8,routine inspection,,ECO-SERVICE-3,closed,False,False,False
DOP-0001649,KNT-TLQ,DEV-KNTTLQ-3,2019-11-01T00:00:00,2019-11-30T23:59:59,100.0,78.6,routine inspection,,ECO-SERVICE-3,closed,False,False,False
DOP-0001650,KNT-TLQ,DEV-KNTTLQ-3,2019-12-01T00:00:00,2019-12-31T23:59:59,99.0,77.0,routine inspection,,ECO-SERVICE-3,closed,False,False,False
DOP-0001651,KNT-TLQ,DEV-KNTTLQ-3,2020-01-01T00:00:00,2020-01-31T23:59:59,91.7,100.0,routine inspection,,ECO-SERVICE-3,closed,False,False,False
DOP-0001652,KNT-TLQ,DEV-KNTTLQ-3,2020-02-01T00:00:00,2020-02-29T23:59:59,100.0,82.7,routine inspection,,ECO-SERVICE-3,closed,False,False,False
DOP-0001653,KNT-TLQ,DEV-KNTTLQ-3,2020-03-01T00:00:00,2020-03-31T23:59:59,93.1,96.5,routine inspection,,ECO-SERVICE-3,closed,False,False,False
DOP-0001654,KNT-TLQ,DEV-KNTTLQ-3,2020-04-01T00:00:00,2020-04-30T23:59:59,95.4,74.1,routine inspection,,ECO-SERVICE-3,closed,False,False,False
DOP-0001655,KNT-TLQ,DEV-KNTTLQ-3,2020-05-01T00:00:00,2020-05-31T23:59:59,89.8,61.7,routine inspection,,ECO-SERVICE-3,closed,False,False,False
DOP-0001656,KNT-TLQ,DEV-KNTTLQ-3,2020-06-01T00:00:00,2020-06-30T23:59:59,89.6,74.9,routine inspection,,ECO-SERVICE-3,closed,False,False,False
DOP-0001657,KNT-TLQ,DEV-KNTTLQ-3,2020-07-01T00:00:00,2020-07-31T23:59:59,90.7,88.9,routine inspection,,ECO-SERVICE-3,closed,False,False,False
DOP-0001658,KNT-TLQ,DEV-KNTTLQ-3,2020-08-01T00:00:00,2020-08-31T23:59:59,97.2,75.7,routine inspection,,ECO-SERVICE-3,closed,False,False,False
DOP-0001659,KNT-TLQ,DEV-KNTTLQ-3,2020-09-01T00:00:00,2020-09-30T23:59:59,91.5,76.8,routine inspection,,ECO-SERVICE-3,closed,False,False,False
DOP-0001660,KNT-TLQ,DEV-KNTTLQ-3,2020-10-01T00:00:00,2020-10-31T23:59:59,98.6,86.5,routine inspection,,ECO-SERVICE-3,closed,False,False,False
DOP-0001661,KNT-TLQ,DEV-KNTTLQ-3,2020-11-01T00:00:00,2020-11-30T23:59:59,89.3,86.5,routine inspection,,ECO-SERVICE-3,closed,False,False,False
DOP-0001662,KNT-TLQ,DEV-KNTTLQ-3,2020-12-01T00:00:00,2020-12-31T23:59:59,92.1,82.0,routine inspection,,ECO-SERVICE-3,closed,False,False,False
DOP-0001663,KNT-TLQ,DEV-KNTTLQ-3,2021-01-01T00:00:00,2021-01-31T23:59:59,88.5,85.6,routine inspection,,ECO-SERVICE-3,closed,False,False,False
DOP-0001664,KNT-TLQ,DEV-KNTTLQ-3,2021-02-01T00:00:00,2021-02-28T23:59:59,100.0,93.2,routine inspection,,ECO-SERVICE-3,closed,False,False,False
DOP-0001665,KNT-TLQ,DEV-KNTTLQ-3,2021-03-01T00:00:00,2021-03-31T23:59:59,90.6,63.8,routine inspection,,ECO-SERVICE-3,closed,False,False,False
DOP-0001666,KNT-TLQ,DEV-KNTTLQ-3,2021-04-01T00:00:00,2021-04-30T23:59:59,90.9,73.5,routine inspection,,ECO-SERVICE-3,closed,False,False,False
DOP-0001667,KNT-TLQ,DEV-KNTTLQ-3,2021-05-01T00:00:00,2021-05-31T23:59:59,96.9,73.8,routine inspection,,ECO-SERVICE-3,closed,False,False,False
DOP-0001668,KNT-TLQ,DEV-KNTTLQ-3,2021-06-01T00:00:00,2021-06-30T23:59:59,94.0,71.9,routine inspection,,ECO-SERVICE-3,closed,False,False,False
DOP-0001669,KNT-TLQ,DEV-KNTTLQ-3,2021-07-01T00:00:00,2021-07-31T23:59:59,95.3,69.0,routine inspection,,ECO-SERVICE-3,closed,False,False,False
DOP-0001670,KNT-TLQ,DEV-KNTTLQ-3,2021-08-01T00:00:00,2021-08-31T23:59:59,93.6,86.0,routine inspection,,ECO-SERVICE-3,closed,False,False,False
DOP-0001671,KNT-TLQ,DEV-KNTTLQ-3,2021-09-01T00:00:00,2021-09-30T23:59:59,100.0,78.2,routine inspection,,ECO-SERVICE-3,closed,False,False,False
DOP-0001672,KNT-TLQ,DEV-KNTTLQ-3,2021-10-01T00:00:00,2021-10-31T23:59:59,96.7,77.3,routine inspection,,ECO-SERVICE-3,closed,False,False,False
DOP-0001673,KNT-TLQ,DEV-KNTTLQ-3,2021-11-01T00:00:00,2021-11-30T23:59:59,95.1,80.4,routine inspection,,ECO-SERVICE-3,closed,False,False,False
DOP-0001674,KNT-TLQ,DEV-KNTTLQ-3,2021-12-01T00:00:00,2021-12-31T23:59:59,44.8,74.1,corrective maintenance,POWER_INTERRUPTION,ECO-SERVICE-3,closed,False,True,False
DOP-0001675,KNT-TLQ,DEV-KNTTLQ-3,2022-01-01T00:00:00,2022-01-31T23:59:59,94.1,73.3,routine inspection,,ECO-SERVICE-3,closed,False,False,False
DOP-0001676,KNT-TLQ,DEV-KNTTLQ-3,2022-02-01T00:00:00,2022-02-28T23:59:59,97.7,76.0,routine inspection,,ECO-SERVICE-3,closed,False,False,False
DOP-0001677,KNT-TLQ,DEV-KNTTLQ-3,2022-03-01T00:00:00,2022-03-31T23:59:59,99.7,81.6,routine inspection,,,closed,False,False,False
DOP-0001678,KNT-TLQ,DEV-KNTTLQ-3,2022-04-01T00:00:00,2022-04-30T23:59:59,86.7,66.8,routine inspection,,ECO-SERVICE-3,closed,False,False,False
DOP-0001679,KNT-TLQ,DEV-KNTTLQ-3,2022-05-01T00:00:00,2022-05-31T23:59:59,95.3,80.3,routine inspection,,ECO-SERVICE-3,closed,False,False,False
DOP-0001680,KNT-TLQ,DEV-KNTTLQ-3,2022-06-01T00:00:00,2022-06-30T23:59:59,100.0,71.6,routine inspection,,ECO-SERVICE-3,closed,False,False,False
DOP-0001681,KNT-TLQ,DEV-KNTTLQ-3,2022-07-01T00:00:00,2022-07-31T23:59:59,91.0,73.0,routine inspection,,ECO-SERVICE-3,closed,False,False,False
DOP-0001682,KNT-TLQ,DEV-KNTTLQ-3,2022-08-01T00:00:00,2022-08-31T23:59:59,89.3,79.9,routine inspection,,ECO-SERVICE-3,closed,False,False,False
DOP-0001683,KNT-TLQ,DEV-KNTTLQ-3,2022-09-01T00:00:00,2022-09-30T23:59:59,93.7,71.6,routine inspection,,ECO-SERVICE-3,closed,False,False,False
DOP-0001684,KNT-TLQ,DEV-KNTTLQ-3,2022-10-01T00:00:00,2022-10-31T23:59:59,86.0,88.8,routine inspection,,ECO-SERVICE-3,closed,False,False,False
DOP-0001685,KNT-TLQ,DEV-KNTTLQ-3,2022-11-01T00:00:00,2022-11-30T23:59:59,91.9,73.1,routine inspection,,ECO-SERVICE-3,closed,False,False,False
DOP-0001686,KNT-TLQ,DEV-KNTTLQ-3,2022-12-01T00:00:00,2022-12-31T23:59:59,98.4,80.2,routine inspection,,ECO-SERVICE-3,closed,False,False,False
DOP-0001687,KNT-TLQ,DEV-KNTTLQ-3,2023-01-01T00:00:00,2023-01-31T23:59:59,87.7,86.3,routine inspection,,ECO-SERVICE-3,closed,False,False,False
DOP-0001688,KNT-TLQ,DEV-KNTTLQ-3,2023-02-01T00:00:00,2023-02-28T23:59:59,86.6,77.7,routine inspection,,ECO-SERVICE-3,closed,False,False,False
DOP-0001689,KNT-TLQ,DEV-KNTTLQ-3,2023-03-01T00:00:00,2023-03-31T23:59:59,94.6,75.7,routine inspection,,ECO-SERVICE-3,closed,False,False,False
DOP-0001690,KNT-TLQ,DEV-KNTTLQ-3,2023-04-01T00:00:00,2023-04-30T23:59:59,86.7,73.6,routine inspection,,ECO-SERVICE-3,closed,False,False,False
DOP-0001691,KNT-TLQ,DEV-KNTTLQ-3,2023-05-01T00:00:00,2023-05-31T23:59:59,89.9,94.9,routine inspection,,ECO-SERVICE-3,closed,False,False,False
DOP-0001692,KNT-TLQ,DEV-KNTTLQ-3,2023-06-01T00:00:00,2023-06-30T23:59:59,88.4,81.1,routine inspection,,ECO-SERVICE-3,closed,False,False,False
DOP-0001693,KNT-TLQ,DEV-KNTTLQ-3,2023-07-01T00:00:00,2023-07-31T23:59:59,100.0,81.2,routine inspection,,ECO-SERVICE-3,closed,False,False,False
DOP-0001694,KNT-TLQ,DEV-KNTTLQ-3,2023-08-01T00:00:00,2023-08-31T23:59:59,95.8,73.0,routine inspection,,ECO-SERVICE-3,closed,False,False,False
DOP-0001695,KNT-TLQ,DEV-KNTTLQ-3,2023-09-01T00:00:00,2023-09-30T23:59:59,98.0,75.7,routine inspection,,ECO-SERVICE-3,closed,False,False,False
DOP-0001696,KNT-TLQ,DEV-KNTTLQ-3,2023-10-01T00:00:00,2023-10-31T23:59:59,100.0,74.6,routine inspection,,ECO-SERVICE-3,closed,False,False,False
DOP-0001697,KNT-TLQ,DEV-KNTTLQ-3,2023-11-01T00:00:00,2023-11-30T23:59:59,93.4,82.3,routine inspection,,,closed,False,False,False
DOP-0001698,KNT-TLQ,DEV-KNTTLQ-3,2023-12-01T00:00:00,2023-12-31T23:59:59,87.6,81.1,routine inspection,,ECO-SERVICE-3,closed,False,False,False
DOP-0001699,KNT-TLQ,DEV-KNTTLQ-3,2024-01-01T00:00:00,2024-01-31T23:59:59,97.4,85.3,routine inspection,,ECO-SERVICE-3,closed,False,False,False
DOP-0001700,KNT-TLQ,DEV-KNTTLQ-3,2024-02-01T00:00:00,2024-02-29T23:59:59,95.3,89.7,routine inspection,,ECO-SERVICE-3,closed,False,False,False
DOP-0001701,KNT-TLQ,DEV-KNTTLQ-3,2024-03-01T00:00:00,2024-03-31T23:59:59,100.0,65.4,routine inspection,,ECO-SERVICE-3,closed,False,False,False
DOP-0001702,KNT-TLQ,DEV-KNTTLQ-3,2024-04-01T00:00:00,2024-04-30T23:59:59,97.9,74.7,routine inspection,,ECO-SERVICE-3,closed,False,False,False
DOP-0001703,KNT-TLQ,DEV-KNTTLQ-3,2024-05-01T00:00:00,2024-05-31T23:59:59,95.1,81.8,routine inspection,,ECO-SERVICE-3,closed,False,False,False
DOP-0001704,KNT-TLQ,DEV-KNTTLQ-3,2024-06-01T00:00:00,2024-06-30T23:59:59,95.7,71.3,routine inspection,,ECO-SERVICE-3,closed,False,False,False
DOP-0001705,KNT-TLQ,DEV-KNTTLQ-3,2024-07-01T00:00:00,2024-07-31T23:59:59,89.2,71.3,routine inspection,,ECO-SERVICE-3,closed,False,False,False
DOP-0001706,KNT-TLQ,DEV-KNTTLQ-3,2024-08-01T00:00:00,2024-08-31T23:59:59,99.9,69.5,routine inspection,,ECO-SERVICE-3,closed,False,False,False
DOP-0001707,KNT-TLQ,DEV-KNTTLQ-3,2024-09-01T00:00:00,2024-09-30T23:59:59,93.9,79.7,routine inspection,,ECO-SERVICE-3,closed,False,False,False
DOP-0001708,KNT-TLQ,DEV-KNTTLQ-3,2024-10-01T00:00:00,2024-10-31T23:59:59,93.9,81.9,routine inspection,,ECO-SERVICE-3,closed,False,False,False
DOP-0001709,KNT-TLQ,DEV-KNTTLQ-3,2024-11-01T00:00:00,2024-11-30T23:59:59,100.0,85.7,routine inspection,,ECO-SERVICE-3,closed,False,False,False
DOP-0001710,KNT-TLQ,DEV-KNTTLQ-3,2024-12-01T00:00:00,2024-12-31T23:59:59,96.8,79.4,routine inspection,,ECO-SERVICE-3,closed,False,False,False
DOP-0001711,KNT-TLQ,DEV-KNTTLQ-3,2025-01-01T00:00:00,2025-01-31T23:59:59,79.2,48.7,corrective maintenance,MICROPHONE_DRIFT,ECO-SERVICE-3,closed,True,False,False
DOP-0001712,KNT-TLQ,DEV-KNTTLQ-3,2025-02-01T00:00:00,2025-02-28T23:59:59,92.5,78.5,routine inspection,,ECO-SERVICE-3,closed,False,False,False
DOP-0001713,KNT-TLQ,DEV-KNTTLQ-3,2025-03-01T00:00:00,2025-03-31T23:59:59,96.8,76.5,routine inspection,,ECO-SERVICE-3,closed,False,False,False
DOP-0001714,KNT-TLQ,DEV-KNTTLQ-3,2025-04-01T00:00:00,2025-04-30T23:59:59,89.6,84.7,routine inspection,,ECO-SERVICE-3,closed,False,False,False
DOP-0001715,KNT-TLQ,DEV-KNTTLQ-3,2025-05-01T00:00:00,2025-05-31T23:59:59,91.4,83.0,routine inspection,,ECO-SERVICE-3,closed,False,False,False
DOP-0001716,KNT-TLQ,DEV-KNTTLQ-3,2025-06-01T00:00:00,2025-06-30T23:59:59,88.9,80.1,routine inspection,,ECO-SERVICE-3,closed,False,False,False
DOP-0001717,KNT-UJJ,DEV-KNTUJJ-1,2019-01-01T00:00:00,2019-01-31T23:59:59,97.1,81.8,routine inspection,,ECO-SERVICE-4,closed,False,False,False
DOP-0001718,KNT-UJJ,DEV-KNTUJJ-1,2019-02-01T00:00:00,2019-02-28T23:59:59,98.5,81.4,routine inspection,,ECO-SERVICE-4,closed,False,False,False
DOP-0001719,KNT-UJJ,DEV-KNTUJJ-1,2019-03-01T00:00:00,2019-03-31T23:59:59,100.0,91.8,routine inspection,,ECO-SERVICE-4,closed,False,False,False
DOP-0001720,KNT-UJJ,DEV-KNTUJJ-1,2019-04-01T00:00:00,2019-04-30T23:59:59,100.0,74.3,routine inspection,,ECO-SERVICE-4,closed,False,False,False
DOP-0001721,KNT-UJJ,DEV-KNTUJJ-1,2019-05-01T00:00:00,2019-05-31T23:59:59,92.8,81.9,routine inspection,,ECO-SERVICE-4,closed,False,False,False
DOP-0001722,KNT-UJJ,DEV-KNTUJJ-1,2019-06-01T00:00:00,2019-06-30T23:59:59,92.5,72.8,routine inspection,,ECO-SERVICE-4,closed,False,False,False
DOP-0001723,KNT-UJJ,DEV-KNTUJJ-1,2019-07-01T00:00:00,2019-07-31T23:59:59,61.4,68.9,corrective maintenance,STORAGE_LIMIT,ECO-SERVICE-4,closed,False,False,True
DOP-0001724,KNT-UJJ,DEV-KNTUJJ-1,2019-08-01T00:00:00,2019-08-31T23:59:59,100.0,77.1,routine inspection,,ECO-SERVICE-4,closed,False,False,False
DOP-0001725,KNT-UJJ,DEV-KNTUJJ-1,2019-09-01T00:00:00,2019-09-30T23:59:59,100.0,72.8,routine inspection,,ECO-SERVICE-4,closed,False,False,False
DOP-0001726,KNT-UJJ,DEV-KNTUJJ-1,2019-10-01T00:00:00,2019-10-31T23:59:59,82.8,85.7,routine inspection,,ECO-SERVICE-4,closed,False,False,False
DOP-0001727,KNT-UJJ,DEV-KNTUJJ-1,2019-11-01T00:00:00,2019-11-30T23:59:59,88.6,84.3,routine inspection,,ECO-SERVICE-4,closed,False,False,False
DOP-0001728,KNT-UJJ,DEV-KNTUJJ-1,2019-12-01T00:00:00,2019-12-31T23:59:59,93.4,78.3,routine inspection,,ECO-SERVICE-4,closed,False,False,False
DOP-0001729,KNT-UJJ,DEV-KNTUJJ-1,2020-01-01T00:00:00,2020-01-31T23:59:59,87.6,83.2,routine inspection,,ECO-SERVICE-4,closed,False,False,False
DOP-0001730,KNT-UJJ,DEV-KNTUJJ-1,2020-02-01T00:00:00,2020-02-29T23:59:59,91.1,78.9,routine inspection,,ECO-SERVICE-4,closed,False,False,False
DOP-0001731,KNT-UJJ,DEV-KNTUJJ-1,2020-03-01T00:00:00,2020-03-31T23:59:59,88.3,75.1,routine inspection,,ECO-SERVICE-4,closed,False,False,False
DOP-0001732,KNT-UJJ,DEV-KNTUJJ-1,2020-04-01T00:00:00,2020-04-30T23:59:59,99.4,82.7,routine inspection,,ECO-SERVICE-4,closed,False,False,False
DOP-0001733,KNT-UJJ,DEV-KNTUJJ-1,2020-05-01T00:00:00,2020-05-31T23:59:59,99.1,73.5,routine inspection,,ECO-SERVICE-4,closed,False,False,False
DOP-0001734,KNT-UJJ,DEV-KNTUJJ-1,2020-06-01T00:00:00,2020-06-30T23:59:59,96.6,93.0,routine inspection,,ECO-SERVICE-4,closed,False,False,False
DOP-0001735,KNT-UJJ,DEV-KNTUJJ-1,2020-07-01T00:00:00,2020-07-31T23:59:59,100.0,94.6,routine inspection,,ECO-SERVICE-4,closed,False,False,False
DOP-0001736,KNT-UJJ,DEV-KNTUJJ-1,2020-08-01T00:00:00,2020-08-31T23:59:59,95.3,67.7,routine inspection,,ECO-SERVICE-4,closed,False,False,False
DOP-0001737,KNT-UJJ,DEV-KNTUJJ-1,2020-09-01T00:00:00,2020-09-30T23:59:59,88.4,72.8,routine inspection,,ECO-SERVICE-4,closed,False,False,False
DOP-0001738,KNT-UJJ,DEV-KNTUJJ-1,2020-10-01T00:00:00,2020-10-31T23:59:59,94.2,76.4,routine inspection,,ECO-SERVICE-4,closed,False,False,False
DOP-0001739,KNT-UJJ,DEV-KNTUJJ-1,2020-11-01T00:00:00,2020-11-30T23:59:59,92.8,83.2,routine inspection,,ECO-SERVICE-4,closed,False,False,False
DOP-0001740,KNT-UJJ,DEV-KNTUJJ-1,2020-12-01T00:00:00,2020-12-31T23:59:59,88.6,85.0,routine inspection,,ECO-SERVICE-4,closed,False,False,False
DOP-0001741,KNT-UJJ,DEV-KNTUJJ-1,2021-01-01T00:00:00,2021-01-31T23:59:59,92.8,86.8,routine inspection,,ECO-SERVICE-4,closed,False,False,False
DOP-0001742,KNT-UJJ,DEV-KNTUJJ-1,2021-02-01T00:00:00,2021-02-28T23:59:59,100.0,71.6,routine inspection,,ECO-SERVICE-4,closed,False,False,False
DOP-0001743,KNT-UJJ,DEV-KNTUJJ-1,2021-03-01T00:00:00,2021-03-31T23:59:59,87.1,76.9,routine inspection,,ECO-SERVICE-4,closed,False,False,False
DOP-0001744,KNT-UJJ,DEV-KNTUJJ-1,2021-04-01T00:00:00,2021-04-30T23:59:59,99.0,67.8,routine inspection,,ECO-SERVICE-4,closed,False,False,False
DOP-0001745,KNT-UJJ,DEV-KNTUJJ-1,2021-05-01T00:00:00,2021-05-31T23:59:59,97.3,76.7,routine inspection,,ECO-SERVICE-4,closed,False,False,False
DOP-0001746,KNT-UJJ,DEV-KNTUJJ-1,2021-06-01T00:00:00,2021-06-30T23:59:59,87.1,86.4,routine inspection,,ECO-SERVICE-4,closed,False,False,False
DOP-0001747,KNT-UJJ,DEV-KNTUJJ-1,2021-07-01T00:00:00,2021-07-31T23:59:59,97.6,82.2,routine inspection,,ECO-SERVICE-4,closed,False,False,False
DOP-0001748,KNT-UJJ,DEV-KNTUJJ-1,2021-08-01T00:00:00,2021-08-31T23:59:59,95.7,73.7,routine inspection,,ECO-SERVICE-4,closed,False,False,False
DOP-0001749,KNT-UJJ,DEV-KNTUJJ-1,2021-09-01T00:00:00,2021-09-30T23:59:59,93.9,83.6,routine inspection,,ECO-SERVICE-4,closed,False,False,False
DOP-0001750,KNT-UJJ,DEV-KNTUJJ-1,2021-10-01T00:00:00,2021-10-31T23:59:59,99.8,95.2,routine inspection,,ECO-SERVICE-4,closed,False,False,False
DOP-0001751,KNT-UJJ,DEV-KNTUJJ-1,2021-11-01T00:00:00,2021-11-30T23:59:59,94.0,100.0,routine inspection,,ECO-SERVICE-4,closed,False,False,False
DOP-0001752,KNT-UJJ,DEV-KNTUJJ-1,2021-12-01T00:00:00,2021-12-31T23:59:59,94.0,84.9,routine inspection,,ECO-SERVICE-4,closed,False,False,False
DOP-0001753,KNT-UJJ,DEV-KNTUJJ-1,2022-01-01T00:00:00,2022-01-31T23:59:59,94.3,73.2,routine inspection,,ECO-SERVICE-4,closed,False,False,False
DOP-0001754,KNT-UJJ,DEV-KNTUJJ-1,2022-02-01T00:00:00,2022-02-28T23:59:59,98.8,69.7,routine inspection,,ECO-SERVICE-4,closed,False,False,False
DOP-0001755,KNT-UJJ,DEV-KNTUJJ-1,2022-03-01T00:00:00,2022-03-31T23:59:59,96.1,79.9,routine inspection,,ECO-SERVICE-4,closed,False,False,False
DOP-0001756,KNT-UJJ,DEV-KNTUJJ-1,2022-04-01T00:00:00,2022-04-30T23:59:59,83.9,70.3,routine inspection,,ECO-SERVICE-4,closed,False,False,False
DOP-0001757,KNT-UJJ,DEV-KNTUJJ-1,2022-05-01T00:00:00,2022-05-31T23:59:59,95.7,82.5,routine inspection,,ECO-SERVICE-4,closed,False,False,False
DOP-0001758,KNT-UJJ,DEV-KNTUJJ-1,2022-06-01T00:00:00,2022-06-30T23:59:59,90.1,67.4,routine inspection,,ECO-SERVICE-4,closed,False,False,False
DOP-0001759,KNT-UJJ,DEV-KNTUJJ-1,2022-07-01T00:00:00,2022-07-31T23:59:59,100.0,74.2,routine inspection,,ECO-SERVICE-4,closed,False,False,False
DOP-0001760,KNT-UJJ,DEV-KNTUJJ-1,2022-08-01T00:00:00,2022-08-31T23:59:59,89.2,82.2,routine inspection,,ECO-SERVICE-4,closed,False,False,False
DOP-0001761,KNT-UJJ,DEV-KNTUJJ-1,2022-09-01T00:00:00,2022-09-30T23:59:59,97.3,67.0,routine inspection,,ECO-SERVICE-4,closed,False,False,False
DOP-0001762,KNT-UJJ,DEV-KNTUJJ-1,2022-10-01T00:00:00,2022-10-31T23:59:59,97.1,85.0,routine inspection,,ECO-SERVICE-4,closed,False,False,False
DOP-0001763,KNT-UJJ,DEV-KNTUJJ-1,2022-11-01T00:00:00,2022-11-30T23:59:59,90.9,85.7,routine inspection,,ECO-SERVICE-4,closed,False,False,False
DOP-0001764,KNT-UJJ,DEV-KNTUJJ-1,2022-12-01T00:00:00,2022-12-31T23:59:59,85.6,78.7,routine inspection,,ECO-SERVICE-4,closed,False,False,False
DOP-0001765,KNT-UJJ,DEV-KNTUJJ-1,2023-01-01T00:00:00,2023-01-31T23:59:59,91.0,89.4,routine inspection,,ECO-SERVICE-4,closed,False,False,False
DOP-0001766,KNT-UJJ,DEV-KNTUJJ-1,2023-02-01T00:00:00,2023-02-28T23:59:59,97.3,91.4,routine inspection,,ECO-SERVICE-4,closed,False,False,False
DOP-0001767,KNT-UJJ,DEV-KNTUJJ-1,2023-03-01T00:00:00,2023-03-31T23:59:59,99.9,72.1,routine inspection,,ECO-SERVICE-4,closed,False,False,False
DOP-0001768,KNT-UJJ,DEV-KNTUJJ-1,2023-04-01T00:00:00,2023-04-30T23:59:59,91.7,75.1,routine inspection,,ECO-SERVICE-4,closed,False,False,False
DOP-0001769,KNT-UJJ,DEV-KNTUJJ-1,2023-05-01T00:00:00,2023-05-31T23:59:59,91.5,81.1,routine inspection,,ECO-SERVICE-4,closed,False,False,False
DOP-0001770,KNT-UJJ,DEV-KNTUJJ-1,2023-06-01T00:00:00,2023-06-30T23:59:59,95.7,80.3,routine inspection,,ECO-SERVICE-4,closed,False,False,False
DOP-0001771,KNT-UJJ,DEV-KNTUJJ-1,2023-07-01T00:00:00,2023-07-31T23:59:59,93.7,91.6,routine inspection,,ECO-SERVICE-4,closed,False,False,False
DOP-0001772,KNT-UJJ,DEV-KNTUJJ-1,2023-08-01T00:00:00,2023-08-31T23:59:59,90.1,77.6,routine inspection,,ECO-SERVICE-4,closed,False,False,False
DOP-0001773,KNT-UJJ,DEV-KNTUJJ-1,2023-09-01T00:00:00,2023-09-30T23:59:59,86.9,81.1,routine inspection,,ECO-SERVICE-4,closed,False,False,False
DOP-0001774,KNT-UJJ,DEV-KNTUJJ-1,2023-10-01T00:00:00,2023-10-31T23:59:59,86.5,88.2,routine inspection,,ECO-SERVICE-4,closed,False,False,False
DOP-0001775,KNT-UJJ,DEV-KNTUJJ-1,2023-11-01T00:00:00,2023-11-30T23:59:59,100.0,87.8,routine inspection,,ECO-SERVICE-4,closed,False,False,False
DOP-0001776,KNT-UJJ,DEV-KNTUJJ-1,2023-12-01T00:00:00,2023-12-31T23:59:59,92.0,80.6,routine inspection,,ECO-SERVICE-4,closed,False,False,False
DOP-0001777,KNT-UJJ,DEV-KNTUJJ-1,2024-01-01T00:00:00,2024-01-31T23:59:59,93.1,97.9,routine inspection,,ECO-SERVICE-4,closed,False,False,False
DOP-0001778,KNT-UJJ,DEV-KNTUJJ-1,2024-02-01T00:00:00,2024-02-29T23:59:59,93.9,76.9,routine inspection,,ECO-SERVICE-4,closed,False,False,False
DOP-0001779,KNT-UJJ,DEV-KNTUJJ-1,2024-03-01T00:00:00,2024-03-31T23:59:59,97.3,82.0,routine inspection,,ECO-SERVICE-4,closed,False,False,False
DOP-0001780,KNT-UJJ,DEV-KNTUJJ-1,2024-04-01T00:00:00,2024-04-30T23:59:59,96.9,96.5,routine inspection,,ECO-SERVICE-4,closed,False,False,False
DOP-0001781,KNT-UJJ,DEV-KNTUJJ-1,2024-05-01T00:00:00,2024-05-31T23:59:59,99.3,74.5,routine inspection,,ECO-SERVICE-4,closed,False,False,False
DOP-0001782,KNT-UJJ,DEV-KNTUJJ-1,2024-06-01T00:00:00,2024-06-30T23:59:59,86.8,75.8,routine inspection,,ECO-SERVICE-4,closed,False,False,False
DOP-0001783,KNT-UJJ,DEV-KNTUJJ-1,2024-07-01T00:00:00,2024-07-31T23:59:59,96.2,69.8,routine inspection,,ECO-SERVICE-4,closed,False,False,False
DOP-0001784,KNT-UJJ,DEV-KNTUJJ-1,2024-08-01T00:00:00,2024-08-31T23:59:59,94.0,85.3,routine inspection,,ECO-SERVICE-4,closed,False,False,False
DOP-0001785,KNT-UJJ,DEV-KNTUJJ-1,2024-09-01T00:00:00,2024-09-30T23:59:59,88.5,77.8,routine inspection,,ECO-SERVICE-4,closed,False,False,False
DOP-0001786,KNT-UJJ,DEV-KNTUJJ-1,2024-10-01T00:00:00,2024-10-31T23:59:59,98.8,81.9,routine inspection,,ECO-SERVICE-4,closed,False,False,False
DOP-0001787,KNT-UJJ,DEV-KNTUJJ-1,2024-11-01T00:00:00,2024-11-30T23:59:59,89.2,84.0,routine inspection,,ECO-SERVICE-4,closed,False,False,False
DOP-0001788,KNT-UJJ,DEV-KNTUJJ-1,2024-12-01T00:00:00,2024-12-31T23:59:59,100.0,83.5,routine inspection,,ECO-SERVICE-4,closed,False,False,False
DOP-0001789,KNT-UJJ,DEV-KNTUJJ-1,2025-01-01T00:00:00,2025-01-31T23:59:59,90.1,86.5,routine inspection,,ECO-SERVICE-4,closed,False,False,False
DOP-0001790,KNT-UJJ,DEV-KNTUJJ-1,2025-02-01T00:00:00,2025-02-28T23:59:59,98.5,100.0,routine inspection,,ECO-SERVICE-4,closed,False,False,False
DOP-0001791,KNT-UJJ,DEV-KNTUJJ-1,2025-03-01T00:00:00,2025-03-31T23:59:59,98.4,70.8,routine inspection,,ECO-SERVICE-4,closed,False,False,False
DOP-0001792,KNT-UJJ,DEV-KNTUJJ-1,2025-04-01T00:00:00,2025-04-30T23:59:59,89.5,85.1,routine inspection,,ECO-SERVICE-4,closed,False,False,False
DOP-0001793,KNT-UJJ,DEV-KNTUJJ-1,2025-05-01T00:00:00,2025-05-31T23:59:59,94.8,70.9,routine inspection,,ECO-SERVICE-4,closed,False,False,False
DOP-0001794,KNT-UJJ,DEV-KNTUJJ-1,2025-06-01T00:00:00,2025-06-30T23:59:59,93.6,70.7,routine inspection,,ECO-SERVICE-4,closed,False,False,False
DOP-0001795,KNT-VXR,DEV-KNTVXR-2,2019-01-01T00:00:00,2019-01-31T23:59:59,94.4,96.4,routine inspection,,ECO-SERVICE-1,closed,False,False,False
DOP-0001796,KNT-VXR,DEV-KNTVXR-2,2019-02-01T00:00:00,2019-02-28T23:59:59,94.2,96.5,routine inspection,,ECO-SERVICE-1,closed,False,False,False
DOP-0001797,KNT-VXR,DEV-KNTVXR-2,2019-03-01T00:00:00,2019-03-31T23:59:59,100.0,73.1,routine inspection,,ECO-SERVICE-1,closed,False,False,False
DOP-0001798,KNT-VXR,DEV-KNTVXR-2,2019-04-01T00:00:00,2019-04-30T23:59:59,84.3,75.7,routine inspection,,ECO-SERVICE-1,closed,False,False,False
DOP-0001799,KNT-VXR,DEV-KNTVXR-2,2019-05-01T00:00:00,2019-05-31T23:59:59,94.3,82.0,routine inspection,,ECO-SERVICE-1,closed,False,False,False
DOP-0001800,KNT-VXR,DEV-KNTVXR-2,2019-06-01T00:00:00,2019-06-30T23:59:59,86.6,60.0,routine inspection,,ECO-SERVICE-1,closed,False,False,False
DOP-0001801,KNT-VXR,DEV-KNTVXR-2,2019-07-01T00:00:00,2019-07-31T23:59:59,98.9,79.8,routine inspection,,ECO-SERVICE-1,closed,False,False,False
DOP-0001802,KNT-VXR,DEV-KNTVXR-2,2019-08-01T00:00:00,2019-08-31T23:59:59,97.8,71.6,routine inspection,,ECO-SERVICE-1,closed,False,False,False
DOP-0001803,KNT-VXR,DEV-KNTVXR-2,2019-09-01T00:00:00,2019-09-30T23:59:59,94.6,73.5,routine inspection,,ECO-SERVICE-1,closed,False,False,False
DOP-0001804,KNT-VXR,DEV-KNTVXR-2,2019-10-01T00:00:00,2019-10-31T23:59:59,96.7,78.2,routine inspection,,ECO-SERVICE-1,closed,False,False,False
DOP-0001805,KNT-VXR,DEV-KNTVXR-2,2019-11-01T00:00:00,2019-11-30T23:59:59,94.5,77.1,routine inspection,,ECO-SERVICE-1,closed,False,False,False
DOP-0001806,KNT-VXR,DEV-KNTVXR-2,2019-12-01T00:00:00,2019-12-31T23:59:59,97.1,92.1,routine inspection,,ECO-SERVICE-1,closed,False,False,False
DOP-0001807,KNT-VXR,DEV-KNTVXR-2,2020-01-01T00:00:00,2020-01-31T23:59:59,85.6,87.5,routine inspection,,ECO-SERVICE-1,closed,False,False,False
DOP-0001808,KNT-VXR,DEV-KNTVXR-2,2020-02-01T00:00:00,2020-02-29T23:59:59,91.9,89.5,routine inspection,,ECO-SERVICE-1,closed,False,False,False
DOP-0001809,KNT-VXR,DEV-KNTVXR-2,2020-03-01T00:00:00,2020-03-31T23:59:59,97.3,80.3,routine inspection,,ECO-SERVICE-1,closed,False,False,False
DOP-0001810,KNT-VXR,DEV-KNTVXR-2,2020-04-01T00:00:00,2020-04-30T23:59:59,97.2,75.1,routine inspection,,ECO-SERVICE-1,closed,False,False,False
DOP-0001811,KNT-VXR,DEV-KNTVXR-2,2020-05-01T00:00:00,2020-05-31T23:59:59,86.0,76.1,routine inspection,,ECO-SERVICE-1,closed,False,False,False
DOP-0001812,KNT-VXR,DEV-KNTVXR-2,2020-06-01T00:00:00,2020-06-30T23:59:59,87.2,78.7,routine inspection,,ECO-SERVICE-1,closed,False,False,False
DOP-0001813,KNT-VXR,DEV-KNTVXR-2,2020-07-01T00:00:00,2020-07-31T23:59:59,97.8,82.4,routine inspection,,ECO-SERVICE-1,closed,False,False,False
DOP-0001814,KNT-VXR,DEV-KNTVXR-2,2020-08-01T00:00:00,2020-08-31T23:59:59,90.1,87.0,routine inspection,,ECO-SERVICE-1,closed,False,False,False
DOP-0001815,KNT-VXR,DEV-KNTVXR-2,2020-09-01T00:00:00,2020-09-30T23:59:59,96.8,69.5,routine inspection,,ECO-SERVICE-1,closed,False,False,False
DOP-0001816,KNT-VXR,DEV-KNTVXR-2,2020-10-01T00:00:00,2020-10-31T23:59:59,96.9,65.6,routine inspection,,ECO-SERVICE-1,closed,False,False,False
DOP-0001817,KNT-VXR,DEV-KNTVXR-2,2020-11-01T00:00:00,2020-11-30T23:59:59,61.6,51.4,corrective maintenance,MICROPHONE_DRIFT,ECO-SERVICE-1,closed,True,False,False
DOP-0001818,KNT-VXR,DEV-KNTVXR-2,2020-12-01T00:00:00,2020-12-31T23:59:59,92.3,80.5,routine inspection,,ECO-SERVICE-1,closed,False,False,False
DOP-0001819,KNT-VXR,DEV-KNTVXR-2,2021-01-01T00:00:00,2021-01-31T23:59:59,89.2,91.1,routine inspection,,ECO-SERVICE-1,closed,False,False,False
DOP-0001820,KNT-VXR,DEV-KNTVXR-2,2021-02-01T00:00:00,2021-02-28T23:59:59,88.9,96.1,routine inspection,,ECO-SERVICE-1,closed,False,False,False
DOP-0001821,KNT-VXR,DEV-KNTVXR-2,2021-03-01T00:00:00,2021-03-31T23:59:59,100.0,72.2,routine inspection,,ECO-SERVICE-1,closed,False,False,False
DOP-0001822,KNT-VXR,DEV-KNTVXR-2,2021-04-01T00:00:00,2021-04-30T23:59:59,99.7,80.8,routine inspection,,ECO-SERVICE-1,closed,False,False,False
DOP-0001823,KNT-VXR,DEV-KNTVXR-2,2021-05-01T00:00:00,2021-05-31T23:59:59,88.7,91.0,routine inspection,,ECO-SERVICE-1,closed,False,False,False
DOP-0001824,KNT-VXR,DEV-KNTVXR-2,2021-06-01T00:00:00,2021-06-30T23:59:59,100.0,76.8,routine inspection,,ECO-SERVICE-1,closed,False,False,False
DOP-0001825,KNT-VXR,DEV-KNTVXR-2,2021-07-01T00:00:00,2021-07-31T23:59:59,94.8,72.4,routine inspection,,ECO-SERVICE-1,closed,False,False,False
DOP-0001826,KNT-VXR,DEV-KNTVXR-2,2021-08-01T00:00:00,2021-08-31T23:59:59,85.5,67.9,routine inspection,,ECO-SERVICE-1,closed,False,False,False
DOP-0001827,KNT-VXR,DEV-KNTVXR-2,2021-09-01T00:00:00,2021-09-30T23:59:59,96.6,69.9,routine inspection,,ECO-SERVICE-1,closed,False,False,False
DOP-0001828,KNT-VXR,DEV-KNTVXR-2,2021-10-01T00:00:00,2021-10-31T23:59:59,81.9,84.5,routine inspection,,ECO-SERVICE-1,closed,False,False,False
DOP-0001829,KNT-VXR,DEV-KNTVXR-2,2021-11-01T00:00:00,2021-11-30T23:59:59,91.3,69.6,routine inspection,,ECO-SERVICE-1,closed,False,False,False
DOP-0001830,KNT-VXR,DEV-KNTVXR-2,2021-12-01T00:00:00,2021-12-31T23:59:59,100.0,85.7,routine inspection,,ECO-SERVICE-1,closed,False,False,False
DOP-0001831,KNT-VXR,DEV-KNTVXR-2,2022-01-01T00:00:00,2022-01-31T23:59:59,93.3,70.1,routine inspection,,ECO-SERVICE-1,closed,False,False,False
DOP-0001832,KNT-VXR,DEV-KNTVXR-2,2022-02-01T00:00:00,2022-02-28T23:59:59,94.5,88.3,routine inspection,,ECO-SERVICE-1,closed,False,False,False
DOP-0001833,KNT-VXR,DEV-KNTVXR-2,2022-03-01T00:00:00,2022-03-31T23:59:59,92.7,81.4,routine inspection,,ECO-SERVICE-1,closed,False,False,False
DOP-0001834,KNT-VXR,DEV-KNTVXR-2,2022-04-01T00:00:00,2022-04-30T23:59:59,91.7,76.7,routine inspection,,ECO-SERVICE-1,closed,False,False,False
DOP-0001835,KNT-VXR,DEV-KNTVXR-2,2022-05-01T00:00:00,2022-05-31T23:59:59,91.1,75.8,routine inspection,,ECO-SERVICE-1,closed,False,False,False
DOP-0001836,KNT-VXR,DEV-KNTVXR-2,2022-06-01T00:00:00,2022-06-30T23:59:59,98.2,60.7,routine inspection,,ECO-SERVICE-1,closed,False,False,False
DOP-0001837,KNT-VXR,DEV-KNTVXR-2,2022-07-01T00:00:00,2022-07-31T23:59:59,88.7,68.2,routine inspection,,ECO-SERVICE-1,closed,False,False,False
DOP-0001838,KNT-VXR,DEV-KNTVXR-2,2022-08-01T00:00:00,2022-08-31T23:59:59,95.8,74.8,routine inspection,,ECO-SERVICE-1,closed,False,False,False
DOP-0001839,KNT-VXR,DEV-KNTVXR-2,2022-09-01T00:00:00,2022-09-30T23:59:59,90.5,74.4,routine inspection,,ECO-SERVICE-1,closed,False,False,False
DOP-0001840,KNT-VXR,DEV-KNTVXR-2,2022-10-01T00:00:00,2022-10-31T23:59:59,93.9,66.5,routine inspection,,ECO-SERVICE-1,closed,False,False,False
DOP-0001841,KNT-VXR,DEV-KNTVXR-2,2022-11-01T00:00:00,2022-11-30T23:59:59,93.7,79.6,routine inspection,,ECO-SERVICE-1,closed,False,False,False
DOP-0001842,KNT-VXR,DEV-KNTVXR-2,2022-12-01T00:00:00,2022-12-31T23:59:59,87.2,90.0,routine inspection,,ECO-SERVICE-1,closed,False,False,False
DOP-0001843,KNT-VXR,DEV-KNTVXR-2,2023-01-01T00:00:00,2023-01-31T23:59:59,100.0,71.9,routine inspection,,ECO-SERVICE-1,closed,False,False,False
DOP-0001844,KNT-VXR,DEV-KNTVXR-2,2023-02-01T00:00:00,2023-02-28T23:59:59,97.1,78.5,routine inspection,,ECO-SERVICE-1,closed,False,False,False
DOP-0001845,KNT-VXR,DEV-KNTVXR-2,2023-03-01T00:00:00,2023-03-31T23:59:59,85.2,73.2,routine inspection,,ECO-SERVICE-1,closed,False,False,False
DOP-0001846,KNT-VXR,DEV-KNTVXR-2,2023-04-01T00:00:00,2023-04-30T23:59:59,96.8,61.3,routine inspection,,ECO-SERVICE-1,closed,False,False,False
DOP-0001847,KNT-VXR,DEV-KNTVXR-2,2023-05-01T00:00:00,2023-05-31T23:59:59,100.0,78.2,routine inspection,,ECO-SERVICE-1,closed,False,False,False
DOP-0001848,KNT-VXR,DEV-KNTVXR-2,2023-06-01T00:00:00,2023-06-30T23:59:59,93.4,72.5,routine inspection,,,closed,False,False,False
DOP-0001849,KNT-VXR,DEV-KNTVXR-2,2023-07-01T00:00:00,2023-07-31T23:59:59,89.6,74.8,routine inspection,,ECO-SERVICE-1,closed,False,False,False
DOP-0001850,KNT-VXR,DEV-KNTVXR-2,2023-08-01T00:00:00,2023-08-31T23:59:59,95.3,61.8,routine inspection,,ECO-SERVICE-1,closed,False,False,False
DOP-0001851,KNT-VXR,DEV-KNTVXR-2,2023-09-01T00:00:00,2023-09-30T23:59:59,92.5,77.7,routine inspection,,ECO-SERVICE-1,closed,False,False,False
DOP-0001852,KNT-VXR,DEV-KNTVXR-2,2023-10-01T00:00:00,2023-10-31T23:59:59,87.2,72.8,routine inspection,,ECO-SERVICE-1,closed,False,False,False
DOP-0001853,KNT-VXR,DEV-KNTVXR-2,2023-11-01T00:00:00,2023-11-30T23:59:59,91.3,75.7,routine inspection,,ECO-SERVICE-1,closed,False,False,False
DOP-0001854,KNT-VXR,DEV-KNTVXR-2,2023-12-01T00:00:00,2023-12-31T23:59:59,97.4,76.0,routine inspection,,ECO-SERVICE-1,closed,False,False,False
DOP-0001855,KNT-VXR,DEV-KNTVXR-2,2024-01-01T00:00:00,2024-01-31T23:59:59,88.7,75.2,routine inspection,,ECO-SERVICE-1,closed,False,False,False
DOP-0001856,KNT-VXR,DEV-KNTVXR-2,2024-02-01T00:00:00,2024-02-29T23:59:59,88.9,91.4,routine inspection,,ECO-SERVICE-1,closed,False,False,False
DOP-0001857,KNT-VXR,DEV-KNTVXR-2,2024-03-01T00:00:00,2024-03-31T23:59:59,90.1,73.8,routine inspection,,ECO-SERVICE-1,closed,False,False,False
DOP-0001858,KNT-VXR,DEV-KNTVXR-2,2024-04-01T00:00:00,2024-04-30T23:59:59,90.9,74.2,routine inspection,,ECO-SERVICE-1,closed,False,False,False
DOP-0001859,KNT-VXR,DEV-KNTVXR-2,2024-05-01T00:00:00,2024-05-31T23:59:59,94.7,85.5,routine inspection,,ECO-SERVICE-1,closed,False,False,False
DOP-0001860,KNT-VXR,DEV-KNTVXR-2,2024-06-01T00:00:00,2024-06-30T23:59:59,93.6,60.1,routine inspection,,ECO-SERVICE-1,closed,False,False,False
DOP-0001861,KNT-VXR,DEV-KNTVXR-2,2024-07-01T00:00:00,2024-07-31T23:59:59,92.9,67.2,routine inspection,,ECO-SERVICE-1,closed,False,False,False
DOP-0001862,KNT-VXR,DEV-KNTVXR-2,2024-08-01T00:00:00,2024-08-31T23:59:59,91.2,67.5,routine inspection,,ECO-SERVICE-1,closed,False,False,False
DOP-0001863,KNT-VXR,DEV-KNTVXR-2,2024-09-01T00:00:00,2024-09-30T23:59:59,98.1,84.7,routine inspection,,ECO-SERVICE-1,closed,False,False,False
DOP-0001864,KNT-VXR,DEV-KNTVXR-2,2024-10-01T00:00:00,2024-10-31T23:59:59,84.9,88.4,routine inspection,,ECO-SERVICE-1,closed,False,False,False
DOP-0001865,KNT-VXR,DEV-KNTVXR-2,2024-11-01T00:00:00,2024-11-30T23:59:59,100.0,77.2,routine inspection,,ECO-SERVICE-1,closed,False,False,False
DOP-0001866,KNT-VXR,DEV-KNTVXR-2,2024-12-01T00:00:00,2024-12-31T23:59:59,88.3,82.2,routine inspection,,ECO-SERVICE-1,closed,False,False,False
DOP-0001867,KNT-VXR,DEV-KNTVXR-2,2025-01-01T00:00:00,2025-01-31T23:59:59,99.0,74.8,routine inspection,,ECO-SERVICE-1,closed,False,False,False
DOP-0001868,KNT-VXR,DEV-KNTVXR-2,2025-02-01T00:00:00,2025-02-28T23:59:59,91.5,75.4,routine inspection,,ECO-SERVICE-1,closed,False,False,False
DOP-0001869,KNT-VXR,DEV-KNTVXR-2,2025-03-01T00:00:00,2025-03-31T23:59:59,93.2,77.8,routine inspection,,ECO-SERVICE-1,closed,False,False,False
DOP-0001870,KNT-VXR,DEV-KNTVXR-2,2025-04-01T00:00:00,2025-04-30T23:59:59,98.1,88.6,routine inspection,,ECO-SERVICE-1,closed,False,False,False
DOP-0001871,KNT-VXR,DEV-KNTVXR-2,2025-05-01T00:00:00,2025-05-31T23:59:59,94.9,76.5,routine inspection,,ECO-SERVICE-1,closed,False,False,False
DOP-0001872,KNT-VXR,DEV-KNTVXR-2,2025-06-01T00:00:00,2025-06-30T23:59:59,91.9,77.1,routine inspection,,ECO-SERVICE-1,closed,False,False,False
DOP-0001873,KNT-TEX,DEV-KNTTEX-3,2019-01-01T00:00:00,2019-01-31T23:59:59,100.0,87.7,routine inspection,,ECO-SERVICE-2,closed,False,False,False
DOP-0001874,KNT-TEX,DEV-KNTTEX-3,2019-02-01T00:00:00,2019-02-28T23:59:59,89.9,66.3,routine inspection,,ECO-SERVICE-2,closed,False,False,False
DOP-0001875,KNT-TEX,DEV-KNTTEX-3,2019-03-01T00:00:00,2019-03-31T23:59:59,90.0,87.5,routine inspection,,ECO-SERVICE-2,closed,False,False,False
DOP-0001876,KNT-TEX,DEV-KNTTEX-3,2019-04-01T00:00:00,2019/04/30 23:59:59,92.7,78.1,routine inspection,,ECO-SERVICE-2,closed,False,False,False
DOP-0001877,KNT-TEX,DEV-KNTTEX-3,2019-05-01T00:00:00,2019-05-31T23:59:59,97.8,67.7,routine inspection,,ECO-SERVICE-2,closed,False,False,False
DOP-0001878,KNT-TEX,DEV-KNTTEX-3,2019-06-01T00:00:00,2019-06-30T23:59:59,87.9,68.4,routine inspection,,ECO-SERVICE-2,closed,False,False,False
DOP-0001879,KNT-TEX,DEV-KNTTEX-3,2019-07-01T00:00:00,2019-07-31T23:59:59,100.0,78.3,routine inspection,,ECO-SERVICE-2,closed,False,False,False
DOP-0001880,KNT-TEX,DEV-KNTTEX-3,2019-08-01T00:00:00,2019-08-31T23:59:59,100.0,80.7,routine inspection,,ECO-SERVICE-2,closed,False,False,False
DOP-0001881,KNT-TEX,DEV-KNTTEX-3,2019-09-01T00:00:00,2019-09-30T23:59:59,93.4,81.5,routine inspection,,ECO-SERVICE-2,closed,False,False,False
DOP-0001882,KNT-TEX,DEV-KNTTEX-3,2019-10-01T00:00:00,2019-10-31T23:59:59,95.1,75.4,routine inspection,,ECO-SERVICE-2,closed,False,False,False
DOP-0001883,KNT-TEX,DEV-KNTTEX-3,2019-11-01T00:00:00,2019-11-30T23:59:59,59.5,81.9,corrective maintenance,MICROPHONE_DRIFT,ECO-SERVICE-2,closed,True,False,False
DOP-0001884,KNT-TEX,DEV-KNTTEX-3,2019-12-01T00:00:00,2019-12-31T23:59:59,97.2,89.8,routine inspection,,ECO-SERVICE-2,closed,False,False,False
DOP-0001885,KNT-TEX,DEV-KNTTEX-3,2020-01-01T00:00:00,2020-01-31T23:59:59,91.5,73.3,routine inspection,,ECO-SERVICE-2,closed,False,False,False
DOP-0001886,KNT-TEX,DEV-KNTTEX-3,2020-02-01T00:00:00,2020-02-29T23:59:59,94.8,75.4,routine inspection,,ECO-SERVICE-2,closed,False,False,False
DOP-0001887,KNT-TEX,DEV-KNTTEX-3,2020-03-01T00:00:00,2020-03-31T23:59:59,58.3,56.8,corrective maintenance,MICROPHONE_DRIFT,ECO-SERVICE-2,closed,True,False,False
DOP-0001888,KNT-TEX,DEV-KNTTEX-3,2020-04-01T00:00:00,2020-04-30T23:59:59,93.4,56.8,routine inspection,,ECO-SERVICE-2,closed,False,False,False
DOP-0001889,KNT-TEX,DEV-KNTTEX-3,2020-05-01T00:00:00,2020-05-31T23:59:59,100.0,80.1,routine inspection,,ECO-SERVICE-2,closed,False,False,False
DOP-0001890,KNT-TEX,DEV-KNTTEX-3,2020-06-01T00:00:00,2020-06-30T23:59:59,89.3,83.7,routine inspection,,ECO-SERVICE-2,closed,False,False,False
DOP-0001891,KNT-TEX,DEV-KNTTEX-3,2020-07-01T00:00:00,2020-07-31T23:59:59,86.7,82.2,routine inspection,,ECO-SERVICE-2,closed,False,False,False
DOP-0001892,KNT-TEX,DEV-KNTTEX-3,2020-08-01T00:00:00,2020-08-31T23:59:59,96.1,75.6,routine inspection,,ECO-SERVICE-2,closed,False,False,False
DOP-0001893,KNT-TEX,DEV-KNTTEX-3,2020-09-01T00:00:00,2020-09-30T23:59:59,82.2,69.8,routine inspection,,ECO-SERVICE-2,closed,False,False,False
DOP-0001894,KNT-TEX,DEV-KNTTEX-3,2020-10-01T00:00:00,2020-10-31T23:59:59,91.4,75.8,routine inspection,,ECO-SERVICE-2,closed,False,False,False
DOP-0001895,KNT-TEX,DEV-KNTTEX-3,2020-11-01T00:00:00,2020-11-30T23:59:59,94.7,71.1,routine inspection,,ECO-SERVICE-2,closed,False,False,False
DOP-0001896,KNT-TEX,DEV-KNTTEX-3,2020-12-01T00:00:00,2020-12-31T23:59:59,92.8,76.1,routine inspection,,ECO-SERVICE-2,closed,False,False,False
DOP-0001897,KNT-TEX,DEV-KNTTEX-3,2021-01-01T00:00:00,2021-01-31T23:59:59,100.0,79.4,routine inspection,,ECO-SERVICE-2,closed,False,False,False
DOP-0001898,KNT-TEX,DEV-KNTTEX-3,2021-02-01T00:00:00,2021-02-28T23:59:59,94.2,89.6,routine inspection,,ECO-SERVICE-2,closed,False,False,False
DOP-0001899,KNT-TEX,DEV-KNTTEX-3,2021-03-01T00:00:00,2021-03-31T23:59:59,91.8,95.4,routine inspection,,ECO-SERVICE-2,closed,False,False,False
DOP-0001900,KNT-TEX,DEV-KNTTEX-3,2021-04-01T00:00:00,2021-04-30T23:59:59,91.4,90.3,routine inspection,,ECO-SERVICE-2,closed,False,False,False
DOP-0001901,KNT-TEX,DEV-KNTTEX-3,2021-05-01T00:00:00,2021-05-31T23:59:59,100.0,75.7,routine inspection,,ECO-SERVICE-2,closed,False,False,False
DOP-0001902,KNT-TEX,DEV-KNTTEX-3,2021-06-01T00:00:00,2021-06-30T23:59:59,97.3,80.9,routine inspection,,ECO-SERVICE-2,closed,False,False,False
DOP-0001903,KNT-TEX,DEV-KNTTEX-3,2021-07-01T00:00:00,2021-07-31T23:59:59,98.0,76.1,routine inspection,,ECO-SERVICE-2,closed,False,False,False
DOP-0001904,KNT-TEX,DEV-KNTTEX-3,2021-08-01T00:00:00,2021-08-31T23:59:59,99.6,78.9,routine inspection,,ECO-SERVICE-2,closed,False,False,False
DOP-0001905,KNT-TEX,DEV-KNTTEX-3,2021-09-01T00:00:00,2021-09-30T23:59:59,95.0,78.7,routine inspection,,ECO-SERVICE-2,closed,False,False,False
DOP-0001906,KNT-TEX,DEV-KNTTEX-3,2021-10-01T00:00:00,2021-10-31T23:59:59,100.0,71.9,routine inspection,,ECO-SERVICE-2,closed,False,False,False
DOP-0001907,KNT-TEX,DEV-KNTTEX-3,2021-11-01T00:00:00,2021-11-30T23:59:59,100.0,85.6,routine inspection,,ECO-SERVICE-2,closed,False,False,False
DOP-0001908,KNT-TEX,DEV-KNTTEX-3,2021-12-01T00:00:00,2021-12-31T23:59:59,93.2,86.8,routine inspection,,ECO-SERVICE-2,closed,False,False,False
DOP-0001909,KNT-TEX,DEV-KNTTEX-3,2022-01-01T00:00:00,2022-01-31T23:59:59,93.0,79.5,routine inspection,,ECO-SERVICE-2,closed,False,False,False
DOP-0001910,KNT-TEX,DEV-KNTTEX-3,2022-02-01T00:00:00,2022-02-28T23:59:59,90.7,80.9,routine inspection,,ECO-SERVICE-2,closed,False,False,False
DOP-0001911,KNT-TEX,DEV-KNTTEX-3,2022-03-01T00:00:00,2022-03-31T23:59:59,95.8,89.3,routine inspection,,ECO-SERVICE-2,closed,False,False,False
DOP-0001912,KNT-TEX,DEV-KNTTEX-3,2022-04-01T00:00:00,2022-04-30T23:59:59,87.3,89.5,routine inspection,,ECO-SERVICE-2,closed,False,False,False
DOP-0001913,KNT-TEX,DEV-KNTTEX-3,2022-05-01T00:00:00,2022-05-31T23:59:59,96.9,69.0,routine inspection,,ECO-SERVICE-2,closed,False,False,False
DOP-0001914,KNT-TEX,DEV-KNTTEX-3,2022-06-01T00:00:00,2022-06-30T23:59:59,86.8,84.1,routine inspection,,ECO-SERVICE-2,closed,False,False,False
DOP-0001915,KNT-TEX,DEV-KNTTEX-3,2022-07-01T00:00:00,2022-07-31T23:59:59,91.4,77.8,routine inspection,,ECO-SERVICE-2,closed,False,False,False
DOP-0001916,KNT-TEX,DEV-KNTTEX-3,2022-08-01T00:00:00,2022-08-31T23:59:59,91.0,80.8,routine inspection,,ECO-SERVICE-2,closed,False,False,False
DOP-0001917,KNT-TEX,DEV-KNTTEX-3,2022-09-01T00:00:00,2022-09-30T23:59:59,91.3,75.7,routine inspection,,ECO-SERVICE-2,closed,False,False,False
DOP-0001918,KNT-TEX,DEV-KNTTEX-3,2022-10-01T00:00:00,2022-10-31T23:59:59,100.0,84.3,routine inspection,,ECO-SERVICE-2,closed,False,False,False
DOP-0001919,KNT-TEX,DEV-KNTTEX-3,2022-11-01T00:00:00,2022-11-30T23:59:59,91.6,70.5,routine inspection,,ECO-SERVICE-2,closed,False,False,False
DOP-0001920,KNT-TEX,DEV-KNTTEX-3,2022-12-01T00:00:00,2022-12-31T23:59:59,93.6,79.6,routine inspection,,ECO-SERVICE-2,closed,False,False,False
DOP-0001921,KNT-TEX,DEV-KNTTEX-3,2023-01-01T00:00:00,2023-01-31T23:59:59,98.1,87.3,routine inspection,,ECO-SERVICE-2,closed,False,False,False
DOP-0001922,KNT-TEX,DEV-KNTTEX-3,2023-02-01T00:00:00,2023-02-28T23:59:59,100.0,87.5,routine inspection,,ECO-SERVICE-2,closed,False,False,False
DOP-0001923,KNT-TEX,DEV-KNTTEX-3,2023-03-01T00:00:00,2023-03-31T23:59:59,93.8,86.0,routine inspection,,ECO-SERVICE-2,closed,False,False,False
DOP-0001924,KNT-TEX,DEV-KNTTEX-3,2023-04-01T00:00:00,2023-04-30T23:59:59,94.6,86.8,routine inspection,,ECO-SERVICE-2,closed,False,False,False
DOP-0001925,KNT-TEX,DEV-KNTTEX-3,2023-05-01T00:00:00,2023-05-31T23:59:59,93.7,74.2,routine inspection,,ECO-SERVICE-2,closed,False,False,False
DOP-0001926,KNT-TEX,DEV-KNTTEX-3,2023-06-01T00:00:00,2023-06-30T23:59:59,89.2,72.4,routine inspection,,ECO-SERVICE-2,closed,False,False,False
DOP-0001927,KNT-TEX,DEV-KNTTEX-3,2023-07-01T00:00:00,2023-07-31T23:59:59,97.6,78.8,routine inspection,,ECO-SERVICE-2,closed,False,False,False
DOP-0001928,KNT-TEX,DEV-KNTTEX-3,2023-08-01T00:00:00,2023-08-31T23:59:59,95.9,84.7,routine inspection,,ECO-SERVICE-2,closed,False,False,False
DOP-0001929,KNT-TEX,DEV-KNTTEX-3,2023-09-01T00:00:00,2023-09-30T23:59:59,100.0,77.4,routine inspection,,ECO-SERVICE-2,closed,False,False,False
DOP-0001930,KNT-TEX,DEV-KNTTEX-3,2023-10-01T00:00:00,2023-10-31T23:59:59,98.5,82.0,routine inspection,,ECO-SERVICE-2,closed,False,False,False
DOP-0001931,KNT-TEX,DEV-KNTTEX-3,2023-11-01T00:00:00,2023-11-30T23:59:59,86.1,76.1,routine inspection,,ECO-SERVICE-2,closed,False,False,False
DOP-0001932,KNT-TEX,DEV-KNTTEX-3,2023-12-01T00:00:00,2023-12-31T23:59:59,84.8,72.7,routine inspection,,ECO-SERVICE-2,closed,False,False,False
DOP-0001933,KNT-TEX,DEV-KNTTEX-3,2024-01-01T00:00:00,2024-01-31T23:59:59,94.8,88.4,routine inspection,,ECO-SERVICE-2,closed,False,False,False
DOP-0001934,KNT-TEX,DEV-KNTTEX-3,2024-02-01T00:00:00,2024-02-29T23:59:59,84.0,85.4,routine inspection,,ECO-SERVICE-2,closed,False,False,False
DOP-0001935,KNT-TEX,DEV-KNTTEX-3,2024-03-01T00:00:00,2024-03-31T23:59:59,100.0,78.1,routine inspection,,ECO-SERVICE-2,closed,False,False,False
DOP-0001936,KNT-TEX,DEV-KNTTEX-3,2024-04-01T00:00:00,2024-04-30T23:59:59,99.4,77.6,routine inspection,,ECO-SERVICE-2,closed,False,False,False
DOP-0001937,KNT-TEX,DEV-KNTTEX-3,2024-05-01T00:00:00,2024-05-31T23:59:59,89.9,79.1,routine inspection,,ECO-SERVICE-2,closed,False,False,False
DOP-0001938,KNT-TEX,DEV-KNTTEX-3,2024-06-01T00:00:00,2024-06-30T23:59:59,100.0,76.9,routine inspection,,ECO-SERVICE-2,closed,False,False,False
DOP-0001939,KNT-TEX,DEV-KNTTEX-3,2024-07-01T00:00:00,2024-07-31T23:59:59,89.6,85.8,routine inspection,,ECO-SERVICE-2,closed,False,False,False
DOP-0001940,KNT-TEX,DEV-KNTTEX-3,2024-08-01T00:00:00,2024-08-31T23:59:59,89.9,79.7,routine inspection,,ECO-SERVICE-2,closed,False,False,False
DOP-0001941,KNT-TEX,DEV-KNTTEX-3,2024-09-01T00:00:00,2024-09-30T23:59:59,87.1,92.3,routine inspection,,ECO-SERVICE-2,closed,False,False,False
DOP-0001942,KNT-TEX,DEV-KNTTEX-3,2024-10-01T00:00:00,2024-10-31T23:59:59,93.8,86.2,routine inspection,,ECO-SERVICE-2,closed,False,False,False
DOP-0001943,KNT-TEX,DEV-KNTTEX-3,2024-11-01T00:00:00,2024-11-30T23:59:59,95.1,85.6,routine inspection,,ECO-SERVICE-2,closed,False,False,False
DOP-0001944,KNT-TEX,DEV-KNTTEX-3,2024-12-01T00:00:00,2024-12-31T23:59:59,100.0,89.4,routine inspection,,ECO-SERVICE-2,closed,False,False,False
DOP-0001945,KNT-TEX,DEV-KNTTEX-3,2025-01-01T00:00:00,2025-01-31T23:59:59,96.8,74.0,routine inspection,,ECO-SERVICE-2,closed,False,False,False
DOP-0001946,KNT-TEX,DEV-KNTTEX-3,2025-02-01T00:00:00,2025-02-28T23:59:59,83.5,64.5,routine inspection,,ECO-SERVICE-2,closed,False,False,False
DOP-0001947,KNT-TEX,DEV-KNTTEX-3,2025-03-01T00:00:00,2025-03-31T23:59:59,99.4,81.2,routine inspection,,ECO-SERVICE-2,closed,False,False,False
DOP-0001948,KNT-TEX,DEV-KNTTEX-3,2025-04-01T00:00:00,2025-04-30T23:59:59,100.0,78.3,routine inspection,,ECO-SERVICE-2,closed,False,False,False
DOP-0001949,KNT-TEX,DEV-KNTTEX-3,2025-05-01T00:00:00,2025-05-31T23:59:59,94.7,74.0,routine inspection,,ECO-SERVICE-2,closed,False,False,False
DOP-0001950,KNT-TEX,DEV-KNTTEX-3,2025-06-01T00:00:00,2025-06-30T23:59:59,98.2,74.9,routine inspection,,ECO-SERVICE-2,closed,False,False,False
DOP-0001951,KNT-BME,DEV-KNTBME-1,2019-01-01T00:00:00,2019-01-31T23:59:59,100.0,93.5,routine inspection,,ECO-SERVICE-3,closed,False,False,False
DOP-0001952,KNT-BME,DEV-KNTBME-1,2019-02-01T00:00:00,2019-02-28T23:59:59,87.7,75.5,routine inspection,,ECO-SERVICE-3,closed,False,False,False
DOP-0001953,KNT-BME,DEV-KNTBME-1,2019-03-01T00:00:00,2019-03-31T23:59:59,92.9,73.1,routine inspection,,ECO-SERVICE-3,closed,False,False,False
DOP-0001954,KNT-BME,DEV-KNTBME-1,2019-04-01T00:00:00,2019-04-30T23:59:59,89.7,84.5,routine inspection,,ECO-SERVICE-3,closed,False,False,False
DOP-0001955,KNT-BME,DEV-KNTBME-1,2019-05-01T00:00:00,2019-05-31T23:59:59,96.1,76.2,routine inspection,,ECO-SERVICE-3,closed,False,False,False
DOP-0001956,KNT-BME,DEV-KNTBME-1,2019-06-01T00:00:00,2019-06-30T23:59:59,90.5,87.1,routine inspection,,ECO-SERVICE-3,closed,False,False,False
DOP-0001957,KNT-BME,DEV-KNTBME-1,2019-07-01T00:00:00,2019-07-31T23:59:59,100.0,65.2,routine inspection,,ECO-SERVICE-3,closed,False,False,False
DOP-0001958,KNT-BME,DEV-KNTBME-1,2019-08-01T00:00:00,2019-08-31T23:59:59,95.2,72.2,routine inspection,,ECO-SERVICE-3,closed,False,False,False
DOP-0001959,KNT-BME,DEV-KNTBME-1,2019-09-01T00:00:00,2019-09-30T23:59:59,93.4,77.7,routine inspection,,ECO-SERVICE-3,closed,False,False,False
DOP-0001960,KNT-BME,DEV-KNTBME-1,2019-10-01T00:00:00,2019-10-31T23:59:59,91.8,75.1,routine inspection,,ECO-SERVICE-3,closed,False,False,False
DOP-0001961,KNT-BME,DEV-KNTBME-1,2019-11-01T00:00:00,2019-11-30T23:59:59,91.8,85.7,routine inspection,,ECO-SERVICE-3,closed,False,False,False
DOP-0001962,KNT-BME,DEV-KNTBME-1,2019-12-01T00:00:00,2019-12-31T23:59:59,93.1,73.1,routine inspection,,ECO-SERVICE-3,closed,False,False,False
DOP-0001963,KNT-BME,DEV-KNTBME-1,2020-01-01T00:00:00,2020-01-31T23:59:59,99.2,86.9,routine inspection,,ECO-SERVICE-3,closed,False,False,False
DOP-0001964,KNT-BME,DEV-KNTBME-1,2020-02-01T00:00:00,2020-02-29T23:59:59,94.1,86.8,routine inspection,,ECO-SERVICE-3,closed,False,False,False
DOP-0001965,KNT-BME,DEV-KNTBME-1,2020-03-01T00:00:00,2020-03-31T23:59:59,87.9,84.6,routine inspection,,ECO-SERVICE-3,closed,False,False,False
DOP-0001966,KNT-BME,DEV-KNTBME-1,2020-04-01T00:00:00,2020-04-30T23:59:59,95.5,82.2,routine inspection,,ECO-SERVICE-3,closed,False,False,False
DOP-0001967,KNT-BME,DEV-KNTBME-1,2020-05-01T00:00:00,2020-05-31T23:59:59,96.6,73.7,routine inspection,,ECO-SERVICE-3,closed,False,False,False
DOP-0001968,KNT-BME,DEV-KNTBME-1,2020-06-01T00:00:00,2020-06-30T23:59:59,99.6,70.6,routine inspection,,ECO-SERVICE-3,closed,False,False,False
DOP-0001969,KNT-BME,DEV-KNTBME-1,2020-07-01T00:00:00,2020-07-31T23:59:59,93.5,70.8,routine inspection,,ECO-SERVICE-3,closed,False,False,False
DOP-0001970,KNT-BME,DEV-KNTBME-1,2020-08-01T00:00:00,2020-08-31T23:59:59,100.0,69.5,routine inspection,,ECO-SERVICE-3,closed,False,False,False
DOP-0001971,KNT-BME,DEV-KNTBME-1,2020-09-01T00:00:00,2020-09-30T23:59:59,99.6,83.9,routine inspection,,ECO-SERVICE-3,closed,False,False,False
DOP-0001972,KNT-BME,DEV-KNTBME-1,2020-10-01T00:00:00,2020-10-31T23:59:59,94.9,85.0,routine inspection,,ECO-SERVICE-3,closed,False,False,False
DOP-0001973,KNT-BME,DEV-KNTBME-1,2020-11-01T00:00:00,2020-11-30T23:59:59,73.5,78.9,corrective maintenance,STORAGE_LIMIT,ECO-SERVICE-3,closed,False,False,True
DOP-0001974,KNT-BME,DEV-KNTBME-1,2020-12-01T00:00:00,2020-12-31T23:59:59,92.5,81.0,routine inspection,,ECO-SERVICE-3,closed,False,False,False
DOP-0001975,KNT-BME,DEV-KNTBME-1,2021-01-01T00:00:00,2021-01-31T23:59:59,96.7,82.0,routine inspection,,ECO-SERVICE-3,closed,False,False,False
DOP-0001976,KNT-BME,DEV-KNTBME-1,2021-02-01T00:00:00,2021-02-28T23:59:59,100.0,81.7,routine inspection,,ECO-SERVICE-3,closed,False,False,False
DOP-0001977,KNT-BME,DEV-KNTBME-1,2021-03-01T00:00:00,2021-03-31T23:59:59,89.2,75.5,routine inspection,,ECO-SERVICE-3,closed,False,False,False
DOP-0001978,KNT-BME,DEV-KNTBME-1,2021-04-01T00:00:00,2021-04-30T23:59:59,95.3,82.5,routine inspection,,ECO-SERVICE-3,closed,False,False,False
DOP-0001979,KNT-BME,DEV-KNTBME-1,2021-05-01T00:00:00,2021-05-31T23:59:59,97.5,67.3,routine inspection,,ECO-SERVICE-3,closed,False,False,False
DOP-0001980,KNT-BME,DEV-KNTBME-1,2021-06-01T00:00:00,2021-06-30T23:59:59,90.8,90.6,routine inspection,,ECO-SERVICE-3,closed,False,False,False
DOP-0001981,KNT-BME,DEV-KNTBME-1,2021-07-01T00:00:00,2021-07-31T23:59:59,99.1,80.0,routine inspection,,ECO-SERVICE-3,closed,False,False,False
DOP-0001982,KNT-BME,DEV-KNTBME-1,2021-08-01T00:00:00,2021-08-31T23:59:59,95.2,87.6,routine inspection,,ECO-SERVICE-3,closed,False,False,False
DOP-0001983,KNT-BME,DEV-KNTBME-1,2021-09-01T00:00:00,2021-09-30T23:59:59,93.7,75.4,routine inspection,,ECO-SERVICE-3,closed,False,False,False
DOP-0001984,KNT-BME,DEV-KNTBME-1,2021-10-01T00:00:00,2021-10-31T23:59:59,97.8,75.8,routine inspection,,ECO-SERVICE-3,closed,False,False,False
DOP-0001985,KNT-BME,DEV-KNTBME-1,2021-11-01T00:00:00,2021-11-30T23:59:59,89.9,81.3,routine inspection,,ECO-SERVICE-3,closed,False,False,False
DOP-0001986,KNT-BME,DEV-KNTBME-1,2021-12-01T00:00:00,2021-12-31T23:59:59,93.1,80.5,routine inspection,,ECO-SERVICE-3,closed,False,False,False
DOP-0001987,KNT-BME,DEV-KNTBME-1,2022-01-01T00:00:00,2022-01-31T23:59:59,86.6,82.8,routine inspection,,ECO-SERVICE-3,closed,False,False,False
DOP-0001988,KNT-BME,DEV-KNTBME-1,2022-02-01T00:00:00,2022-02-28T23:59:59,90.6,82.6,routine inspection,,ECO-SERVICE-3,closed,False,False,False
DOP-0001989,KNT-BME,DEV-KNTBME-1,2022-03-01T00:00:00,2022-03-31T23:59:59,96.4,86.9,routine inspection,,ECO-SERVICE-3,closed,False,False,False
DOP-0001990,KNT-BME,DEV-KNTBME-1,2022-04-01T00:00:00,2022-04-30T23:59:59,94.3,76.5,routine inspection,,ECO-SERVICE-3,closed,False,False,False
DOP-0001991,KNT-BME,DEV-KNTBME-1,2022-05-01T00:00:00,2022-05-31T23:59:59,86.1,78.1,routine inspection,,ECO-SERVICE-3,closed,False,False,False
DOP-0001992,KNT-BME,DEV-KNTBME-1,2022-06-01T00:00:00,2022-06-30T23:59:59,91.5,70.1,routine inspection,,ECO-SERVICE-3,closed,False,False,False
DOP-0001993,KNT-BME,DEV-KNTBME-1,2022-07-01T00:00:00,2022-07-31T23:59:59,100.0,76.2,routine inspection,,ECO-SERVICE-3,closed,False,False,False
DOP-0001994,KNT-BME,DEV-KNTBME-1,2022-08-01T00:00:00,2022-08-31T23:59:59,100.0,66.0,routine inspection,,ECO-SERVICE-3,closed,False,False,False
DOP-0001995,KNT-BME,DEV-KNTBME-1,2022-09-01T00:00:00,2022-09-30T23:59:59,92.2,83.3,routine inspection,,ECO-SERVICE-3,closed,False,False,False
DOP-0001996,KNT-BME,DEV-KNTBME-1,2022-10-01T00:00:00,2022-10-31T23:59:59,96.3,79.7,routine inspection,,ECO-SERVICE-3,closed,False,False,False
DOP-0001997,KNT-BME,DEV-KNTBME-1,2022-11-01T00:00:00,2022-11-30T23:59:59,93.0,92.3,routine inspection,,ECO-SERVICE-3,closed,False,False,False
DOP-0001998,KNT-BME,DEV-KNTBME-1,2022-12-01T00:00:00,2022-12-31T23:59:59,94.7,81.7,routine inspection,,ECO-SERVICE-3,closed,False,False,False
DOP-0001999,KNT-BME,DEV-KNTBME-1,2023-01-01T00:00:00,2023-01-31T23:59:59,93.8,78.4,routine inspection,,ECO-SERVICE-3,closed,False,False,False
DOP-0002000,KNT-BME,DEV-KNTBME-1,2023-02-01T00:00:00,2023-02-28T23:59:59,97.9,76.3,routine inspection,,ECO-SERVICE-3,closed,False,False,False
DOP-0002001,KNT-BME,DEV-KNTBME-1,2023-03-01T00:00:00,2023-03-31T23:59:59,89.6,84.5,routine inspection,,ECO-SERVICE-3,closed,False,False,False
DOP-0002002,KNT-BME,DEV-KNTBME-1,2023-04-01T00:00:00,2023-04-30T23:59:59,88.9,83.8,routine inspection,,ECO-SERVICE-3,closed,False,False,False
DOP-0002003,KNT-BME,DEV-KNTBME-1,2023-05-01T00:00:00,2023-05-31T23:59:59,90.5,79.1,routine inspection,,ECO-SERVICE-3,closed,False,False,False
DOP-0002004,KNT-BME,DEV-KNTBME-1,2023-06-01T00:00:00,2023-06-30T23:59:59,88.7,90.4,routine inspection,,ECO-SERVICE-3,closed,False,False,False
DOP-0002005,KNT-BME,DEV-KNTBME-1,2023-07-01T00:00:00,2023-07-31T23:59:59,87.8,74.3,routine inspection,,ECO-SERVICE-3,closed,False,False,False
DOP-0002006,KNT-BME,DEV-KNTBME-1,2023-08-01T00:00:00,2023-08-31T23:59:59,98.5,70.8,routine inspection,,ECO-SERVICE-3,closed,False,False,False
DOP-0002007,KNT-BME,DEV-KNTBME-1,2023-09-01T00:00:00,2023-09-30T23:59:59,84.4,76.4,routine inspection,,ECO-SERVICE-3,closed,False,False,False
DOP-0002008,KNT-BME,DEV-KNTBME-1,2023-10-01T00:00:00,2023-10-31T23:59:59,100.0,71.8,routine inspection,,ECO-SERVICE-3,closed,False,False,False
DOP-0002009,KNT-BME,DEV-KNTBME-1,2023-11-01T00:00:00,2023-11-30T23:59:59,85.9,83.3,routine inspection,,ECO-SERVICE-3,closed,False,False,False
DOP-0002010,KNT-BME,DEV-KNTBME-1,2023-12-01T00:00:00,2023-12-31T23:59:59,94.2,77.1,routine inspection,,ECO-SERVICE-3,closed,False,False,False
DOP-0002011,KNT-BME,DEV-KNTBME-1,2024-01-01T00:00:00,2024-01-31T23:59:59,95.8,90.6,routine inspection,,ECO-SERVICE-3,closed,False,False,False
DOP-0002012,KNT-BME,DEV-KNTBME-1,2024-02-01T00:00:00,2024-02-29T23:59:59,96.8,92.7,routine inspection,,ECO-SERVICE-3,closed,False,False,False
DOP-0002013,KNT-BME,DEV-KNTBME-1,2024-03-01T00:00:00,2024-03-31T23:59:59,89.7,69.4,routine inspection,,ECO-SERVICE-3,closed,False,False,False
DOP-0002014,KNT-BME,DEV-KNTBME-1,2024-04-01T00:00:00,2024-04-30T23:59:59,90.9,83.2,routine inspection,,ECO-SERVICE-3,closed,False,False,False
DOP-0002015,KNT-BME,DEV-KNTBME-1,2024-05-01T00:00:00,2024-05-31T23:59:59,97.3,80.4,routine inspection,,ECO-SERVICE-3,closed,False,False,False
DOP-0002016,KNT-BME,DEV-KNTBME-1,2024-06-01T00:00:00,2024-06-30T23:59:59,96.3,80.9,routine inspection,,ECO-SERVICE-3,closed,False,False,False
DOP-0002017,KNT-BME,DEV-KNTBME-1,2024-07-01T00:00:00,2024-07-31T23:59:59,92.0,76.8,routine inspection,,ECO-SERVICE-3,closed,False,False,False
DOP-0002018,KNT-BME,DEV-KNTBME-1,2024-08-01T00:00:00,2024-08-31T23:59:59,55.9,82.0,corrective maintenance,POWER_INTERRUPTION,ECO-SERVICE-3,closed,False,True,False
DOP-0002019,KNT-BME,DEV-KNTBME-1,2024-09-01T00:00:00,2024-09-30T23:59:59,96.2,73.1,routine inspection,,ECO-SERVICE-3,closed,False,False,False
DOP-0002020,KNT-BME,DEV-KNTBME-1,2024-10-01T00:00:00,2024-10-31T23:59:59,100.0,71.5,routine inspection,,ECO-SERVICE-3,closed,False,False,False
DOP-0002021,KNT-BME,DEV-KNTBME-1,2024-11-01T00:00:00,2024-11-30T23:59:59,95.8,81.2,routine inspection,,ECO-SERVICE-3,closed,False,False,False
DOP-0002022,KNT-BME,DEV-KNTBME-1,2024-12-01T00:00:00,2024-12-31T23:59:59,59.8,50.9,corrective maintenance,MICROPHONE_DRIFT,ECO-SERVICE-3,closed,True,False,False
DOP-0002023,KNT-BME,DEV-KNTBME-1,2025-01-01T00:00:00,2025-01-31T23:59:59,95.8,79.7,routine inspection,,ECO-SERVICE-3,closed,False,False,False
DOP-0002024,KNT-BME,DEV-KNTBME-1,2025-02-01T00:00:00,2025-02-28T23:59:59,86.3,93.6,routine inspection,,ECO-SERVICE-3,closed,False,False,False
DOP-0002025,KNT-BME,DEV-KNTBME-1,2025-03-01T00:00:00,2025-03-31T23:59:59,98.5,70.8,routine inspection,,ECO-SERVICE-3,closed,False,False,False
DOP-0002026,KNT-BME,DEV-KNTBME-1,2025-04-01T00:00:00,2025-04-30T23:59:59,90.2,86.9,routine inspection,,ECO-SERVICE-3,closed,False,False,False
DOP-0002027,KNT-BME,DEV-KNTBME-1,2025-05-01T00:00:00,2025-05-31T23:59:59,93.6,81.2,routine inspection,,ECO-SERVICE-3,closed,False,False,False
DOP-0002028,KNT-BME,DEV-KNTBME-1,2025-06-01T00:00:00,2025-06-30T23:59:59,99.5,69.2,routine inspection,,ECO-SERVICE-3,closed,False,False,False
DOP-0002029,KNT-XAC,DEV-KNTXAC-2,2019-01-01T00:00:00,2019-01-31T23:59:59,98.3,86.9,routine inspection,,ECO-SERVICE-4,closed,False,False,False
DOP-0002030,KNT-XAC,DEV-KNTXAC-2,2019-02-01T00:00:00,2019-02-28T23:59:59,100.0,98.2,routine inspection,,ECO-SERVICE-4,closed,False,False,False
DOP-0002031,KNT-XAC,DEV-KNTXAC-2,2019-03-01T00:00:00,2019-03-31T23:59:59,91.8,83.4,routine inspection,,ECO-SERVICE-4,closed,False,False,False
DOP-0002032,KNT-XAC,DEV-KNTXAC-2,2019-04-01T00:00:00,2019-04-30T23:59:59,72.9,54.9,corrective maintenance,STORAGE_LIMIT,ECO-SERVICE-4,closed,False,False,True
DOP-0002033,KNT-XAC,DEV-KNTXAC-2,2019-05-01T00:00:00,2019-05-31T23:59:59,100.0,69.4,routine inspection,,ECO-SERVICE-4,closed,False,False,False
DOP-0002034,KNT-XAC,DEV-KNTXAC-2,2019-06-01T00:00:00,2019-06-30T23:59:59,98.6,78.5,routine inspection,,ECO-SERVICE-4,closed,False,False,False
DOP-0002035,KNT-XAC,DEV-KNTXAC-2,2019-07-01T00:00:00,2019-07-31T23:59:59,93.1,76.7,routine inspection,,ECO-SERVICE-4,closed,False,False,False
DOP-0002036,KNT-XAC,DEV-KNTXAC-2,2019-08-01T00:00:00,2019-08-31T23:59:59,92.1,73.0,routine inspection,,ECO-SERVICE-4,closed,False,False,False
DOP-0002037,KNT-XAC,DEV-KNTXAC-2,2019-09-01T00:00:00,2019-09-30T23:59:59,86.7,75.5,routine inspection,,ECO-SERVICE-4,closed,False,False,False
DOP-0002038,KNT-XAC,DEV-KNTXAC-2,2019-10-01T00:00:00,2019-10-31T23:59:59,79.9,76.7,routine inspection,,ECO-SERVICE-4,closed,False,False,False
DOP-0002039,KNT-XAC,DEV-KNTXAC-2,2019-11-01T00:00:00,2019-11-30T23:59:59,89.0,78.6,routine inspection,,ECO-SERVICE-4,closed,False,False,False
DOP-0002040,KNT-XAC,DEV-KNTXAC-2,2019-12-01T00:00:00,2019-12-31T23:59:59,94.8,85.9,routine inspection,,ECO-SERVICE-4,closed,False,False,False
DOP-0002041,KNT-XAC,DEV-KNTXAC-2,2020-01-01T00:00:00,2020-01-31T23:59:59,90.5,93.0,routine inspection,,ECO-SERVICE-4,closed,False,False,False
DOP-0002042,KNT-XAC,DEV-KNTXAC-2,2020-02-01T00:00:00,2020-02-29T23:59:59,89.8,83.2,routine inspection,,ECO-SERVICE-4,closed,False,False,False
DOP-0002043,KNT-XAC,DEV-KNTXAC-2,2020-03-01T00:00:00,2020-03-31T23:59:59,98.4,84.1,routine inspection,,ECO-SERVICE-4,closed,False,False,False
DOP-0002044,KNT-XAC,DEV-KNTXAC-2,2020-04-01T00:00:00,2020-04-30T23:59:59,88.5,77.7,routine inspection,,ECO-SERVICE-4,closed,False,False,False
DOP-0002045,KNT-XAC,DEV-KNTXAC-2,2020-05-01T00:00:00,2020-05-31T23:59:59,95.8,69.9,routine inspection,,ECO-SERVICE-4,closed,False,False,False
DOP-0002046,KNT-XAC,DEV-KNTXAC-2,2020-06-01T00:00:00,2020-06-30T23:59:59,100.0,83.0,routine inspection,,ECO-SERVICE-4,closed,False,False,False
DOP-0002047,KNT-XAC,DEV-KNTXAC-2,2020-07-01T00:00:00,2020-07-31T23:59:59,88.2,68.6,routine inspection,,ECO-SERVICE-4,closed,False,False,False
DOP-0002048,KNT-XAC,DEV-KNTXAC-2,2020-08-01T00:00:00,2020-08-31T23:59:59,95.8,73.5,routine inspection,,ECO-SERVICE-4,closed,False,False,False
DOP-0002049,KNT-XAC,DEV-KNTXAC-2,2020-09-01T00:00:00,2020-09-30T23:59:59,93.9,75.7,routine inspection,,ECO-SERVICE-4,closed,False,False,False
DOP-0002050,KNT-XAC,DEV-KNTXAC-2,2020-10-01T00:00:00,2020-10-31T23:59:59,98.5,62.2,routine inspection,,ECO-SERVICE-4,closed,False,False,False
DOP-0002051,KNT-XAC,DEV-KNTXAC-2,2020-11-01T00:00:00,2020-11-30T23:59:59,95.3,82.5,routine inspection,,ECO-SERVICE-4,closed,False,False,False
DOP-0002052,KNT-XAC,DEV-KNTXAC-2,2020-12-01T00:00:00,2020-12-31T23:59:59,93.8,60.7,routine inspection,,ECO-SERVICE-4,closed,False,False,False
DOP-0002053,KNT-XAC,DEV-KNTXAC-2,2021-01-01T00:00:00,2021-01-31T23:59:59,91.9,83.8,routine inspection,,ECO-SERVICE-4,closed,False,False,False
DOP-0002054,KNT-XAC,DEV-KNTXAC-2,2021-02-01T00:00:00,2021-02-28T23:59:59,92.3,81.8,routine inspection,,ECO-SERVICE-4,closed,False,False,False
DOP-0002055,KNT-XAC,DEV-KNTXAC-2,2021-03-01T00:00:00,2021-03-31T23:59:59,89.4,80.5,routine inspection,,ECO-SERVICE-4,closed,False,False,False
DOP-0002056,KNT-XAC,DEV-KNTXAC-2,2021-04-01T00:00:00,2021-04-30T23:59:59,92.7,83.6,routine inspection,,ECO-SERVICE-4,closed,False,False,False
DOP-0002057,KNT-XAC,DEV-KNTXAC-2,2021-05-01T00:00:00,2021-05-31T23:59:59,92.2,64.6,routine inspection,,ECO-SERVICE-4,closed,False,False,False
DOP-0002058,KNT-XAC,DEV-KNTXAC-2,2021-06-01T00:00:00,2021-06-30T23:59:59,95.0,65.7,routine inspection,,ECO-SERVICE-4,closed,False,False,False
DOP-0002059,KNT-XAC,DEV-KNTXAC-2,2021-07-01T00:00:00,2021-07-31T23:59:59,89.4,74.7,routine inspection,,ECO-SERVICE-4,closed,False,False,False
DOP-0002060,KNT-XAC,DEV-KNTXAC-2,2021-08-01T00:00:00,2021-08-31T23:59:59,98.1,73.1,routine inspection,,ECO-SERVICE-4,closed,False,False,False
DOP-0002061,KNT-XAC,DEV-KNTXAC-2,2021-09-01T00:00:00,2021-09-30T23:59:59,97.6,78.6,routine inspection,,ECO-SERVICE-4,closed,False,False,False
DOP-0002062,KNT-XAC,DEV-KNTXAC-2,2021-10-01T00:00:00,2021-10-31T23:59:59,100.0,69.0,routine inspection,,ECO-SERVICE-4,closed,False,False,False
DOP-0002063,KNT-XAC,DEV-KNTXAC-2,2021-11-01T00:00:00,2021-11-30T23:59:59,95.9,91.5,routine inspection,,ECO-SERVICE-4,closed,False,False,False
DOP-0002064,KNT-XAC,DEV-KNTXAC-2,2021-12-01T00:00:00,2021-12-31T23:59:59,88.0,84.5,routine inspection,,ECO-SERVICE-4,closed,False,False,False
DOP-0002065,KNT-XAC,DEV-KNTXAC-2,2022-01-01T00:00:00,2022-01-31T23:59:59,92.7,77.7,routine inspection,,ECO-SERVICE-4,closed,False,False,False
DOP-0002066,KNT-XAC,DEV-KNTXAC-2,2022-02-01T00:00:00,2022-02-28T23:59:59,86.2,82.4,routine inspection,,ECO-SERVICE-4,closed,False,False,False
DOP-0002067,KNT-XAC,DEV-KNTXAC-2,2022-03-01T00:00:00,2022-03-31T23:59:59,92.7,74.9,routine inspection,,ECO-SERVICE-4,closed,False,False,False
DOP-0002068,KNT-XAC,DEV-KNTXAC-2,2022-04-01T00:00:00,2022-04-30T23:59:59,95.3,86.7,routine inspection,,ECO-SERVICE-4,closed,False,False,False
DOP-0002069,KNT-XAC,DEV-KNTXAC-2,2022-05-01T00:00:00,2022-05-31T23:59:59,93.3,80.8,routine inspection,,ECO-SERVICE-4,closed,False,False,False
DOP-0002070,KNT-XAC,DEV-KNTXAC-2,2022-06-01T00:00:00,2022-06-30T23:59:59,85.1,83.6,routine inspection,,ECO-SERVICE-4,closed,False,False,False
DOP-0002071,KNT-XAC,DEV-KNTXAC-2,2022-07-01T00:00:00,2022-07-31T23:59:59,90.3,71.0,routine inspection,,ECO-SERVICE-4,closed,False,False,False
DOP-0002072,KNT-XAC,DEV-KNTXAC-2,2022-08-01T00:00:00,2022-08-31T23:59:59,97.1,71.1,routine inspection,,ECO-SERVICE-4,closed,False,False,False
DOP-0002073,KNT-XAC,DEV-KNTXAC-2,2022-09-01T00:00:00,2022-09-30T23:59:59,97.5,78.0,routine inspection,,ECO-SERVICE-4,closed,False,False,False
DOP-0002074,KNT-XAC,DEV-KNTXAC-2,2022-10-01T00:00:00,2022-10-31T23:59:59,90.0,83.4,routine inspection,,ECO-SERVICE-4,closed,False,False,False
DOP-0002075,KNT-XAC,DEV-KNTXAC-2,2022-11-01T00:00:00,2022-11-30T23:59:59,87.4,78.9,routine inspection,,ECO-SERVICE-4,closed,False,False,False
DOP-0002076,KNT-XAC,DEV-KNTXAC-2,2022-12-01T00:00:00,2022-12-31T23:59:59,71.6,70.9,corrective maintenance,STORAGE_LIMIT,ECO-SERVICE-4,closed,False,False,True
DOP-0002077,KNT-XAC,DEV-KNTXAC-2,2023-01-01T00:00:00,2023-01-31T23:59:59,93.2,82.7,routine inspection,,ECO-SERVICE-4,closed,False,False,False
DOP-0002078,KNT-XAC,DEV-KNTXAC-2,2023-02-01T00:00:00,2023-02-28T23:59:59,95.0,85.7,routine inspection,,ECO-SERVICE-4,closed,False,False,False
DOP-0002079,KNT-XAC,DEV-KNTXAC-2,2023-03-01T00:00:00,2023-03-31T23:59:59,81.5,77.3,routine inspection,,ECO-SERVICE-4,closed,False,False,False
DOP-0002080,KNT-XAC,DEV-KNTXAC-2,2023-04-01T00:00:00,2023-04-30T23:59:59,89.9,76.0,routine inspection,,ECO-SERVICE-4,closed,False,False,False
DOP-0002081,KNT-XAC,DEV-KNTXAC-2,2023-05-01T00:00:00,2023-05-31T23:59:59,91.6,84.6,routine inspection,,ECO-SERVICE-4,closed,False,False,False
DOP-0002082,KNT-XAC,DEV-KNTXAC-2,2023-06-01T00:00:00,2023-06-30T23:59:59,90.2,73.8,routine inspection,,ECO-SERVICE-4,closed,False,False,False
DOP-0002083,KNT-XAC,DEV-KNTXAC-2,2023-07-01T00:00:00,2023-07-31T23:59:59,93.0,69.8,routine inspection,,ECO-SERVICE-4,closed,False,False,False
DOP-0002084,KNT-XAC,DEV-KNTXAC-2,2023-08-01T00:00:00,2023-08-31T23:59:59,88.5,95.2,routine inspection,,ECO-SERVICE-4,closed,False,False,False
DOP-0002085,KNT-XAC,DEV-KNTXAC-2,2023-09-01T00:00:00,2023-09-30T23:59:59,91.5,79.3,routine inspection,,ECO-SERVICE-4,closed,False,False,False
DOP-0002086,KNT-XAC,DEV-KNTXAC-2,2023-10-01T00:00:00,2023-10-31T23:59:59,96.5,86.1,routine inspection,,ECO-SERVICE-4,closed,False,False,False
DOP-0002087,KNT-XAC,DEV-KNTXAC-2,2023-11-01T00:00:00,2023-11-30T23:59:59,90.0,80.4,routine inspection,,ECO-SERVICE-4,closed,False,False,False
DOP-0002088,KNT-XAC,DEV-KNTXAC-2,2023-12-01T00:00:00,2023-12-31T23:59:59,95.3,90.2,routine inspection,,ECO-SERVICE-4,closed,False,False,False
DOP-0002089,KNT-XAC,DEV-KNTXAC-2,2024-01-01T00:00:00,2024-01-31T23:59:59,95.2,77.0,routine inspection,,ECO-SERVICE-4,closed,False,False,False
DOP-0002090,KNT-XAC,DEV-KNTXAC-2,2024-02-01T00:00:00,2024-02-29T23:59:59,97.5,74.2,routine inspection,,ECO-SERVICE-4,closed,False,False,False
DOP-0002091,KNT-XAC,DEV-KNTXAC-2,2024-03-01T00:00:00,2024-03-31T23:59:59,100.0,82.3,routine inspection,,ECO-SERVICE-4,closed,False,False,False
DOP-0002092,KNT-XAC,DEV-KNTXAC-2,2024-04-01T00:00:00,2024-04-30T23:59:59,79.6,88.4,routine inspection,,ECO-SERVICE-4,closed,False,False,False
DOP-0002093,KNT-XAC,DEV-KNTXAC-2,2024-05-01T00:00:00,2024-05-31T23:59:59,90.2,78.8,routine inspection,,ECO-SERVICE-4,closed,False,False,False
DOP-0002094,KNT-XAC,DEV-KNTXAC-2,2024-06-01T00:00:00,2024-06-30T23:59:59,100.0,75.1,routine inspection,,ECO-SERVICE-4,closed,False,False,False
DOP-0002095,KNT-XAC,DEV-KNTXAC-2,2024-07-01T00:00:00,2024-07-31T23:59:59,88.8,81.2,routine inspection,,ECO-SERVICE-4,closed,False,False,False
DOP-0002096,KNT-XAC,DEV-KNTXAC-2,2024-08-01T00:00:00,2024-08-31T23:59:59,100.0,76.4,routine inspection,,ECO-SERVICE-4,closed,False,False,False
DOP-0002097,KNT-XAC,DEV-KNTXAC-2,2024-09-01T00:00:00,2024-09-30T23:59:59,96.7,68.2,routine inspection,,ECO-SERVICE-4,closed,False,False,False
DOP-0002098,KNT-XAC,DEV-KNTXAC-2,2024-10-01T00:00:00,2024-10-31T23:59:59,99.2,67.5,routine inspection,,ECO-SERVICE-4,closed,False,False,False
DOP-0002099,KNT-XAC,DEV-KNTXAC-2,2024-11-01T00:00:00,2024-11-30T23:59:59,100.0,88.9,routine inspection,,ECO-SERVICE-4,closed,False,False,False
DOP-0002100,KNT-XAC,DEV-KNTXAC-2,2024-12-01T00:00:00,2024-12-31T23:59:59,93.5,85.8,routine inspection,,ECO-SERVICE-4,closed,False,False,False
DOP-0002101,KNT-XAC,DEV-KNTXAC-2,2025-01-01T00:00:00,2025-01-31T23:59:59,100.0,82.0,routine inspection,,ECO-SERVICE-4,closed,False,False,False
DOP-0002102,KNT-XAC,DEV-KNTXAC-2,2025-02-01T00:00:00,2025-02-28T23:59:59,90.6,73.3,routine inspection,,ECO-SERVICE-4,closed,False,False,False
DOP-0002103,KNT-XAC,DEV-KNTXAC-2,2025-03-01T00:00:00,2025-03-31T23:59:59,90.5,92.0,routine inspection,,ECO-SERVICE-4,closed,False,False,False
DOP-0002104,KNT-XAC,DEV-KNTXAC-2,2025-04-01T00:00:00,2025-04-30T23:59:59,86.7,73.2,routine inspection,,ECO-SERVICE-4,closed,False,False,False
DOP-0002105,KNT-XAC,DEV-KNTXAC-2,2025-05-01T00:00:00,2025-05-31T23:59:59,90.9,77.7,routine inspection,,ECO-SERVICE-4,closed,False,False,False
DOP-0002106,KNT-XAC,DEV-KNTXAC-2,2025-06-01T00:00:00,2025-06-30T23:59:59,100.0,71.5,routine inspection,,ECO-SERVICE-4,closed,False,False,False
DOP-0002107,AVL-TRP,DEV-AVLTRP-3,2019-01-01T00:00:00,2019-01-31T23:59:59,86.5,71.7,routine inspection,,ECO-SERVICE-1,closed,False,False,False
DOP-0002108,AVL-TRP,DEV-AVLTRP-3,2019-02-01T00:00:00,2019-02-28T23:59:59,94.6,83.1,routine inspection,,ECO-SERVICE-1,closed,False,False,False
DOP-0002109,AVL-TRP,DEV-AVLTRP-3,2019-03-01T00:00:00,2019-03-31T23:59:59,56.3,47.3,sensor replacement,MICROPHONE_DRIFT,ECO-SERVICE-1,closed,True,False,False
DOP-0002110,AVL-TRP,DEV-AVLTRP-3,2019-04-01T00:00:00,2019-04-30T23:59:59,23.9,51.6,sensor replacement,MICROPHONE_DRIFT,ECO-SERVICE-1,closed,True,False,False
DOP-0002111,AVL-TRP,DEV-AVLTRP-3,2019-05-01T00:00:00,2019-05-31T23:59:59,96.7,82.6,routine inspection,,ECO-SERVICE-1,closed,False,False,False
DOP-0002112,AVL-TRP,DEV-AVLTRP-3,2019-06-01T00:00:00,2019-06-30T23:59:59,93.5,73.9,routine inspection,,ECO-SERVICE-1,closed,False,False,False
DOP-0002113,AVL-TRP,DEV-AVLTRP-3,2019-07-01T00:00:00,2019-07-31T23:59:59,98.6,79.2,routine inspection,,ECO-SERVICE-1,closed,False,False,False
DOP-0002114,AVL-TRP,DEV-AVLTRP-3,2019-08-01T00:00:00,2019-08-31T23:59:59,99.8,74.8,routine inspection,,ECO-SERVICE-1,closed,False,False,False
DOP-0002115,AVL-TRP,DEV-AVLTRP-3,2019-09-01T00:00:00,2019-09-30T23:59:59,29.0,47.8,sensor replacement,MICROPHONE_DRIFT,ECO-SERVICE-1,closed,True,False,False
DOP-0002116,AVL-TRP,DEV-AVLTRP-3,2019-10-01T00:00:00,2019-10-31T23:59:59,55.6,40.5,sensor replacement,MICROPHONE_DRIFT,ECO-SERVICE-1,closed,True,False,False
DOP-0002117,AVL-TRP,DEV-AVLTRP-3,2019-11-01T00:00:00,2019-11-30T23:59:59,96.6,64.4,routine inspection,,ECO-SERVICE-1,closed,False,False,False
DOP-0002118,AVL-TRP,DEV-AVLTRP-3,2019-12-01T00:00:00,2019-12-31T23:59:59,73.6,89.2,routine inspection,,ECO-SERVICE-1,closed,False,False,False
DOP-0002119,AVL-TRP,DEV-AVLTRP-3,2020-01-01T00:00:00,2020-01-31T23:59:59,99.9,73.4,routine inspection,,ECO-SERVICE-1,closed,False,False,False
DOP-0002120,AVL-TRP,DEV-AVLTRP-3,2020-02-01T00:00:00,2020-02-29T23:59:59,100.0,84.3,routine inspection,,ECO-SERVICE-1,closed,False,False,False
DOP-0002121,AVL-TRP,DEV-AVLTRP-3,2020-03-01T00:00:00,2020-03-31T23:59:59,31.4,47.5,sensor replacement,MICROPHONE_DRIFT,ECO-SERVICE-1,closed,True,False,False
DOP-0002122,AVL-TRP,DEV-AVLTRP-3,2020-04-01T00:00:00,2020-04-30T23:59:59,54.9,57.7,sensor replacement,MICROPHONE_DRIFT,ECO-SERVICE-1,closed,True,False,False
DOP-0002123,AVL-TRP,DEV-AVLTRP-3,2020-05-01T00:00:00,2020-05-31T23:59:59,91.4,84.5,routine inspection,,ECO-SERVICE-1,closed,False,False,False
DOP-0002124,AVL-TRP,DEV-AVLTRP-3,2020-06-01T00:00:00,2020-06-30T23:59:59,98.8,80.1,routine inspection,,ECO-SERVICE-1,closed,False,False,False
DOP-0002125,AVL-TRP,DEV-AVLTRP-3,2020-07-01T00:00:00,2020-07-31T23:59:59,89.8,79.9,routine inspection,,ECO-SERVICE-1,closed,False,False,False
DOP-0002126,AVL-TRP,DEV-AVLTRP-3,2020-08-01T00:00:00,2020-08-31T23:59:59,88.6,72.3,routine inspection,,ECO-SERVICE-1,closed,False,False,False
DOP-0002127,AVL-TRP,DEV-AVLTRP-3,2020-09-01T00:00:00,2020-09-30T23:59:59,31.2,49.3,sensor replacement,MICROPHONE_DRIFT,ECO-SERVICE-1,closed,True,False,False
DOP-0002128,AVL-TRP,DEV-AVLTRP-3,2020-10-01T00:00:00,2020-10-31T23:59:59,43.9,51.5,sensor replacement,MICROPHONE_DRIFT,ECO-SERVICE-1,closed,True,False,False
DOP-0002129,AVL-TRP,DEV-AVLTRP-3,2020-11-01T00:00:00,2020-11-30T23:59:59,96.3,83.8,routine inspection,,ECO-SERVICE-1,closed,False,False,False
DOP-0002130,AVL-TRP,DEV-AVLTRP-3,2020-12-01T00:00:00,2020-12-31T23:59:59,99.7,58.8,routine inspection,,ECO-SERVICE-1,closed,False,False,False
DOP-0002131,AVL-TRP,DEV-AVLTRP-3,2021-01-01T00:00:00,2021-01-31T23:59:59,97.8,73.9,routine inspection,,ECO-SERVICE-1,closed,False,False,False
DOP-0002132,AVL-TRP,DEV-AVLTRP-3,2021-02-01T00:00:00,2021-02-28T23:59:59,100.0,82.8,routine inspection,,ECO-SERVICE-1,closed,False,False,False
DOP-0002133,AVL-TRP,DEV-AVLTRP-3,2021-03-01T00:00:00,2021-03-31T23:59:59,47.6,55.3,sensor replacement,MICROPHONE_DRIFT,ECO-SERVICE-1,closed,True,False,False
DOP-0002134,AVL-TRP,DEV-AVLTRP-3,2021-04-01T00:00:00,2021-04-30T23:59:59,62.0,59.3,sensor replacement,MICROPHONE_DRIFT,ECO-SERVICE-1,closed,True,False,False
DOP-0002135,AVL-TRP,DEV-AVLTRP-3,2021-05-01T00:00:00,2021-05-31T23:59:59,96.0,72.4,routine inspection,,ECO-SERVICE-1,closed,False,False,False
DOP-0002136,AVL-TRP,DEV-AVLTRP-3,2021-06-01T00:00:00,2021-06-30T23:59:59,87.2,84.5,routine inspection,,ECO-SERVICE-1,closed,False,False,False
DOP-0002137,AVL-TRP,DEV-AVLTRP-3,2021-07-01T00:00:00,2021-07-31T23:59:59,92.3,74.2,routine inspection,,ECO-SERVICE-1,closed,False,False,False
DOP-0002138,AVL-TRP,DEV-AVLTRP-3,2021-08-01T00:00:00,2021-08-31T23:59:59,100.0,69.5,routine inspection,,ECO-SERVICE-1,closed,False,False,False
DOP-0002139,AVL-TRP,DEV-AVLTRP-3,2021-09-01T00:00:00,2021-09-30T23:59:59,60.4,56.7,sensor replacement,MICROPHONE_DRIFT,ECO-SERVICE-1,closed,True,False,False
DOP-0002140,AVL-TRP,DEV-AVLTRP-3,2021-10-01T00:00:00,2021-10-31T23:59:59,54.8,66.2,sensor replacement,MICROPHONE_DRIFT,ECO-SERVICE-1,closed,True,False,False
DOP-0002141,AVL-TRP,DEV-AVLTRP-3,2021-11-01T00:00:00,2021-11-30T23:59:59,96.0,81.4,routine inspection,,ECO-SERVICE-1,closed,False,False,False
DOP-0002142,AVL-TRP,DEV-AVLTRP-3,2021-12-01T00:00:00,2021-12-31T23:59:59,96.4,78.3,routine inspection,,ECO-SERVICE-1,closed,False,False,False
DOP-0002143,AVL-TRP,DEV-AVLTRP-3,2022-01-01T00:00:00,2022-01-31T23:59:59,89.9,73.0,routine inspection,,ECO-SERVICE-1,closed,False,False,False
DOP-0002144,AVL-TRP,DEV-AVLTRP-3,2022-02-01T00:00:00,2022-02-28T23:59:59,93.2,79.3,routine inspection,,ECO-SERVICE-1,closed,False,False,False
DOP-0002145,AVL-TRP,DEV-AVLTRP-3,2022-03-01T00:00:00,2022-03-31T23:59:59,64.8,53.6,sensor replacement,MICROPHONE_DRIFT,ECO-SERVICE-1,closed,True,False,False
DOP-0002146,AVL-TRP,DEV-AVLTRP-3,2022-04-01T00:00:00,2022-04-30T23:59:59,33.0,56.8,sensor replacement,MICROPHONE_DRIFT,ECO-SERVICE-1,closed,True,False,False
DOP-0002147,AVL-TRP,DEV-AVLTRP-3,2022-05-01T00:00:00,2022-05-31T23:59:59,90.8,79.5,routine inspection,,ECO-SERVICE-1,closed,False,False,False
DOP-0002148,AVL-TRP,DEV-AVLTRP-3,2022-06-01T00:00:00,2022-06-30T23:59:59,100.0,84.2,routine inspection,,ECO-SERVICE-1,closed,False,False,False
DOP-0002149,AVL-TRP,DEV-AVLTRP-3,2022-07-01T00:00:00,2022-07-31T23:59:59,93.1,66.3,routine inspection,,ECO-SERVICE-1,closed,False,False,False
DOP-0002150,AVL-TRP,DEV-AVLTRP-3,2022-08-01T00:00:00,2022-08-31T23:59:59,99.4,78.8,routine inspection,,ECO-SERVICE-1,closed,False,False,False
DOP-0002151,AVL-TRP,DEV-AVLTRP-3,2022-09-01T00:00:00,2022-09-30T23:59:59,41.5,64.3,sensor replacement,MICROPHONE_DRIFT,ECO-SERVICE-1,closed,True,False,False
DOP-0002152,AVL-TRP,DEV-AVLTRP-3,2022-10-01T00:00:00,2022-10-31T23:59:59,23.1,57.8,sensor replacement,MICROPHONE_DRIFT,ECO-SERVICE-1,closed,True,False,False
DOP-0002153,AVL-TRP,DEV-AVLTRP-3,2022-11-01T00:00:00,2022-11-30T23:59:59,100.0,61.8,routine inspection,,ECO-SERVICE-1,closed,False,False,False
DOP-0002154,AVL-TRP,DEV-AVLTRP-3,2022-12-01T00:00:00,2022-12-31T23:59:59,93.0,84.1,routine inspection,,ECO-SERVICE-1,closed,False,False,False
DOP-0002155,AVL-TRP,DEV-AVLTRP-3,2023-01-01T00:00:00,2023-01-31T23:59:59,92.1,82.8,routine inspection,,ECO-SERVICE-1,closed,False,False,False
DOP-0002156,AVL-TRP,DEV-AVLTRP-3,2023-02-01T00:00:00,2023-02-28T23:59:59,98.2,72.6,routine inspection,,ECO-SERVICE-1,closed,False,False,False
DOP-0002157,AVL-TRP,DEV-AVLTRP-3,2023-03-01T00:00:00,2023-03-31T23:59:59,64.1,52.3,sensor replacement,MICROPHONE_DRIFT,ECO-SERVICE-1,closed,True,False,False
DOP-0002158,AVL-TRP,DEV-AVLTRP-3,2023-04-01T00:00:00,2023-04-30T23:59:59,64.5,47.0,sensor replacement,MICROPHONE_DRIFT,ECO-SERVICE-1,closed,True,False,False
DOP-0002159,AVL-TRP,DEV-AVLTRP-3,2023-05-01T00:00:00,2023-05-31T23:59:59,97.1,74.7,routine inspection,,ECO-SERVICE-1,closed,False,False,False
DOP-0002160,AVL-TRP,DEV-AVLTRP-3,2023-06-01T00:00:00,2023-06-30T23:59:59,95.8,84.1,routine inspection,,ECO-SERVICE-1,closed,False,False,False
DOP-0002161,AVL-TRP,DEV-AVLTRP-3,2023-07-01T00:00:00,2023-07-31T23:59:59,94.2,83.7,routine inspection,,ECO-SERVICE-1,closed,False,False,False
DOP-0002162,AVL-TRP,DEV-AVLTRP-3,2023-08-01T00:00:00,2023-08-31T23:59:59,83.6,70.4,routine inspection,,ECO-SERVICE-1,closed,False,False,False
DOP-0002163,AVL-TRP,DEV-AVLTRP-3,2023-09-01T00:00:00,2023-09-30T23:59:59,46.6,36.1,sensor replacement,MICROPHONE_DRIFT,ECO-SERVICE-1,closed,True,False,False
DOP-0002164,AVL-TRP,DEV-AVLTRP-3,2023-10-01T00:00:00,2023-10-31T23:59:59,62.7,56.8,sensor replacement,MICROPHONE_DRIFT,,closed,True,False,False
DOP-0002165,AVL-TRP,DEV-AVLTRP-3,2023-11-01T00:00:00,2023-11-30T23:59:59,90.3,85.5,routine inspection,,ECO-SERVICE-1,closed,False,False,False
DOP-0002166,AVL-TRP,DEV-AVLTRP-3,2023-12-01T00:00:00,2023-12-31T23:59:59,91.5,86.6,routine inspection,,ECO-SERVICE-1,closed,False,False,False
DOP-0002167,AVL-TRP,DEV-AVLTRP-3,2024-01-01T00:00:00,2024-01-31T23:59:59,92.6,72.7,routine inspection,,ECO-SERVICE-1,closed,False,False,False
DOP-0002168,AVL-TRP,DEV-AVLTRP-3,2024-02-01T00:00:00,2024-02-29T23:59:59,94.5,85.1,routine inspection,,ECO-SERVICE-1,closed,False,False,False
DOP-0002169,AVL-TRP,DEV-AVLTRP-3,2024-03-01T00:00:00,2024-03-31T23:59:59,49.3,47.2,sensor replacement,MICROPHONE_DRIFT,ECO-SERVICE-1,closed,True,False,False
DOP-0002170,AVL-TRP,DEV-AVLTRP-3,2024-04-01T00:00:00,2024-04-30T23:59:59,59.4,56.6,sensor replacement,MICROPHONE_DRIFT,ECO-SERVICE-1,closed,True,False,False
DOP-0002171,AVL-TRP,DEV-AVLTRP-3,2024-05-01T00:00:00,2024-05-31T23:59:59,92.6,82.7,routine inspection,,ECO-SERVICE-1,closed,False,False,False
DOP-0002172,AVL-TRP,DEV-AVLTRP-3,2024-06-01T00:00:00,2024-06-30T23:59:59,97.2,67.8,routine inspection,,ECO-SERVICE-1,closed,False,False,False
DOP-0002173,AVL-TRP,DEV-AVLTRP-3,2024-07-01T00:00:00,2024-07-31T23:59:59,96.0,63.5,routine inspection,,ECO-SERVICE-1,closed,False,False,False
DOP-0002174,AVL-TRP,DEV-AVLTRP-3,2024-08-01T00:00:00,2024-08-31T23:59:59,94.0,79.6,routine inspection,,ECO-SERVICE-1,closed,False,False,False
DOP-0002175,AVL-TRP,DEV-AVLTRP-3,2024-09-01T00:00:00,2024-09-30T23:59:59,48.5,55.4,sensor replacement,MICROPHONE_DRIFT,ECO-SERVICE-1,closed,True,False,False
DOP-0002176,AVL-TRP,DEV-AVLTRP-3,2024-10-01T00:00:00,2024-10-31T23:59:59,52.3,43.4,sensor replacement,MICROPHONE_DRIFT,ECO-SERVICE-1,closed,True,False,False
DOP-0002177,AVL-TRP,DEV-AVLTRP-3,2024-11-01T00:00:00,2024-11-30T23:59:59,54.2,51.7,corrective maintenance,STORAGE_LIMIT,ECO-SERVICE-1,closed,False,False,True
DOP-0002178,AVL-TRP,DEV-AVLTRP-3,2024-12-01T00:00:00,2024-12-31T23:59:59,89.2,77.9,routine inspection,,ECO-SERVICE-1,closed,False,False,False
DOP-0002179,AVL-TRP,DEV-AVLTRP-3,2025-01-01T00:00:00,2025-01-31T23:59:59,92.1,88.2,routine inspection,,ECO-SERVICE-1,closed,False,False,False
DOP-0002180,AVL-TRP,DEV-AVLTRP-3,2025-02-01T00:00:00,2025-02-28T23:59:59,94.2,80.3,routine inspection,,ECO-SERVICE-1,closed,False,False,False
DOP-0002181,AVL-TRP,DEV-AVLTRP-3,2025-03-01T00:00:00,2025-03-31T23:59:59,60.5,47.2,sensor replacement,MICROPHONE_DRIFT,ECO-SERVICE-1,closed,True,False,False
DOP-0002182,AVL-TRP,DEV-AVLTRP-3,2025-04-01T00:00:00,2025-04-30T23:59:59,51.7,62.2,sensor replacement,MICROPHONE_DRIFT,ECO-SERVICE-1,closed,True,False,False
DOP-0002183,AVL-TRP,DEV-AVLTRP-3,2025-05-01T00:00:00,2025-05-31T23:59:59,43.8,59.8,corrective maintenance,MICROPHONE_DRIFT,ECO-SERVICE-1,closed,True,False,False
DOP-0002184,AVL-TRP,DEV-AVLTRP-3,2025-06-01T00:00:00,2025-06-30T23:59:59,93.5,71.9,routine inspection,,ECO-SERVICE-1,closed,False,False,False
DOP-0002185,AVL-NFR,DEV-AVLNFR-1,2019-01-01T00:00:00,2019-01-31T23:59:59,88.7,74.6,routine inspection,,ECO-SERVICE-2,closed,False,False,False
DOP-0002186,AVL-NFR,DEV-AVLNFR-1,2019-02-01T00:00:00,2019-02-28T23:59:59,99.9,82.5,routine inspection,,ECO-SERVICE-2,closed,False,False,False
DOP-0002187,AVL-NFR,DEV-AVLNFR-1,2019-03-01T00:00:00,2019-03-31T23:59:59,94.2,89.7,routine inspection,,ECO-SERVICE-2,closed,False,False,False
DOP-0002188,AVL-NFR,DEV-AVLNFR-1,2019-04-01T00:00:00,2019-04-30T23:59:59,95.3,77.8,routine inspection,,ECO-SERVICE-2,closed,False,False,False
DOP-0002189,AVL-NFR,DEV-AVLNFR-1,2019-05-01T00:00:00,2019-05-31T23:59:59,96.6,72.9,routine inspection,,ECO-SERVICE-2,closed,False,False,False
DOP-0002190,AVL-NFR,DEV-AVLNFR-1,2019-06-01T00:00:00,2019-06-30T23:59:59,93.0,80.6,routine inspection,,ECO-SERVICE-2,closed,False,False,False
DOP-0002191,AVL-NFR,DEV-AVLNFR-1,2019-07-01T00:00:00,2019-07-31T23:59:59,95.5,83.0,routine inspection,,ECO-SERVICE-2,closed,False,False,False
DOP-0002192,AVL-NFR,DEV-AVLNFR-1,2019-08-01T00:00:00,2019-08-31T23:59:59,100.0,80.7,routine inspection,,ECO-SERVICE-2,closed,False,False,False
DOP-0002193,AVL-NFR,DEV-AVLNFR-1,2019-09-01T00:00:00,2019-09-30T23:59:59,94.8,82.0,routine inspection,,ECO-SERVICE-2,closed,False,False,False
DOP-0002194,AVL-NFR,DEV-AVLNFR-1,2019-10-01T00:00:00,2019-10-31T23:59:59,88.1,64.9,routine inspection,,ECO-SERVICE-2,closed,False,False,False
DOP-0002195,AVL-NFR,DEV-AVLNFR-1,2019-11-01T00:00:00,2019-11-30T23:59:59,89.9,84.1,routine inspection,,ECO-SERVICE-2,closed,False,False,False
DOP-0002196,AVL-NFR,DEV-AVLNFR-1,2019-12-01T00:00:00,2019-12-31T23:59:59,98.0,90.7,routine inspection,,ECO-SERVICE-2,closed,False,False,False
DOP-0002197,AVL-NFR,DEV-AVLNFR-1,2020-01-01T00:00:00,2020-01-31T23:59:59,90.9,93.0,routine inspection,,ECO-SERVICE-2,closed,False,False,False
DOP-0002198,AVL-NFR,DEV-AVLNFR-1,2020-02-01T00:00:00,2020-02-29T23:59:59,96.8,88.5,routine inspection,,ECO-SERVICE-2,closed,False,False,False
DOP-0002199,AVL-NFR,DEV-AVLNFR-1,2020-03-01T00:00:00,2020-03-31T23:59:59,94.6,89.2,routine inspection,,ECO-SERVICE-2,closed,False,False,False
DOP-0002200,AVL-NFR,DEV-AVLNFR-1,2020-04-01T00:00:00,2020-04-30T23:59:59,96.6,81.6,routine inspection,,ECO-SERVICE-2,closed,False,False,False
DOP-0002201,AVL-NFR,DEV-AVLNFR-1,2020-05-01T00:00:00,2020-05-31T23:59:59,98.8,88.8,routine inspection,,ECO-SERVICE-2,closed,False,False,False
DOP-0002202,AVL-NFR,DEV-AVLNFR-1,2020-06-01T00:00:00,2020-06-30T23:59:59,94.9,75.6,routine inspection,,ECO-SERVICE-2,closed,False,False,False
DOP-0002203,AVL-NFR,DEV-AVLNFR-1,2020-07-01T00:00:00,2020-07-31T23:59:59,90.9,67.5,routine inspection,,ECO-SERVICE-2,closed,False,False,False
DOP-0002204,AVL-NFR,DEV-AVLNFR-1,2020-08-01T00:00:00,2020-08-31T23:59:59,100.0,63.6,routine inspection,,ECO-SERVICE-2,closed,False,False,False
DOP-0002205,AVL-NFR,DEV-AVLNFR-1,2020-09-01T00:00:00,2020-09-30T23:59:59,92.1,86.2,routine inspection,,ECO-SERVICE-2,closed,False,False,False
DOP-0002206,AVL-NFR,DEV-AVLNFR-1,2020-10-01T00:00:00,2020-10-31T23:59:59,58.1,52.1,corrective maintenance,STORAGE_LIMIT,ECO-SERVICE-2,closed,False,False,True
DOP-0002207,AVL-NFR,DEV-AVLNFR-1,2020-11-01T00:00:00,2020-11-30T23:59:59,92.0,80.2,routine inspection,,ECO-SERVICE-2,closed,False,False,False
DOP-0002208,AVL-NFR,DEV-AVLNFR-1,2020-12-01T00:00:00,2020-12-31T23:59:59,94.2,83.9,routine inspection,,ECO-SERVICE-2,closed,False,False,False
DOP-0002209,AVL-NFR,DEV-AVLNFR-1,2021-01-01T00:00:00,2021-01-31T23:59:59,84.4,78.0,routine inspection,,ECO-SERVICE-2,closed,False,False,False
DOP-0002210,AVL-NFR,DEV-AVLNFR-1,2021-02-01T00:00:00,2021-02-28T23:59:59,97.3,92.6,routine inspection,,ECO-SERVICE-2,closed,False,False,False
DOP-0002211,AVL-NFR,DEV-AVLNFR-1,2021-03-01T00:00:00,2021-03-31T23:59:59,93.2,82.8,routine inspection,,ECO-SERVICE-2,closed,False,False,False
DOP-0002212,AVL-NFR,DEV-AVLNFR-1,2021-04-01T00:00:00,2021-04-30T23:59:59,95.1,76.8,routine inspection,,ECO-SERVICE-2,closed,False,False,False
DOP-0002213,AVL-NFR,DEV-AVLNFR-1,2021-05-01T00:00:00,2021-05-31T23:59:59,90.1,86.0,routine inspection,,ECO-SERVICE-2,closed,False,False,False
DOP-0002214,AVL-NFR,DEV-AVLNFR-1,2021-06-01T00:00:00,2021-06-30T23:59:59,100.0,81.1,routine inspection,,ECO-SERVICE-2,closed,False,False,False
DOP-0002215,AVL-NFR,DEV-AVLNFR-1,2021-07-01T00:00:00,2021-07-31T23:59:59,94.4,87.2,routine inspection,,ECO-SERVICE-2,closed,False,False,False
DOP-0002216,AVL-NFR,DEV-AVLNFR-1,2021-08-01T00:00:00,2021-08-31T23:59:59,100.0,72.3,routine inspection,,ECO-SERVICE-2,closed,False,False,False
DOP-0002217,AVL-NFR,DEV-AVLNFR-1,2021-09-01T00:00:00,2021-09-30T23:59:59,100.0,80.5,routine inspection,,ECO-SERVICE-2,closed,False,False,False
DOP-0002218,AVL-NFR,DEV-AVLNFR-1,2021-10-01T00:00:00,2021-10-31T23:59:59,100.0,87.2,routine inspection,,ECO-SERVICE-2,closed,False,False,False
DOP-0002219,AVL-NFR,DEV-AVLNFR-1,2021-11-01T00:00:00,2021-11-30T23:59:59,97.4,97.1,routine inspection,,ECO-SERVICE-2,closed,False,False,False
DOP-0002220,AVL-NFR,DEV-AVLNFR-1,2021-12-01T00:00:00,2021-12-31T23:59:59,87.9,81.0,routine inspection,,ECO-SERVICE-2,closed,False,False,False
DOP-0002221,AVL-NFR,DEV-AVLNFR-1,2022-01-01T00:00:00,2022-01-31T23:59:59,97.3,81.2,routine inspection,,ECO-SERVICE-2,closed,False,False,False
DOP-0002222,AVL-NFR,DEV-AVLNFR-1,2022-02-01T00:00:00,2022-02-28T23:59:59,99.2,82.8,routine inspection,,ECO-SERVICE-2,closed,False,False,False
DOP-0002223,AVL-NFR,DEV-AVLNFR-1,2022-03-01T00:00:00,2022-03-31T23:59:59,88.1,75.0,routine inspection,,ECO-SERVICE-2,closed,False,False,False
DOP-0002224,AVL-NFR,DEV-AVLNFR-1,2022-04-01T00:00:00,2022-04-30T23:59:59,93.5,81.8,routine inspection,,ECO-SERVICE-2,closed,False,False,False
DOP-0002225,AVL-NFR,DEV-AVLNFR-1,2022-05-01T00:00:00,2022-05-31T23:59:59,100.0,85.3,routine inspection,,ECO-SERVICE-2,closed,False,False,False
DOP-0002226,AVL-NFR,DEV-AVLNFR-1,2022-06-01T00:00:00,2022-06-30T23:59:59,94.5,69.7,routine inspection,,ECO-SERVICE-2,closed,False,False,False
DOP-0002227,AVL-NFR,DEV-AVLNFR-1,2022-07-01T00:00:00,2022-07-31T23:59:59,97.7,81.2,routine inspection,,ECO-SERVICE-2,closed,False,False,False
DOP-0002228,AVL-NFR,DEV-AVLNFR-1,2022-08-01T00:00:00,2022-08-31T23:59:59,95.7,87.8,routine inspection,,ECO-SERVICE-2,closed,False,False,False
DOP-0002229,AVL-NFR,DEV-AVLNFR-1,2022-09-01T00:00:00,2022-09-30T23:59:59,90.5,59.9,routine inspection,,ECO-SERVICE-2,closed,False,False,False
DOP-0002230,AVL-NFR,DEV-AVLNFR-1,2022-10-01T00:00:00,2022-10-31T23:59:59,89.5,84.8,routine inspection,,ECO-SERVICE-2,closed,False,False,False
DOP-0002231,AVL-NFR,DEV-AVLNFR-1,2022-11-01T00:00:00,2022-11-30T23:59:59,98.3,95.3,routine inspection,,ECO-SERVICE-2,closed,False,False,False
DOP-0002232,AVL-NFR,DEV-AVLNFR-1,2022-12-01T00:00:00,2022-12-31T23:59:59,92.8,76.5,routine inspection,,ECO-SERVICE-2,closed,False,False,False
DOP-0002233,AVL-NFR,DEV-AVLNFR-1,2023-01-01T00:00:00,2023-01-31T23:59:59,92.6,98.7,routine inspection,,ECO-SERVICE-2,closed,False,False,False
DOP-0002234,AVL-NFR,DEV-AVLNFR-1,2023-02-01T00:00:00,2023-02-28T23:59:59,89.9,88.0,routine inspection,,ECO-SERVICE-2,closed,False,False,False
DOP-0002235,AVL-NFR,DEV-AVLNFR-1,2023-03-01T00:00:00,2023-03-31T23:59:59,95.8,77.3,routine inspection,,ECO-SERVICE-2,closed,False,False,False
DOP-0002236,AVL-NFR,DEV-AVLNFR-1,2023-04-01T00:00:00,2023-04-30T23:59:59,72.0,48.1,corrective maintenance,POWER_INTERRUPTION,ECO-SERVICE-2,closed,False,True,False
DOP-0002237,AVL-NFR,DEV-AVLNFR-1,2023-05-01T00:00:00,2023-05-31T23:59:59,89.3,87.5,routine inspection,,ECO-SERVICE-2,closed,False,False,False
DOP-0002238,AVL-NFR,DEV-AVLNFR-1,2023-06-01T00:00:00,2023-06-30T23:59:59,96.0,73.5,routine inspection,,ECO-SERVICE-2,closed,False,False,False
DOP-0002239,AVL-NFR,DEV-AVLNFR-1,2023-07-01T00:00:00,2023-07-31T23:59:59,93.0,73.9,routine inspection,,ECO-SERVICE-2,closed,False,False,False
DOP-0002240,AVL-NFR,DEV-AVLNFR-1,2023-08-01T00:00:00,2023-08-31T23:59:59,72.7,66.7,corrective maintenance,POWER_INTERRUPTION,ECO-SERVICE-2,closed,False,True,False
DOP-0002241,AVL-NFR,DEV-AVLNFR-1,2023-09-01T00:00:00,2023-09-30T23:59:59,91.1,77.4,routine inspection,,ECO-SERVICE-2,closed,False,False,False
DOP-0002242,AVL-NFR,DEV-AVLNFR-1,2023-10-01T00:00:00,2023-10-31T23:59:59,96.6,83.1,routine inspection,,ECO-SERVICE-2,closed,False,False,False
DOP-0002243,AVL-NFR,DEV-AVLNFR-1,2023-11-01T00:00:00,2023-11-30T23:59:59,100.0,75.7,routine inspection,,ECO-SERVICE-2,closed,False,False,False
DOP-0002244,AVL-NFR,DEV-AVLNFR-1,2023-12-01T00:00:00,2023-12-31T23:59:59,88.2,90.4,routine inspection,,ECO-SERVICE-2,closed,False,False,False
DOP-0002245,AVL-NFR,DEV-AVLNFR-1,2024-01-01T00:00:00,2024-01-31T23:59:59,98.2,62.0,routine inspection,,ECO-SERVICE-2,closed,False,False,False
DOP-0002246,AVL-NFR,DEV-AVLNFR-1,2024-02-01T00:00:00,2024-02-29T23:59:59,94.5,77.7,routine inspection,,ECO-SERVICE-2,closed,False,False,False
DOP-0002247,AVL-NFR,DEV-AVLNFR-1,2024-03-01T00:00:00,2024-03-31T23:59:59,87.1,86.4,routine inspection,,ECO-SERVICE-2,closed,False,False,False
DOP-0002248,AVL-NFR,DEV-AVLNFR-1,2024-04-01T00:00:00,2024-04-30T23:59:59,92.3,69.3,routine inspection,,ECO-SERVICE-2,closed,False,False,False
DOP-0002249,AVL-NFR,DEV-AVLNFR-1,2024-05-01T00:00:00,2024-05-31T23:59:59,81.5,67.0,corrective maintenance,MICROPHONE_DRIFT,ECO-SERVICE-2,closed,True,False,False
DOP-0002250,AVL-NFR,DEV-AVLNFR-1,2024-06-01T00:00:00,2024-06-30T23:59:59,92.7,74.8,routine inspection,,ECO-SERVICE-2,closed,False,False,False
DOP-0002251,AVL-NFR,DEV-AVLNFR-1,2024-07-01T00:00:00,2024-07-31T23:59:59,95.6,73.0,routine inspection,,ECO-SERVICE-2,closed,False,False,False
DOP-0002252,AVL-NFR,DEV-AVLNFR-1,2024-08-01T00:00:00,2024-08-31T23:59:59,95.6,75.1,routine inspection,,ECO-SERVICE-2,closed,False,False,False
DOP-0002253,AVL-NFR,DEV-AVLNFR-1,2024-09-01T00:00:00,2024-09-30T23:59:59,84.9,83.6,routine inspection,,ECO-SERVICE-2,closed,False,False,False
DOP-0002254,AVL-NFR,DEV-AVLNFR-1,2024-10-01T00:00:00,2024-10-31T23:59:59,100.0,77.0,routine inspection,,ECO-SERVICE-2,closed,False,False,False
DOP-0002255,AVL-NFR,DEV-AVLNFR-1,2024-11-01T00:00:00,2024-11-30T23:59:59,94.9,83.3,routine inspection,,ECO-SERVICE-2,closed,False,False,False
DOP-0002256,AVL-NFR,DEV-AVLNFR-1,2024-12-01T00:00:00,2024-12-31T23:59:59,87.5,78.6,routine inspection,,ECO-SERVICE-2,closed,False,False,False
DOP-0002257,AVL-NFR,DEV-AVLNFR-1,2025-01-01T00:00:00,2025-01-31T23:59:59,91.0,78.6,routine inspection,,ECO-SERVICE-2,closed,False,False,False
DOP-0002258,AVL-NFR,DEV-AVLNFR-1,2025-02-01T00:00:00,2025-02-28T23:59:59,94.5,78.6,routine inspection,,ECO-SERVICE-2,closed,False,False,False
DOP-0002259,AVL-NFR,DEV-AVLNFR-1,2025-03-01T00:00:00,2025-03-31T23:59:59,97.4,90.4,routine inspection,,ECO-SERVICE-2,closed,False,False,False
DOP-0002260,AVL-NFR,DEV-AVLNFR-1,2025-04-01T00:00:00,2025-04-30T23:59:59,100.0,73.8,routine inspection,,ECO-SERVICE-2,closed,False,False,False
DOP-0002261,AVL-NFR,DEV-AVLNFR-1,2025-05-01T00:00:00,2025-05-31T23:59:59,94.3,85.8,routine inspection,,ECO-SERVICE-2,closed,False,False,False
DOP-0002262,AVL-NFR,DEV-AVLNFR-1,2025-06-01T00:00:00,2025-06-30T23:59:59,94.6,82.5,routine inspection,,ECO-SERVICE-2,closed,False,False,False
DOP-0002263,AVL-ARU,DEV-AVLARU-2,2019-01-01T00:00:00,2019-01-31T23:59:59,92.5,96.6,routine inspection,,ECO-SERVICE-3,closed,False,False,False
DOP-0002264,AVL-ARU,DEV-AVLARU-2,2019-02-01T00:00:00,2019-02-28T23:59:59,91.1,77.1,routine inspection,,ECO-SERVICE-3,closed,False,False,False
DOP-0002265,AVL-ARU,DEV-AVLARU-2,2019-03-01T00:00:00,2019-03-31T23:59:59,88.6,70.3,routine inspection,,ECO-SERVICE-3,closed,False,False,False
DOP-0002266,AVL-ARU,DEV-AVLARU-2,2019-04-01T00:00:00,2019-04-30T23:59:59,93.7,76.2,routine inspection,,ECO-SERVICE-3,closed,False,False,False
DOP-0002267,AVL-ARU,DEV-AVLARU-2,2019-05-01T00:00:00,2019-05-31T23:59:59,94.0,76.2,routine inspection,,ECO-SERVICE-3,closed,False,False,False
DOP-0002268,AVL-ARU,DEV-AVLARU-2,2019-06-01T00:00:00,2019-06-30T23:59:59,91.9,87.2,routine inspection,,ECO-SERVICE-3,closed,False,False,False
DOP-0002269,AVL-ARU,DEV-AVLARU-2,2019-07-01T00:00:00,2019-07-31T23:59:59,94.6,74.9,routine inspection,,ECO-SERVICE-3,closed,False,False,False
DOP-0002270,AVL-ARU,DEV-AVLARU-2,2019-08-01T00:00:00,2019-08-31T23:59:59,100.0,74.0,routine inspection,,ECO-SERVICE-3,closed,False,False,False
DOP-0002271,AVL-ARU,DEV-AVLARU-2,2019-09-01T00:00:00,2019-09-30T23:59:59,87.3,91.5,routine inspection,,ECO-SERVICE-3,closed,False,False,False
DOP-0002272,AVL-ARU,DEV-AVLARU-2,2019-10-01T00:00:00,2019-10-31T23:59:59,95.7,86.9,routine inspection,,ECO-SERVICE-3,closed,False,False,False
DOP-0002273,AVL-ARU,DEV-AVLARU-2,2019-11-01T00:00:00,2019-11-30T23:59:59,92.3,83.3,routine inspection,,ECO-SERVICE-3,closed,False,False,False
DOP-0002274,AVL-ARU,DEV-AVLARU-2,2019-12-01T00:00:00,2019-12-31T23:59:59,89.6,81.7,routine inspection,,ECO-SERVICE-3,closed,False,False,False
DOP-0002275,AVL-ARU,DEV-AVLARU-2,2020-01-01T00:00:00,2020-01-31T23:59:59,91.0,79.3,routine inspection,,ECO-SERVICE-3,closed,False,False,False
DOP-0002276,AVL-ARU,DEV-AVLARU-2,2020-02-01T00:00:00,2020-02-29T23:59:59,91.4,70.8,routine inspection,,ECO-SERVICE-3,closed,False,False,False
DOP-0002277,AVL-ARU,DEV-AVLARU-2,2020-03-01T00:00:00,2020-03-31T23:59:59,81.8,84.3,routine inspection,,ECO-SERVICE-3,closed,False,False,False
DOP-0002278,AVL-ARU,DEV-AVLARU-2,2020-04-01T00:00:00,2020-04-30T23:59:59,99.3,76.6,routine inspection,,ECO-SERVICE-3,closed,False,False,False
DOP-0002279,AVL-ARU,DEV-AVLARU-2,2020-05-01T00:00:00,2020-05-31T23:59:59,89.8,85.3,routine inspection,,ECO-SERVICE-3,closed,False,False,False
DOP-0002280,AVL-ARU,DEV-AVLARU-2,2020-06-01T00:00:00,2020-06-30T23:59:59,92.7,73.7,routine inspection,,ECO-SERVICE-3,closed,False,False,False
DOP-0002281,AVL-ARU,DEV-AVLARU-2,2020-07-01T00:00:00,2020-07-31T23:59:59,49.2,67.6,corrective maintenance,MICROPHONE_DRIFT,ECO-SERVICE-3,closed,True,False,False
DOP-0002282,AVL-ARU,DEV-AVLARU-2,2020-08-01T00:00:00,2020-08-31T23:59:59,92.1,75.1,routine inspection,,ECO-SERVICE-3,closed,False,False,False
DOP-0002283,AVL-ARU,DEV-AVLARU-2,2020-09-01T00:00:00,2020-09-30T23:59:59,94.9,68.2,routine inspection,,ECO-SERVICE-3,closed,False,False,False
DOP-0002284,AVL-ARU,DEV-AVLARU-2,2020-10-01T00:00:00,2020-10-31T23:59:59,98.1,78.1,routine inspection,,ECO-SERVICE-3,closed,False,False,False
DOP-0002285,AVL-ARU,DEV-AVLARU-2,2020-11-01T00:00:00,2020-11-30T23:59:59,94.6,81.6,routine inspection,,ECO-SERVICE-3,closed,False,False,False
DOP-0002286,AVL-ARU,DEV-AVLARU-2,2020-12-01T00:00:00,2020-12-31T23:59:59,100.0,85.4,routine inspection,,ECO-SERVICE-3,closed,False,False,False
DOP-0002287,AVL-ARU,DEV-AVLARU-2,2021-01-01T00:00:00,2021-01-31T23:59:59,88.7,78.9,routine inspection,,ECO-SERVICE-3,closed,False,False,False
DOP-0002288,AVL-ARU,DEV-AVLARU-2,2021-02-01T00:00:00,2021-02-28T23:59:59,92.7,91.2,routine inspection,,ECO-SERVICE-3,closed,False,False,False
DOP-0002289,AVL-ARU,DEV-AVLARU-2,2021-03-01T00:00:00,2021-03-31T23:59:59,97.3,81.0,routine inspection,,ECO-SERVICE-3,closed,False,False,False
DOP-0002290,AVL-ARU,DEV-AVLARU-2,2021-04-01T00:00:00,2021-04-30T23:59:59,94.1,88.8,routine inspection,,ECO-SERVICE-3,closed,False,False,False
DOP-0002291,AVL-ARU,DEV-AVLARU-2,2021-05-01T00:00:00,2021-05-31T23:59:59,100.0,85.4,routine inspection,,ECO-SERVICE-3,closed,False,False,False
DOP-0002292,AVL-ARU,DEV-AVLARU-2,2021-06-01T00:00:00,2021-06-30T23:59:59,92.5,88.1,routine inspection,,ECO-SERVICE-3,closed,False,False,False
DOP-0002293,AVL-ARU,DEV-AVLARU-2,2021-07-01T00:00:00,2021-07-31T23:59:59,88.5,76.2,routine inspection,,ECO-SERVICE-3,closed,False,False,False
DOP-0002294,AVL-ARU,DEV-AVLARU-2,2021-08-01T00:00:00,2021-08-31T23:59:59,95.1,87.9,routine inspection,,ECO-SERVICE-3,closed,False,False,False
DOP-0002295,AVL-ARU,DEV-AVLARU-2,2021-09-01T00:00:00,2021-09-30T23:59:59,98.3,71.7,routine inspection,,ECO-SERVICE-3,closed,False,False,False
DOP-0002296,AVL-ARU,DEV-AVLARU-2,2021-10-01T00:00:00,2021-10-31T23:59:59,90.6,76.6,routine inspection,,ECO-SERVICE-3,closed,False,False,False
DOP-0002297,AVL-ARU,DEV-AVLARU-2,2021-11-01T00:00:00,2021-11-30T23:59:59,92.9,79.3,routine inspection,,ECO-SERVICE-3,closed,False,False,False
DOP-0002298,AVL-ARU,DEV-AVLARU-2,2021-12-01T00:00:00,2021-12-31T23:59:59,91.4,69.9,routine inspection,,ECO-SERVICE-3,closed,False,False,False
DOP-0002299,AVL-ARU,DEV-AVLARU-2,2022-01-01T00:00:00,2022-01-31T23:59:59,94.2,95.5,routine inspection,,ECO-SERVICE-3,closed,False,False,False
DOP-0002300,AVL-ARU,DEV-AVLARU-2,2022-02-01T00:00:00,2022-02-28T23:59:59,88.4,78.0,routine inspection,,ECO-SERVICE-3,closed,False,False,False
DOP-0002301,AVL-ARU,DEV-AVLARU-2,2022-03-01T00:00:00,2022-03-31T23:59:59,95.6,87.2,routine inspection,,ECO-SERVICE-3,closed,False,False,False
DOP-0002302,AVL-ARU,DEV-AVLARU-2,2022-04-01T00:00:00,2022-04-30T23:59:59,93.3,79.7,routine inspection,,ECO-SERVICE-3,closed,False,False,False
DOP-0002303,AVL-ARU,DEV-AVLARU-2,2022-05-01T00:00:00,2022-05-31T23:59:59,100.0,88.9,routine inspection,,ECO-SERVICE-3,closed,False,False,False
DOP-0002304,AVL-ARU,DEV-AVLARU-2,2022-06-01T00:00:00,2022-06-30T23:59:59,89.1,75.6,routine inspection,,ECO-SERVICE-3,closed,False,False,False
DOP-0002305,AVL-ARU,DEV-AVLARU-2,2022-07-01T00:00:00,2022-07-31T23:59:59,91.3,78.6,routine inspection,,ECO-SERVICE-3,closed,False,False,False
DOP-0002306,AVL-ARU,DEV-AVLARU-2,2022-08-01T00:00:00,2022-08-31T23:59:59,93.1,73.8,routine inspection,,ECO-SERVICE-3,closed,False,False,False
DOP-0002307,AVL-ARU,DEV-AVLARU-2,2022-09-01T00:00:00,2022-09-30T23:59:59,96.8,66.4,routine inspection,,ECO-SERVICE-3,closed,False,False,False
DOP-0002308,AVL-ARU,DEV-AVLARU-2,2022-10-01T00:00:00,2022-10-31T23:59:59,97.7,76.5,routine inspection,,ECO-SERVICE-3,closed,False,False,False
DOP-0002309,AVL-ARU,DEV-AVLARU-2,2022-11-01T00:00:00,2022-11-30T23:59:59,83.4,81.5,routine inspection,,ECO-SERVICE-3,closed,False,False,False
DOP-0002310,AVL-ARU,DEV-AVLARU-2,2022-12-01T00:00:00,2022-12-31T23:59:59,96.0,62.9,routine inspection,,ECO-SERVICE-3,closed,False,False,False
DOP-0002311,AVL-ARU,DEV-AVLARU-2,2023-01-01T00:00:00,2023-01-31T23:59:59,90.1,85.9,routine inspection,,ECO-SERVICE-3,closed,False,False,False
DOP-0002312,AVL-ARU,DEV-AVLARU-2,2023-02-01T00:00:00,2023-02-28T23:59:59,95.0,86.3,routine inspection,,ECO-SERVICE-3,closed,False,False,False
DOP-0002313,AVL-ARU,DEV-AVLARU-2,2023-03-01T00:00:00,2023-03-31T23:59:59,100.0,90.6,routine inspection,,ECO-SERVICE-3,closed,False,False,False
DOP-0002314,AVL-ARU,DEV-AVLARU-2,2023-04-01T00:00:00,2023-04-30T23:59:59,95.4,81.3,routine inspection,,ECO-SERVICE-3,closed,False,False,False
DOP-0002315,AVL-ARU,DEV-AVLARU-2,2023-05-01T00:00:00,2023-05-31T23:59:59,96.4,77.7,routine inspection,,ECO-SERVICE-3,closed,False,False,False
DOP-0002316,AVL-ARU,DEV-AVLARU-2,2023-06-01T00:00:00,2023-06-30T23:59:59,94.4,81.0,routine inspection,,ECO-SERVICE-3,closed,False,False,False
DOP-0002317,AVL-ARU,DEV-AVLARU-2,2023-07-01T00:00:00,2023-07-31T23:59:59,98.9,71.8,routine inspection,,ECO-SERVICE-3,closed,False,False,False
DOP-0002318,AVL-ARU,DEV-AVLARU-2,2023-08-01T00:00:00,2023-08-31T23:59:59,91.6,84.2,routine inspection,,ECO-SERVICE-3,closed,False,False,False
DOP-0002319,AVL-ARU,DEV-AVLARU-2,2023-09-01T00:00:00,2023-09-30T23:59:59,96.8,58.1,routine inspection,,ECO-SERVICE-3,closed,False,False,False
DOP-0002320,AVL-ARU,DEV-AVLARU-2,2023-10-01T00:00:00,2023-10-31T23:59:59,95.9,67.6,routine inspection,,ECO-SERVICE-3,closed,False,False,False
DOP-0002321,AVL-ARU,DEV-AVLARU-2,2023-11-01T00:00:00,2023-11-30T23:59:59,94.8,91.1,routine inspection,,ECO-SERVICE-3,closed,False,False,False
DOP-0002322,AVL-ARU,DEV-AVLARU-2,2023-12-01T00:00:00,2023-12-31T23:59:59,98.4,77.3,routine inspection,,ECO-SERVICE-3,closed,False,False,False
DOP-0002323,AVL-ARU,DEV-AVLARU-2,2024-01-01T00:00:00,2024-01-31T23:59:59,95.7,73.7,routine inspection,,ECO-SERVICE-3,closed,False,False,False
DOP-0002324,AVL-ARU,DEV-AVLARU-2,2024-02-01T00:00:00,2024-02-29T23:59:59,94.9,70.6,routine inspection,,ECO-SERVICE-3,closed,False,False,False
DOP-0002325,AVL-ARU,DEV-AVLARU-2,2024-03-01T00:00:00,2024-03-31T23:59:59,56.1,54.7,corrective maintenance,MICROPHONE_DRIFT,ECO-SERVICE-3,closed,True,False,False
DOP-0002326,AVL-ARU,DEV-AVLARU-2,2024-04-01T00:00:00,2024-04-30T23:59:59,99.2,90.7,routine inspection,,ECO-SERVICE-3,closed,False,False,False
DOP-0002327,AVL-ARU,DEV-AVLARU-2,2024-05-01T00:00:00,2024-05-31T23:59:59,100.0,93.2,routine inspection,,ECO-SERVICE-3,closed,False,False,False
DOP-0002328,AVL-ARU,DEV-AVLARU-2,2024-06-01T00:00:00,2024-06-30T23:59:59,93.2,81.6,routine inspection,,ECO-SERVICE-3,closed,False,False,False
DOP-0002329,AVL-ARU,DEV-AVLARU-2,2024-07-01T00:00:00,2024-07-31T23:59:59,93.8,86.3,routine inspection,,ECO-SERVICE-3,closed,False,False,False
DOP-0002330,AVL-ARU,DEV-AVLARU-2,2024-08-01T00:00:00,2024-08-31T23:59:59,100.0,81.7,routine inspection,,ECO-SERVICE-3,closed,False,False,False
DOP-0002331,AVL-ARU,DEV-AVLARU-2,2024-09-01T00:00:00,2024-09-30T23:59:59,100.0,69.5,routine inspection,,ECO-SERVICE-3,closed,False,False,False
DOP-0002332,AVL-ARU,DEV-AVLARU-2,2024-10-01T00:00:00,2024-10-31T23:59:59,98.2,77.7,routine inspection,,ECO-SERVICE-3,closed,False,False,False
DOP-0002333,AVL-ARU,DEV-AVLARU-2,2024-11-01T00:00:00,2024-11-30T23:59:59,100.0,70.2,routine inspection,,ECO-SERVICE-3,closed,False,False,False
DOP-0002334,AVL-ARU,DEV-AVLARU-2,2024-12-01T00:00:00,2024-12-31T23:59:59,94.6,84.1,routine inspection,,ECO-SERVICE-3,closed,False,False,False
DOP-0002335,AVL-ARU,DEV-AVLARU-2,2025-01-01T00:00:00,2025-01-31T23:59:59,88.3,85.4,routine inspection,,ECO-SERVICE-3,closed,False,False,False
DOP-0002336,AVL-ARU,DEV-AVLARU-2,2025-02-01T00:00:00,2025-02-28T23:59:59,91.6,71.1,routine inspection,,ECO-SERVICE-3,closed,False,False,False
DOP-0002337,AVL-ARU,DEV-AVLARU-2,2025-03-01T00:00:00,2025-03-31T23:59:59,94.4,78.2,routine inspection,,ECO-SERVICE-3,closed,False,False,False
DOP-0002338,AVL-ARU,DEV-AVLARU-2,2025-04-01T00:00:00,2025-04-30T23:59:59,96.0,89.5,routine inspection,,ECO-SERVICE-3,closed,False,False,False
DOP-0002339,AVL-ARU,DEV-AVLARU-2,2025-05-01T00:00:00,2025-05-31T23:59:59,87.2,96.0,routine inspection,,ECO-SERVICE-3,closed,False,False,False
DOP-0002340,AVL-ARU,DEV-AVLARU-2,2025-06-01T00:00:00,2025-06-30T23:59:59,85.4,73.1,routine inspection,,ECO-SERVICE-3,closed,False,False,False
DOP-0002341,AVL-GRB,DEV-AVLGRB-3,2019-01-01T00:00:00,2019-01-31T23:59:59,84.7,75.2,routine inspection,,ECO-SERVICE-4,closed,False,False,False
DOP-0002342,AVL-GRB,DEV-AVLGRB-3,2019-02-01T00:00:00,2019-02-28T23:59:59,95.6,94.2,routine inspection,,ECO-SERVICE-4,closed,False,False,False
DOP-0002343,AVL-GRB,DEV-AVLGRB-3,2019-03-01T00:00:00,2019-03-31T23:59:59,88.9,86.1,routine inspection,,ECO-SERVICE-4,closed,False,False,False
DOP-0002344,AVL-GRB,DEV-AVLGRB-3,2019-04-01T00:00:00,2019-04-30T23:59:59,89.1,76.4,routine inspection,,ECO-SERVICE-4,closed,False,False,False
DOP-0002345,AVL-GRB,DEV-AVLGRB-3,2019-05-01T00:00:00,2019-05-31T23:59:59,100.0,82.2,routine inspection,,ECO-SERVICE-4,closed,False,False,False
DOP-0002346,AVL-GRB,DEV-AVLGRB-3,2019-06-01T00:00:00,2019-06-30T23:59:59,96.2,86.0,routine inspection,,ECO-SERVICE-4,closed,False,False,False
DOP-0002347,AVL-GRB,DEV-AVLGRB-3,2019-07-01T00:00:00,2019-07-31T23:59:59,90.7,88.6,routine inspection,,ECO-SERVICE-4,closed,False,False,False
DOP-0002348,AVL-GRB,DEV-AVLGRB-3,2019-08-01T00:00:00,2019-08-31T23:59:59,100.0,69.5,routine inspection,,ECO-SERVICE-4,closed,False,False,False
DOP-0002349,AVL-GRB,DEV-AVLGRB-3,2019-09-01T00:00:00,2019-09-30T23:59:59,97.0,74.1,routine inspection,,ECO-SERVICE-4,closed,False,False,False
DOP-0002350,AVL-GRB,DEV-AVLGRB-3,2019-10-01T00:00:00,2019-10-31T23:59:59,98.1,77.5,routine inspection,,ECO-SERVICE-4,closed,False,False,False
DOP-0002351,AVL-GRB,DEV-AVLGRB-3,2019-11-01T00:00:00,2019-11-30T23:59:59,91.9,84.6,routine inspection,,ECO-SERVICE-4,closed,False,False,False
DOP-0002352,AVL-GRB,DEV-AVLGRB-3,2019-12-01T00:00:00,2019-12-31T23:59:59,99.6,79.1,routine inspection,,ECO-SERVICE-4,closed,False,False,False
DOP-0002353,AVL-GRB,DEV-AVLGRB-3,2020-01-01T00:00:00,2020-01-31T23:59:59,97.2,84.8,routine inspection,,ECO-SERVICE-4,closed,False,False,False
DOP-0002354,AVL-GRB,DEV-AVLGRB-3,2020-02-01T00:00:00,2020-02-29T23:59:59,85.1,82.8,routine inspection,,ECO-SERVICE-4,closed,False,False,False
DOP-0002355,AVL-GRB,DEV-AVLGRB-3,2020-03-01T00:00:00,2020-03-31T23:59:59,92.2,84.4,routine inspection,,ECO-SERVICE-4,closed,False,False,False
DOP-0002356,AVL-GRB,DEV-AVLGRB-3,2020-04-01T00:00:00,2020-04-30T23:59:59,89.4,81.8,routine inspection,,ECO-SERVICE-4,closed,False,False,False
DOP-0002357,AVL-GRB,DEV-AVLGRB-3,2020-05-01T00:00:00,2020-05-31T23:59:59,87.1,75.9,routine inspection,,ECO-SERVICE-4,closed,False,False,False
DOP-0002358,AVL-GRB,DEV-AVLGRB-3,2020-06-01T00:00:00,2020-06-30T23:59:59,96.5,76.3,routine inspection,,ECO-SERVICE-4,closed,False,False,False
DOP-0002359,AVL-GRB,DEV-AVLGRB-3,2020-07-01T00:00:00,2020-07-31T23:59:59,86.6,82.9,routine inspection,,ECO-SERVICE-4,closed,False,False,False
DOP-0002360,AVL-GRB,DEV-AVLGRB-3,2020-08-01T00:00:00,2020-08-31T23:59:59,90.5,79.4,routine inspection,,ECO-SERVICE-4,closed,False,False,False
DOP-0002361,AVL-GRB,DEV-AVLGRB-3,2020-09-01T00:00:00,2020-09-30T23:59:59,94.9,74.9,routine inspection,,ECO-SERVICE-4,closed,False,False,False
DOP-0002362,AVL-GRB,DEV-AVLGRB-3,2020-10-01T00:00:00,2020-10-31T23:59:59,94.5,66.6,routine inspection,,ECO-SERVICE-4,closed,False,False,False
DOP-0002363,AVL-GRB,DEV-AVLGRB-3,2020-11-01T00:00:00,2020-11-30T23:59:59,86.2,81.7,routine inspection,,ECO-SERVICE-4,closed,False,False,False
DOP-0002364,AVL-GRB,DEV-AVLGRB-3,2020-12-01T00:00:00,2020-12-31T23:59:59,87.1,60.1,routine inspection,,ECO-SERVICE-4,closed,False,False,False
DOP-0002365,AVL-GRB,DEV-AVLGRB-3,2021-01-01T00:00:00,2021-01-31T23:59:59,93.4,74.8,routine inspection,,ECO-SERVICE-4,closed,False,False,False
DOP-0002366,AVL-GRB,DEV-AVLGRB-3,2021-02-01T00:00:00,2021-02-28T23:59:59,91.5,80.3,routine inspection,,ECO-SERVICE-4,closed,False,False,False
DOP-0002367,AVL-GRB,DEV-AVLGRB-3,2021-03-01T00:00:00,2021-03-31T23:59:59,85.3,74.0,routine inspection,,ECO-SERVICE-4,closed,False,False,False
DOP-0002368,AVL-GRB,DEV-AVLGRB-3,2021-04-01T00:00:00,2021-04-30T23:59:59,96.0,80.0,routine inspection,,ECO-SERVICE-4,closed,False,False,False
DOP-0002369,AVL-GRB,DEV-AVLGRB-3,2021-05-01T00:00:00,2021-05-31T23:59:59,100.0,82.1,routine inspection,,ECO-SERVICE-4,closed,False,False,False
DOP-0002370,AVL-GRB,DEV-AVLGRB-3,2021-06-01T00:00:00,2021-06-30T23:59:59,91.1,72.4,routine inspection,,ECO-SERVICE-4,closed,False,False,False
DOP-0002371,AVL-GRB,DEV-AVLGRB-3,2021-07-01T00:00:00,2021-07-31T23:59:59,100.0,80.3,routine inspection,,ECO-SERVICE-4,closed,False,False,False
DOP-0002372,AVL-GRB,DEV-AVLGRB-3,2021-08-01T00:00:00,2021-08-31T23:59:59,99.6,71.5,routine inspection,,ECO-SERVICE-4,closed,False,False,False
DOP-0002373,AVL-GRB,DEV-AVLGRB-3,2021-09-01T00:00:00,2021-09-30T23:59:59,89.6,65.2,routine inspection,,ECO-SERVICE-4,closed,False,False,False
DOP-0002374,AVL-GRB,DEV-AVLGRB-3,2021-10-01T00:00:00,2021-10-31T23:59:59,88.8,71.3,routine inspection,,ECO-SERVICE-4,closed,False,False,False
DOP-0002375,AVL-GRB,DEV-AVLGRB-3,2021-11-01T00:00:00,2021-11-30T23:59:59,98.6,64.9,routine inspection,,ECO-SERVICE-4,closed,False,False,False
DOP-0002376,AVL-GRB,DEV-AVLGRB-3,2021-12-01T00:00:00,2021-12-31T23:59:59,98.6,85.1,routine inspection,,ECO-SERVICE-4,closed,False,False,False
DOP-0002377,AVL-GRB,DEV-AVLGRB-3,2022-01-01T00:00:00,2022-01-31T23:59:59,60.1,81.9,corrective maintenance,STORAGE_LIMIT,ECO-SERVICE-4,closed,False,False,True
DOP-0002378,AVL-GRB,DEV-AVLGRB-3,2022-02-01T00:00:00,2022-02-28T23:59:59,99.8,88.2,routine inspection,,ECO-SERVICE-4,closed,False,False,False
DOP-0002379,AVL-GRB,DEV-AVLGRB-3,2022-03-01T00:00:00,2022-03-31T23:59:59,88.9,86.8,routine inspection,,ECO-SERVICE-4,closed,False,False,False
DOP-0002380,AVL-GRB,DEV-AVLGRB-3,2022-04-01T00:00:00,2022-04-30T23:59:59,97.3,94.1,routine inspection,,ECO-SERVICE-4,closed,False,False,False
DOP-0002381,AVL-GRB,DEV-AVLGRB-3,2022-05-01T00:00:00,2022-05-31T23:59:59,94.6,72.6,routine inspection,,ECO-SERVICE-4,closed,False,False,False
DOP-0002382,AVL-GRB,DEV-AVLGRB-3,2022-06-01T00:00:00,2022-06-30T23:59:59,98.6,85.0,routine inspection,,ECO-SERVICE-4,closed,False,False,False
DOP-0002383,AVL-GRB,DEV-AVLGRB-3,2022-07-01T00:00:00,2022-07-31T23:59:59,92.4,87.7,routine inspection,,ECO-SERVICE-4,closed,False,False,False
DOP-0002384,AVL-GRB,DEV-AVLGRB-3,2022-08-01T00:00:00,2022-08-31T23:59:59,96.2,85.4,routine inspection,,ECO-SERVICE-4,closed,False,False,False
DOP-0002385,AVL-GRB,DEV-AVLGRB-3,2022-09-01T00:00:00,2022-09-30T23:59:59,98.3,89.8,routine inspection,,ECO-SERVICE-4,closed,False,False,False
DOP-0002386,AVL-GRB,DEV-AVLGRB-3,2022-10-01T00:00:00,2022-10-31T23:59:59,88.3,62.8,routine inspection,,ECO-SERVICE-4,closed,False,False,False
DOP-0002387,AVL-GRB,DEV-AVLGRB-3,2022-11-01T00:00:00,2022-11-30T23:59:59,95.3,70.7,routine inspection,,ECO-SERVICE-4,closed,False,False,False
DOP-0002388,AVL-GRB,DEV-AVLGRB-3,2022-12-01T00:00:00,2022-12-31T23:59:59,86.7,75.9,routine inspection,,ECO-SERVICE-4,closed,False,False,False
DOP-0002389,AVL-GRB,DEV-AVLGRB-3,2023-01-01T00:00:00,2023-01-31T23:59:59,100.0,84.3,routine inspection,,ECO-SERVICE-4,closed,False,False,False
DOP-0002390,AVL-GRB,DEV-AVLGRB-3,2023-02-01T00:00:00,2023-02-28T23:59:59,56.4,69.5,corrective maintenance,POWER_INTERRUPTION,ECO-SERVICE-4,closed,False,True,False
DOP-0002391,AVL-GRB,DEV-AVLGRB-3,2023-03-01T00:00:00,2023-03-31T23:59:59,81.3,69.7,corrective maintenance,POWER_INTERRUPTION,ECO-SERVICE-4,closed,False,True,False
DOP-0002392,AVL-GRB,DEV-AVLGRB-3,2023-04-01T00:00:00,2023-04-30T23:59:59,88.1,78.4,routine inspection,,ECO-SERVICE-4,closed,False,False,False
DOP-0002393,AVL-GRB,DEV-AVLGRB-3,2023-05-01T00:00:00,2023-05-31T23:59:59,95.6,88.1,routine inspection,,ECO-SERVICE-4,closed,False,False,False
DOP-0002394,AVL-GRB,DEV-AVLGRB-3,2023-06-01T00:00:00,2023-06-30T23:59:59,92.8,80.0,routine inspection,,ECO-SERVICE-4,closed,False,False,False
DOP-0002395,AVL-GRB,DEV-AVLGRB-3,2023-07-01T00:00:00,2023-07-31T23:59:59,95.7,87.4,routine inspection,,ECO-SERVICE-4,closed,False,False,False
DOP-0002396,AVL-GRB,DEV-AVLGRB-3,2023-08-01T00:00:00,2023-08-31T23:59:59,100.0,68.9,routine inspection,,ECO-SERVICE-4,closed,False,False,False
DOP-0002397,AVL-GRB,DEV-AVLGRB-3,2023-09-01T00:00:00,2023-09-30T23:59:59,89.7,61.8,routine inspection,,ECO-SERVICE-4,closed,False,False,False
DOP-0002398,AVL-GRB,DEV-AVLGRB-3,2023-10-01T00:00:00,2023-10-31T23:59:59,94.7,77.7,routine inspection,,ECO-SERVICE-4,closed,False,False,False
DOP-0002399,AVL-GRB,DEV-AVLGRB-3,2023-11-01T00:00:00,2023-11-30T23:59:59,89.6,70.5,routine inspection,,ECO-SERVICE-4,closed,False,False,False
DOP-0002400,AVL-GRB,DEV-AVLGRB-3,2023-12-01T00:00:00,2023-12-31T23:59:59,94.7,82.6,routine inspection,,ECO-SERVICE-4,closed,False,False,False
DOP-0002401,AVL-GRB,DEV-AVLGRB-3,2024-01-01T00:00:00,2024-01-31T23:59:59,97.0,87.9,routine inspection,,ECO-SERVICE-4,closed,False,False,False
DOP-0002402,AVL-GRB,DEV-AVLGRB-3,2024-02-01T00:00:00,2024-02-29T23:59:59,88.4,83.3,routine inspection,,ECO-SERVICE-4,closed,False,False,False
DOP-0002403,AVL-GRB,DEV-AVLGRB-3,2024-03-01T00:00:00,2024-03-31T23:59:59,96.4,73.7,routine inspection,,ECO-SERVICE-4,closed,False,False,False
DOP-0002404,AVL-GRB,DEV-AVLGRB-3,2024-04-01T00:00:00,2024-04-30T23:59:59,95.5,78.2,routine inspection,,ECO-SERVICE-4,closed,False,False,False
DOP-0002405,AVL-GRB,DEV-AVLGRB-3,2024-05-01T00:00:00,2024-05-31T23:59:59,94.7,79.5,routine inspection,,ECO-SERVICE-4,closed,False,False,False
DOP-0002406,AVL-GRB,DEV-AVLGRB-3,2024-06-01T00:00:00,2024-06-30T23:59:59,94.3,78.7,routine inspection,,ECO-SERVICE-4,closed,False,False,False
DOP-0002407,AVL-GRB,DEV-AVLGRB-3,2024-07-01T00:00:00,2024-07-31T23:59:59,92.4,65.1,routine inspection,,ECO-SERVICE-4,closed,False,False,False
DOP-0002408,AVL-GRB,DEV-AVLGRB-3,2024-08-01T00:00:00,2024-08-31T23:59:59,95.6,85.6,routine inspection,,ECO-SERVICE-4,closed,False,False,False
DOP-0002409,AVL-GRB,DEV-AVLGRB-3,2024-09-01T00:00:00,2024-09-30T23:59:59,100.0,75.9,routine inspection,,ECO-SERVICE-4,closed,False,False,False
DOP-0002410,AVL-GRB,DEV-AVLGRB-3,2024-10-01T00:00:00,2024-10-31T23:59:59,91.7,79.0,routine inspection,,ECO-SERVICE-4,closed,False,False,False
DOP-0002411,AVL-GRB,DEV-AVLGRB-3,2024-11-01T00:00:00,2024-11-30T23:59:59,95.0,79.5,routine inspection,,ECO-SERVICE-4,closed,False,False,False
DOP-0002412,AVL-GRB,DEV-AVLGRB-3,2024-12-01T00:00:00,2024-12-31T23:59:59,93.1,85.5,routine inspection,,ECO-SERVICE-4,closed,False,False,False
DOP-0002413,AVL-GRB,DEV-AVLGRB-3,2025-01-01T00:00:00,2025-01-31T23:59:59,91.7,72.7,routine inspection,,ECO-SERVICE-4,closed,False,False,False
DOP-0002414,AVL-GRB,DEV-AVLGRB-3,2025-02-01T00:00:00,2025-02-28T23:59:59,94.9,85.0,routine inspection,,ECO-SERVICE-4,closed,False,False,False
DOP-0002415,AVL-GRB,DEV-AVLGRB-3,2025-03-01T00:00:00,2025-03-31T23:59:59,94.5,72.4,routine inspection,,ECO-SERVICE-4,closed,False,False,False
DOP-0002416,AVL-GRB,DEV-AVLGRB-3,2025-04-01T00:00:00,2025-04-30T23:59:59,87.5,77.5,routine inspection,,ECO-SERVICE-4,closed,False,False,False
DOP-0002417,AVL-GRB,DEV-AVLGRB-3,2025-05-01T00:00:00,2025-05-31T23:59:59,100.0,81.6,routine inspection,,ECO-SERVICE-4,closed,False,False,False
DOP-0002418,AVL-GRB,DEV-AVLGRB-3,2025-06-01T00:00:00,2025-06-30T23:59:59,90.8,75.3,routine inspection,,ECO-SERVICE-4,closed,False,False,False
DOP-0002419,AVL-DER,DEV-AVLDER-1,2019-01-01T00:00:00,2019-01-31T23:59:59,88.9,78.4,routine inspection,,ECO-SERVICE-1,closed,False,False,False
DOP-0002420,AVL-DER,DEV-AVLDER-1,2019-02-01T00:00:00,2019-02-28T23:59:59,97.3,83.2,routine inspection,,ECO-SERVICE-1,closed,False,False,False
DOP-0002421,AVL-DER,DEV-AVLDER-1,2019-03-01T00:00:00,2019-03-31T23:59:59,100.0,77.1,routine inspection,,ECO-SERVICE-1,closed,False,False,False
DOP-0002422,AVL-DER,DEV-AVLDER-1,2019-04-01T00:00:00,2019-04-30T23:59:59,85.9,90.5,routine inspection,,ECO-SERVICE-1,closed,False,False,False
DOP-0002423,AVL-DER,DEV-AVLDER-1,2019-05-01T00:00:00,2019-05-31T23:59:59,87.5,92.4,routine inspection,,ECO-SERVICE-1,closed,False,False,False
DOP-0002424,AVL-DER,DEV-AVLDER-1,2019-06-01T00:00:00,2019-06-30T23:59:59,93.7,74.3,routine inspection,,ECO-SERVICE-1,closed,False,False,False
DOP-0002425,AVL-DER,DEV-AVLDER-1,2019-07-01T00:00:00,2019-07-31T23:59:59,98.0,88.1,routine inspection,,ECO-SERVICE-1,closed,False,False,False
DOP-0002426,AVL-DER,DEV-AVLDER-1,2019-08-01T00:00:00,2019-08-31T23:59:59,93.9,79.6,routine inspection,,ECO-SERVICE-1,closed,False,False,False
DOP-0002427,AVL-DER,DEV-AVLDER-1,2019-09-01T00:00:00,2019-09-30T23:59:59,89.2,70.0,routine inspection,,ECO-SERVICE-1,closed,False,False,False
DOP-0002428,AVL-DER,DEV-AVLDER-1,2019-10-01T00:00:00,2019-10-31T23:59:59,94.6,79.1,routine inspection,,ECO-SERVICE-1,closed,False,False,False
DOP-0002429,AVL-DER,DEV-AVLDER-1,2019-11-01T00:00:00,2019-11-30T23:59:59,94.0,82.7,routine inspection,,ECO-SERVICE-1,closed,False,False,False
DOP-0002430,AVL-DER,DEV-AVLDER-1,2019-12-01T00:00:00,2019-12-31T23:59:59,100.0,92.6,routine inspection,,ECO-SERVICE-1,closed,False,False,False
DOP-0002431,AVL-DER,DEV-AVLDER-1,2020-01-01T00:00:00,2020-01-31T23:59:59,91.7,86.2,routine inspection,,ECO-SERVICE-1,closed,False,False,False
DOP-0002432,AVL-DER,DEV-AVLDER-1,2020-02-01T00:00:00,2020-02-29T23:59:59,93.6,74.9,routine inspection,,ECO-SERVICE-1,closed,False,False,False
DOP-0002433,AVL-DER,DEV-AVLDER-1,2020-03-01T00:00:00,2020-03-31T23:59:59,87.9,100.0,routine inspection,,ECO-SERVICE-1,closed,False,False,False
DOP-0002434,AVL-DER,DEV-AVLDER-1,2020-04-01T00:00:00,2020-04-30T23:59:59,91.0,70.5,routine inspection,,ECO-SERVICE-1,closed,False,False,False
DOP-0002435,AVL-DER,DEV-AVLDER-1,2020-05-01T00:00:00,2020-05-31T23:59:59,85.4,95.1,routine inspection,,ECO-SERVICE-1,closed,False,False,False
DOP-0002436,AVL-DER,DEV-AVLDER-1,2020-06-01T00:00:00,2020-06-30T23:59:59,100.0,77.3,routine inspection,,ECO-SERVICE-1,closed,False,False,False
DOP-0002437,AVL-DER,DEV-AVLDER-1,2020-07-01T00:00:00,2020-07-31T23:59:59,100.0,89.3,routine inspection,,ECO-SERVICE-1,closed,False,False,False
DOP-0002438,AVL-DER,DEV-AVLDER-1,2020-08-01T00:00:00,2020-08-31T23:59:59,90.5,70.3,routine inspection,,ECO-SERVICE-1,closed,False,False,False
DOP-0002439,AVL-DER,DEV-AVLDER-1,2020-09-01T00:00:00,2020-09-30T23:59:59,94.3,80.2,routine inspection,,ECO-SERVICE-1,closed,False,False,False
DOP-0002440,AVL-DER,DEV-AVLDER-1,2020-10-01T00:00:00,2020-10-31T23:59:59,92.8,69.8,routine inspection,,ECO-SERVICE-1,closed,False,False,False
DOP-0002441,AVL-DER,DEV-AVLDER-1,2020-11-01T00:00:00,2020-11-30T23:59:59,98.3,76.6,routine inspection,,ECO-SERVICE-1,closed,False,False,False
DOP-0002442,AVL-DER,DEV-AVLDER-1,2020-12-01T00:00:00,2020-12-31T23:59:59,100.0,84.7,routine inspection,,ECO-SERVICE-1,closed,False,False,False
DOP-0002443,AVL-DER,DEV-AVLDER-1,2021-01-01T00:00:00,2021-01-31T23:59:59,90.1,74.7,routine inspection,,ECO-SERVICE-1,closed,False,False,False
DOP-0002444,AVL-DER,DEV-AVLDER-1,2021-02-01T00:00:00,2021-02-28T23:59:59,62.3,71.1,corrective maintenance,POWER_INTERRUPTION,ECO-SERVICE-1,closed,False,True,False
DOP-0002445,AVL-DER,DEV-AVLDER-1,2021-03-01T00:00:00,2021-03-31T23:59:59,92.5,65.2,routine inspection,,ECO-SERVICE-1,closed,False,False,False
DOP-0002446,AVL-DER,DEV-AVLDER-1,2021-04-01T00:00:00,2021-04-30T23:59:59,95.6,87.2,routine inspection,,ECO-SERVICE-1,closed,False,False,False
DOP-0002447,AVL-DER,DEV-AVLDER-1,2021-05-01T00:00:00,2021-05-31T23:59:59,98.7,92.3,routine inspection,,ECO-SERVICE-1,closed,False,False,False
DOP-0002448,AVL-DER,DEV-AVLDER-1,2021-06-01T00:00:00,2021-06-30T23:59:59,94.8,79.5,routine inspection,,ECO-SERVICE-1,closed,False,False,False
DOP-0002449,AVL-DER,DEV-AVLDER-1,2021-07-01T00:00:00,2021-07-31T23:59:59,97.9,86.4,routine inspection,,ECO-SERVICE-1,closed,False,False,False
DOP-0002450,AVL-DER,DEV-AVLDER-1,2021-08-01T00:00:00,2021-08-31T23:59:59,100.0,86.3,routine inspection,,ECO-SERVICE-1,closed,False,False,False
DOP-0002451,AVL-DER,DEV-AVLDER-1,2021-09-01T00:00:00,2021-09-30T23:59:59,92.6,77.3,routine inspection,,ECO-SERVICE-1,closed,False,False,False
DOP-0002452,AVL-DER,DEV-AVLDER-1,2021-10-01T00:00:00,2021-10-31T23:59:59,93.3,82.6,routine inspection,,ECO-SERVICE-1,closed,False,False,False
DOP-0002453,AVL-DER,DEV-AVLDER-1,2021-11-01T00:00:00,2021-11-30T23:59:59,93.2,64.4,routine inspection,,ECO-SERVICE-1,closed,False,False,False
DOP-0002454,AVL-DER,DEV-AVLDER-1,2021-12-01T00:00:00,2021-12-31T23:59:59,97.2,82.2,routine inspection,,ECO-SERVICE-1,closed,False,False,False
DOP-0002455,AVL-DER,DEV-AVLDER-1,2022-01-01T00:00:00,2022-01-31T23:59:59,90.3,85.0,routine inspection,,ECO-SERVICE-1,closed,False,False,False
DOP-0002456,AVL-DER,DEV-AVLDER-1,2022-02-01T00:00:00,2022-02-28T23:59:59,99.1,87.5,routine inspection,,ECO-SERVICE-1,closed,False,False,False
DOP-0002457,AVL-DER,DEV-AVLDER-1,2022-03-01T00:00:00,2022-03-31T23:59:59,95.1,81.6,routine inspection,,ECO-SERVICE-1,closed,False,False,False
DOP-0002458,AVL-DER,DEV-AVLDER-1,2022-04-01T00:00:00,2022-04-30T23:59:59,94.3,75.0,routine inspection,,ECO-SERVICE-1,closed,False,False,False
DOP-0002459,AVL-DER,DEV-AVLDER-1,2022-05-01T00:00:00,2022-05-31T23:59:59,91.5,83.6,routine inspection,,ECO-SERVICE-1,closed,False,False,False
DOP-0002460,AVL-DER,DEV-AVLDER-1,2022-06-01T00:00:00,2022-06-30T23:59:59,80.5,73.0,routine inspection,,ECO-SERVICE-1,closed,False,False,False
DOP-0002461,AVL-DER,DEV-AVLDER-1,2022-07-01T00:00:00,2022-07-31T23:59:59,95.9,81.1,routine inspection,,ECO-SERVICE-1,closed,False,False,False
DOP-0002462,AVL-DER,DEV-AVLDER-1,2022-08-01T00:00:00,2022-08-31T23:59:59,97.9,75.8,routine inspection,,ECO-SERVICE-1,CLOSED,False,False,False
DOP-0002463,AVL-DER,DEV-AVLDER-1,2022-09-01T00:00:00,2022-09-30T23:59:59,96.5,64.3,routine inspection,,ECO-SERVICE-1,closed,False,False,False
DOP-0002464,AVL-DER,DEV-AVLDER-1,2022-10-01T00:00:00,2022-10-31T23:59:59,95.7,80.2,routine inspection,,ECO-SERVICE-1,closed,False,False,False
DOP-0002465,AVL-DER,DEV-AVLDER-1,2022-11-01T00:00:00,2022-11-30T23:59:59,84.7,76.9,routine inspection,,ECO-SERVICE-1,closed,False,False,False
DOP-0002466,AVL-DER,DEV-AVLDER-1,2022-12-01T00:00:00,2022-12-31T23:59:59,94.9,91.7,routine inspection,,ECO-SERVICE-1,closed,False,False,False
DOP-0002467,AVL-DER,DEV-AVLDER-1,2023-01-01T00:00:00,2023-01-31T23:59:59,92.1,75.6,routine inspection,,ECO-SERVICE-1,closed,False,False,False
DOP-0002468,AVL-DER,DEV-AVLDER-1,2023-02-01T00:00:00,2023-02-28T23:59:59,85.7,85.8,routine inspection,,ECO-SERVICE-1,closed,False,False,False
DOP-0002469,AVL-DER,DEV-AVLDER-1,2023-03-01T00:00:00,2023-03-31T23:59:59,93.1,78.1,routine inspection,,ECO-SERVICE-1,closed,False,False,False
DOP-0002470,AVL-DER,DEV-AVLDER-1,2023-04-01T00:00:00,2023-04-30T23:59:59,99.2,78.0,routine inspection,,ECO-SERVICE-1,closed,False,False,False
DOP-0002471,AVL-DER,DEV-AVLDER-1,2023-05-01T00:00:00,2023-05-31T23:59:59,100.0,86.1,routine inspection,,ECO-SERVICE-1,closed,False,False,False
DOP-0002472,AVL-DER,DEV-AVLDER-1,2023-06-01T00:00:00,2023-06-30T23:59:59,100.0,90.8,routine inspection,,ECO-SERVICE-1,closed,False,False,False
DOP-0002473,AVL-DER,DEV-AVLDER-1,2023-07-01T00:00:00,2023-07-31T23:59:59,89.8,68.8,routine inspection,,ECO-SERVICE-1,closed,False,False,False
DOP-0002474,AVL-DER,DEV-AVLDER-1,2023-08-01T00:00:00,2023-08-31T23:59:59,87.9,73.1,routine inspection,,ECO-SERVICE-1,closed,False,False,False
DOP-0002475,AVL-DER,DEV-AVLDER-1,2023-09-01T00:00:00,2023-09-30T23:59:59,91.1,73.5,routine inspection,,ECO-SERVICE-1,closed,False,False,False
DOP-0002476,AVL-DER,DEV-AVLDER-1,2023-10-01T00:00:00,2023-10-31T23:59:59,93.0,78.7,routine inspection,,ECO-SERVICE-1,closed,False,False,False
DOP-0002477,AVL-DER,DEV-AVLDER-1,2023-11-01T00:00:00,2023-11-30T23:59:59,95.3,83.0,routine inspection,,ECO-SERVICE-1,closed,False,False,False
DOP-0002478,AVL-DER,DEV-AVLDER-1,2023-12-01T00:00:00,2023-12-31T23:59:59,93.6,81.9,routine inspection,,ECO-SERVICE-1,closed,False,False,False
DOP-0002479,AVL-DER,DEV-AVLDER-1,2024-01-01T00:00:00,2024-01-31T23:59:59,92.4,87.0,routine inspection,,ECO-SERVICE-1,closed,False,False,False
DOP-0002480,AVL-DER,DEV-AVLDER-1,2024-02-01T00:00:00,2024-02-29T23:59:59,87.6,86.7,routine inspection,,ECO-SERVICE-1,closed,False,False,False
DOP-0002481,AVL-DER,DEV-AVLDER-1,2024-03-01T00:00:00,2024-03-31T23:59:59,92.4,84.7,routine inspection,,ECO-SERVICE-1,closed,False,False,False
DOP-0002482,AVL-DER,DEV-AVLDER-1,2024-04-01T00:00:00,2024-04-30T23:59:59,97.9,91.0,routine inspection,,ECO-SERVICE-1,closed,False,False,False
DOP-0002483,AVL-DER,DEV-AVLDER-1,2024-05-01T00:00:00,2024-05-31T23:59:59,92.8,80.3,routine inspection,,ECO-SERVICE-1,closed,False,False,False
DOP-0002484,AVL-DER,DEV-AVLDER-1,2024-06-01T00:00:00,2024-06-30T23:59:59,93.4,77.6,routine inspection,,ECO-SERVICE-1,closed,False,False,False
DOP-0002485,AVL-DER,DEV-AVLDER-1,2024-07-01T00:00:00,2024-07-31T23:59:59,95.3,85.1,routine inspection,,ECO-SERVICE-1,closed,False,False,False
DOP-0002486,AVL-DER,DEV-AVLDER-1,2024-08-01T00:00:00,2024-08-31T23:59:59,99.0,81.3,routine inspection,,ECO-SERVICE-1,closed,False,False,False
DOP-0002487,AVL-DER,DEV-AVLDER-1,2024-09-01T00:00:00,2024-09-30T23:59:59,94.1,78.9,routine inspection,,ECO-SERVICE-1,closed,False,False,False
DOP-0002488,AVL-DER,DEV-AVLDER-1,2024-10-01T00:00:00,2024-10-31T23:59:59,91.9,84.5,routine inspection,,ECO-SERVICE-1,closed,False,False,False
DOP-0002489,AVL-DER,DEV-AVLDER-1,2024-11-01T00:00:00,2024-11-30T23:59:59,93.0,77.0,routine inspection,,ECO-SERVICE-1,closed,False,False,False
DOP-0002490,AVL-DER,DEV-AVLDER-1,2024-12-01T00:00:00,2024-12-31T23:59:59,100.0,75.9,routine inspection,,ECO-SERVICE-1,closed,False,False,False
DOP-0002491,AVL-DER,DEV-AVLDER-1,2025-01-01T00:00:00,2025-01-31T23:59:59,100.0,75.9,routine inspection,,ECO-SERVICE-1,closed,False,False,False
DOP-0002492,AVL-DER,DEV-AVLDER-1,2025-02-01T00:00:00,2025-02-28T23:59:59,90.4,95.5,routine inspection,,ECO-SERVICE-1,closed,False,False,False
DOP-0002493,AVL-DER,DEV-AVLDER-1,2025-03-01T00:00:00,2025-03-31T23:59:59,89.2,98.9,routine inspection,,ECO-SERVICE-1,closed,False,False,False
DOP-0002494,AVL-DER,DEV-AVLDER-1,2025-04-01T00:00:00,2025-04-30T23:59:59,95.4,90.2,routine inspection,,ECO-SERVICE-1,closed,False,False,False
DOP-0002495,AVL-DER,DEV-AVLDER-1,2025-05-01T00:00:00,2025-05-31T23:59:59,97.9,89.5,routine inspection,,ECO-SERVICE-1,closed,False,False,False
DOP-0002496,AVL-DER,DEV-AVLDER-1,2025-06-01T00:00:00,2025-06-30T23:59:59,92.6,95.7,routine inspection,,ECO-SERVICE-1,closed,False,False,False
DOP-0002497,AVL-HTY,DEV-AVLHTY-2,2019-01-01T00:00:00,2019-01-31T23:59:59,90.6,82.7,routine inspection,,ECO-SERVICE-2,closed,False,False,False
DOP-0002498,AVL-HTY,DEV-AVLHTY-2,2019-02-01T00:00:00,2019-02-28T23:59:59,89.9,79.7,routine inspection,,ECO-SERVICE-2,closed,False,False,False
DOP-0002499,AVL-HTY,DEV-AVLHTY-2,2019-03-01T00:00:00,2019-03-31T23:59:59,87.0,73.8,routine inspection,,ECO-SERVICE-2,closed,False,False,False
DOP-0002500,AVL-HTY,DEV-AVLHTY-2,2019-04-01T00:00:00,2019-04-30T23:59:59,97.2,93.3,routine inspection,,ECO-SERVICE-2,closed,False,False,False
DOP-0002501,AVL-HTY,DEV-AVLHTY-2,2019-05-01T00:00:00,2019-05-31T23:59:59,89.9,77.9,routine inspection,,ECO-SERVICE-2,closed,False,False,False
DOP-0002502,AVL-HTY,DEV-AVLHTY-2,2019-06-01T00:00:00,2019-06-30T23:59:59,100.0,80.9,routine inspection,,ECO-SERVICE-2,closed,False,False,False
DOP-0002503,AVL-HTY,DEV-AVLHTY-2,2019-07-01T00:00:00,2019-07-31T23:59:59,85.0,86.0,routine inspection,,ECO-SERVICE-2,closed,False,False,False
DOP-0002504,AVL-HTY,DEV-AVLHTY-2,2019-08-01T00:00:00,2019-08-31T23:59:59,92.7,83.2,routine inspection,,ECO-SERVICE-2,closed,False,False,False
DOP-0002505,AVL-HTY,DEV-AVLHTY-2,2019-09-01T00:00:00,2019-09-30T23:59:59,99.9,80.6,routine inspection,,ECO-SERVICE-2,closed,False,False,False
DOP-0002506,AVL-HTY,DEV-AVLHTY-2,2019-10-01T00:00:00,2019-10-31T23:59:59,94.6,74.4,routine inspection,,ECO-SERVICE-2,closed,False,False,False
DOP-0002507,AVL-HTY,DEV-AVLHTY-2,2019-11-01T00:00:00,2019-11-30T23:59:59,98.6,74.4,routine inspection,,ECO-SERVICE-2,closed,False,False,False
DOP-0002508,AVL-HTY,DEV-AVLHTY-2,2019-12-01T00:00:00,2019-12-31T23:59:59,97.0,75.1,routine inspection,,ECO-SERVICE-2,closed,False,False,False
DOP-0002509,AVL-HTY,DEV-AVLHTY-2,2020-01-01T00:00:00,2020-01-31T23:59:59,99.2,95.7,routine inspection,,ECO-SERVICE-2,closed,False,False,False
DOP-0002510,AVL-HTY,DEV-AVLHTY-2,2020-02-01T00:00:00,2020-02-29T23:59:59,97.3,72.4,routine inspection,,ECO-SERVICE-2,closed,False,False,False
DOP-0002511,AVL-HTY,DEV-AVLHTY-2,2020-03-01T00:00:00,2020-03-31T23:59:59,100.0,85.8,routine inspection,,ECO-SERVICE-2,closed,False,False,False
DOP-0002512,AVL-HTY,DEV-AVLHTY-2,2020-04-01T00:00:00,2020-04-30T23:59:59,89.9,92.3,routine inspection,,ECO-SERVICE-2,closed,False,False,False
DOP-0002513,AVL-HTY,DEV-AVLHTY-2,2020-05-01T00:00:00,2020-05-31T23:59:59,97.7,76.6,routine inspection,,ECO-SERVICE-2,closed,False,False,False
DOP-0002514,AVL-HTY,DEV-AVLHTY-2,2020-06-01T00:00:00,2020-06-30T23:59:59,100.0,84.9,routine inspection,,ECO-SERVICE-2,closed,False,False,False
DOP-0002515,AVL-HTY,DEV-AVLHTY-2,2020-07-01T00:00:00,2020-07-31T23:59:59,100.0,73.8,routine inspection,,ECO-SERVICE-2,closed,False,False,False
DOP-0002516,AVL-HTY,DEV-AVLHTY-2,2020-08-01T00:00:00,2020-08-31T23:59:59,100.0,85.1,routine inspection,,ECO-SERVICE-2,closed,False,False,False
DOP-0002517,AVL-HTY,DEV-AVLHTY-2,2020-09-01T00:00:00,2020-09-30T23:59:59,92.7,71.8,routine inspection,,ECO-SERVICE-2,closed,False,False,False
DOP-0002518,AVL-HTY,DEV-AVLHTY-2,2020-10-01T00:00:00,2020-10-31T23:59:59,96.5,74.7,routine inspection,,ECO-SERVICE-2,closed,False,False,False
DOP-0002519,AVL-HTY,DEV-AVLHTY-2,2020-11-01T00:00:00,2020-11-30T23:59:59,92.5,76.1,routine inspection,,ECO-SERVICE-2,closed,False,False,False
DOP-0002520,AVL-HTY,DEV-AVLHTY-2,2020-12-01T00:00:00,2020-12-31T23:59:59,91.9,73.3,routine inspection,,ECO-SERVICE-2,closed,False,False,False
DOP-0002521,AVL-HTY,DEV-AVLHTY-2,2021-01-01T00:00:00,2021-01-31T23:59:59,99.0,94.5,routine inspection,,ECO-SERVICE-2,closed,False,False,False
DOP-0002522,AVL-HTY,DEV-AVLHTY-2,2021-02-01T00:00:00,2021-02-28T23:59:59,97.5,95.5,routine inspection,,ECO-SERVICE-2,closed,False,False,False
DOP-0002523,AVL-HTY,DEV-AVLHTY-2,2021-03-01T00:00:00,2021-03-31T23:59:59,97.4,90.9,routine inspection,,ECO-SERVICE-2,closed,False,False,False
DOP-0002524,AVL-HTY,DEV-AVLHTY-2,2021-04-01T00:00:00,2021-04-30T23:59:59,95.7,78.3,routine inspection,,ECO-SERVICE-2,closed,False,False,False
DOP-0002525,AVL-HTY,DEV-AVLHTY-2,2021-05-01T00:00:00,2021-05-31T23:59:59,100.0,76.3,routine inspection,,ECO-SERVICE-2,closed,False,False,False
DOP-0002526,AVL-HTY,DEV-AVLHTY-2,2021-06-01T00:00:00,2021-06-30T23:59:59,95.0,87.6,routine inspection,,ECO-SERVICE-2,closed,False,False,False
DOP-0002527,AVL-HTY,DEV-AVLHTY-2,2021-07-01T00:00:00,2021-07-31T23:59:59,84.4,82.1,routine inspection,,ECO-SERVICE-2,closed,False,False,False
DOP-0002528,AVL-HTY,DEV-AVLHTY-2,2021-08-01T00:00:00,2021-08-31T23:59:59,92.6,81.0,routine inspection,,ECO-SERVICE-2,closed,False,False,False
DOP-0002529,AVL-HTY,DEV-AVLHTY-2,2021-09-01T00:00:00,2021-09-30T23:59:59,87.9,69.1,routine inspection,,ECO-SERVICE-2,closed,False,False,False
DOP-0002530,AVL-HTY,DEV-AVLHTY-2,2021-10-01T00:00:00,2021-10-31T23:59:59,85.7,78.3,routine inspection,,ECO-SERVICE-2,closed,False,False,False
DOP-0002531,AVL-HTY,DEV-AVLHTY-2,2021-11-01T00:00:00,2021-11-30T23:59:59,96.0,79.0,routine inspection,,ECO-SERVICE-2,closed,False,False,False
DOP-0002532,AVL-HTY,DEV-AVLHTY-2,2021-12-01T00:00:00,2021-12-31T23:59:59,100.0,73.0,routine inspection,,ECO-SERVICE-2,closed,False,False,False
DOP-0002533,AVL-HTY,DEV-AVLHTY-2,2022-01-01T00:00:00,2022-01-31T23:59:59,93.1,79.9,routine inspection,,ECO-SERVICE-2,closed,False,False,False
DOP-0002534,AVL-HTY,DEV-AVLHTY-2,2022-02-01T00:00:00,2022-02-28T23:59:59,88.1,89.7,routine inspection,,ECO-SERVICE-2,closed,False,False,False
DOP-0002535,AVL-HTY,DEV-AVLHTY-2,2022-03-01T00:00:00,2022-03-31T23:59:59,91.5,65.0,routine inspection,,ECO-SERVICE-2,closed,False,False,False
DOP-0002536,AVL-HTY,DEV-AVLHTY-2,2022-04-01T00:00:00,2022-04-30T23:59:59,88.7,85.3,routine inspection,,ECO-SERVICE-2,closed,False,False,False
DOP-0002537,AVL-HTY,DEV-AVLHTY-2,2022-05-01T00:00:00,2022-05-31T23:59:59,97.9,86.7,routine inspection,,ECO-SERVICE-2,closed,False,False,False
DOP-0002538,AVL-HTY,DEV-AVLHTY-2,2022-06-01T00:00:00,2022-06-30T23:59:59,90.8,83.4,routine inspection,,ECO-SERVICE-2,closed,False,False,False
DOP-0002539,AVL-HTY,DEV-AVLHTY-2,2022-07-01T00:00:00,2022-07-31T23:59:59,91.4,87.8,routine inspection,,ECO-SERVICE-2,closed,False,False,False
DOP-0002540,AVL-HTY,DEV-AVLHTY-2,2022-08-01T00:00:00,2022-08-31T23:59:59,95.2,96.7,routine inspection,,ECO-SERVICE-2,closed,False,False,False
DOP-0002541,AVL-HTY,DEV-AVLHTY-2,2022-09-01T00:00:00,2022-09-30T23:59:59,95.9,72.5,routine inspection,,ECO-SERVICE-2,closed,False,False,False
DOP-0002542,AVL-HTY,DEV-AVLHTY-2,2022-10-01T00:00:00,2022-10-31T23:59:59,100.0,79.7,routine inspection,,ECO-SERVICE-2,closed,False,False,False
DOP-0002543,AVL-HTY,DEV-AVLHTY-2,2022-11-01T00:00:00,2022-11-30T23:59:59,92.2,75.7,routine inspection,,ECO-SERVICE-2,closed,False,False,False
DOP-0002544,AVL-HTY,DEV-AVLHTY-2,2022-12-01T00:00:00,2022-12-31T23:59:59,98.2,78.7,routine inspection,,ECO-SERVICE-2,closed,False,False,False
DOP-0002545,AVL-HTY,DEV-AVLHTY-2,2023-01-01T00:00:00,2023-01-31T23:59:59,100.0,76.7,routine inspection,,ECO-SERVICE-2,closed,False,False,False
DOP-0002546,AVL-HTY,DEV-AVLHTY-2,2023-02-01T00:00:00,2023-02-28T23:59:59,93.1,93.7,routine inspection,,ECO-SERVICE-2,closed,False,False,False
DOP-0002547,AVL-HTY,DEV-AVLHTY-2,2023-03-01T00:00:00,2023-03-31T23:59:59,100.0,85.7,routine inspection,,ECO-SERVICE-2,closed,False,False,False
DOP-0002548,AVL-HTY,DEV-AVLHTY-2,2023-04-01T00:00:00,2023-04-30T23:59:59,85.6,70.3,routine inspection,,ECO-SERVICE-2,closed,False,False,False
DOP-0002549,AVL-HTY,DEV-AVLHTY-2,2023-05-01T00:00:00,2023-05-31T23:59:59,88.2,86.9,routine inspection,,ECO-SERVICE-2,closed,False,False,False
DOP-0002550,AVL-HTY,DEV-AVLHTY-2,2023-06-01T00:00:00,2023-06-30T23:59:59,100.0,73.3,routine inspection,,ECO-SERVICE-2,closed,False,False,False
DOP-0002551,AVL-HTY,DEV-AVLHTY-2,2023-07-01T00:00:00,2023-07-31T23:59:59,76.4,63.9,corrective maintenance,STORAGE_LIMIT,ECO-SERVICE-2,closed,False,False,True
DOP-0002552,AVL-HTY,DEV-AVLHTY-2,2023-08-01T00:00:00,2023-08-31T23:59:59,95.9,69.5,routine inspection,,ECO-SERVICE-2,closed,False,False,False
DOP-0002553,AVL-HTY,DEV-AVLHTY-2,2023-09-01T00:00:00,2023-09-30T23:59:59,86.2,82.5,routine inspection,,ECO-SERVICE-2,closed,False,False,False
DOP-0002554,AVL-HTY,DEV-AVLHTY-2,2023-10-01T00:00:00,2023-10-31T23:59:59,92.0,94.4,routine inspection,,ECO-SERVICE-2,closed,False,False,False
DOP-0002555,AVL-HTY,DEV-AVLHTY-2,2023-11-01T00:00:00,2023-11-30T23:59:59,95.7,83.6,routine inspection,,ECO-SERVICE-2,closed,False,False,False
DOP-0002556,AVL-HTY,DEV-AVLHTY-2,2023-12-01T00:00:00,2023-12-31T23:59:59,80.4,94.0,routine inspection,,ECO-SERVICE-2,closed,False,False,False
DOP-0002557,AVL-HTY,DEV-AVLHTY-2,2024-01-01T00:00:00,2024-01-31T23:59:59,92.9,92.1,routine inspection,,ECO-SERVICE-2,closed,False,False,False
DOP-0002558,AVL-HTY,DEV-AVLHTY-2,2024-02-01T00:00:00,2024-02-29T23:59:59,94.1,81.1,routine inspection,,ECO-SERVICE-2,closed,False,False,False
DOP-0002559,AVL-HTY,DEV-AVLHTY-2,2024-03-01T00:00:00,2024-03-31T23:59:59,86.5,86.0,routine inspection,,ECO-SERVICE-2,closed,False,False,False
DOP-0002560,AVL-HTY,DEV-AVLHTY-2,2024-04-01T00:00:00,2024-04-30T23:59:59,96.6,92.3,routine inspection,,ECO-SERVICE-2,closed,False,False,False
DOP-0002561,AVL-HTY,DEV-AVLHTY-2,2024-05-01T00:00:00,2024-05-31T23:59:59,95.5,85.4,routine inspection,,ECO-SERVICE-2,closed,False,False,False
DOP-0002562,AVL-HTY,DEV-AVLHTY-2,2024-06-01T00:00:00,2024-06-30T23:59:59,89.7,90.5,routine inspection,,ECO-SERVICE-2,closed,False,False,False
DOP-0002563,AVL-HTY,DEV-AVLHTY-2,2024-07-01T00:00:00,2024-07-31T23:59:59,94.6,75.6,routine inspection,,ECO-SERVICE-2,closed,False,False,False
DOP-0002564,AVL-HTY,DEV-AVLHTY-2,2024-08-01T00:00:00,2024-08-31T23:59:59,93.4,76.4,routine inspection,,ECO-SERVICE-2,closed,False,False,False
DOP-0002565,AVL-HTY,DEV-AVLHTY-2,2024-09-01T00:00:00,2024-09-30T23:59:59,91.7,77.2,routine inspection,,ECO-SERVICE-2,closed,False,False,False
DOP-0002566,AVL-HTY,DEV-AVLHTY-2,2024-10-01T00:00:00,2024-10-31T23:59:59,100.0,74.3,routine inspection,,ECO-SERVICE-2,closed,False,False,False
DOP-0002567,AVL-HTY,DEV-AVLHTY-2,2024-11-01T00:00:00,2024-11-30T23:59:59,99.8,85.5,routine inspection,,ECO-SERVICE-2,closed,False,False,False
DOP-0002568,AVL-HTY,DEV-AVLHTY-2,2024-12-01T00:00:00,2024-12-31T23:59:59,95.9,74.9,routine inspection,,,closed,False,False,False
DOP-0002569,AVL-HTY,DEV-AVLHTY-2,2025-01-01T00:00:00,2025-01-31T23:59:59,92.5,87.5,routine inspection,,ECO-SERVICE-2,closed,False,False,False
DOP-0002570,AVL-HTY,DEV-AVLHTY-2,2025-02-01T00:00:00,2025-02-28T23:59:59,100.0,76.2,routine inspection,,ECO-SERVICE-2,closed,False,False,False
DOP-0002571,AVL-HTY,DEV-AVLHTY-2,2025-03-01T00:00:00,2025-03-31T23:59:59,90.0,94.4,routine inspection,,ECO-SERVICE-2,closed,False,False,False
DOP-0002572,AVL-HTY,DEV-AVLHTY-2,2025-04-01T00:00:00,2025-04-30T23:59:59,89.5,68.0,routine inspection,,ECO-SERVICE-2,closed,False,False,False
DOP-0002573,AVL-HTY,DEV-AVLHTY-2,2025-05-01T00:00:00,2025-05-31T23:59:59,95.7,75.2,routine inspection,,ECO-SERVICE-2,closed,False,False,False
DOP-0002574,AVL-HTY,DEV-AVLHTY-2,2025-06-01T00:00:00,2025-06-30T23:59:59,100.0,80.8,routine inspection,,ECO-SERVICE-2,closed,False,False,False
DOP-0002575,AVL-RNY,DEV-AVLRNY-3,2019-01-01T00:00:00,2019-01-31T23:59:59,92.9,86.4,routine inspection,,ECO-SERVICE-3,closed,False,False,False
DOP-0002576,AVL-RNY,DEV-AVLRNY-3,2019-02-01T00:00:00,2019-02-28T23:59:59,95.7,78.3,routine inspection,,ECO-SERVICE-3,closed,False,False,False
DOP-0002577,AVL-RNY,DEV-AVLRNY-3,2019-03-01T00:00:00,2019-03-31T23:59:59,93.4,75.8,routine inspection,,ECO-SERVICE-3,closed,False,False,False
DOP-0002578,AVL-RNY,DEV-AVLRNY-3,2019-04-01T00:00:00,2019-04-30T23:59:59,87.6,80.5,routine inspection,,ECO-SERVICE-3,closed,False,False,False
DOP-0002579,AVL-RNY,DEV-AVLRNY-3,2019-05-01T00:00:00,2019-05-31T23:59:59,95.3,85.3,routine inspection,,ECO-SERVICE-3,closed,False,False,False
DOP-0002580,AVL-RNY,DEV-AVLRNY-3,2019-06-01T00:00:00,2019-06-30T23:59:59,86.0,86.7,routine inspection,,ECO-SERVICE-3,closed,False,False,False
DOP-0002581,AVL-RNY,DEV-AVLRNY-3,2019-07-01T00:00:00,2019-07-31T23:59:59,98.5,76.0,routine inspection,,ECO-SERVICE-3,closed,False,False,False
DOP-0002582,AVL-RNY,DEV-AVLRNY-3,2019-08-01T00:00:00,2019-08-31T23:59:59,88.2,86.0,routine inspection,,ECO-SERVICE-3,closed,False,False,False
DOP-0002583,AVL-RNY,DEV-AVLRNY-3,2019-09-01T00:00:00,2019-09-30T23:59:59,89.9,70.4,routine inspection,,ECO-SERVICE-3,closed,False,False,False
DOP-0002584,AVL-RNY,DEV-AVLRNY-3,2019-10-01T00:00:00,2019-10-31T23:59:59,93.5,93.8,routine inspection,,ECO-SERVICE-3,closed,False,False,False
DOP-0002585,AVL-RNY,DEV-AVLRNY-3,2019-11-01T00:00:00,2019-11-30T23:59:59,88.0,82.0,routine inspection,,ECO-SERVICE-3,closed,False,False,False
DOP-0002586,AVL-RNY,DEV-AVLRNY-3,2019-12-01T00:00:00,2019-12-31T23:59:59,95.4,76.9,routine inspection,,ECO-SERVICE-3,closed,False,False,False
DOP-0002587,AVL-RNY,DEV-AVLRNY-3,2020-01-01T00:00:00,2020-01-31T23:59:59,93.1,80.1,routine inspection,,ECO-SERVICE-3,closed,False,False,False
DOP-0002588,AVL-RNY,DEV-AVLRNY-3,2020-02-01T00:00:00,2020-02-29T23:59:59,88.5,70.3,routine inspection,,ECO-SERVICE-3,closed,False,False,False
DOP-0002589,AVL-RNY,DEV-AVLRNY-3,2020-03-01T00:00:00,2020-03-31T23:59:59,90.1,85.8,routine inspection,,ECO-SERVICE-3,closed,False,False,False
DOP-0002590,AVL-RNY,DEV-AVLRNY-3,2020-04-01T00:00:00,2020-04-30T23:59:59,96.8,80.2,routine inspection,,ECO-SERVICE-3,closed,False,False,False
DOP-0002591,AVL-RNY,DEV-AVLRNY-3,2020-05-01T00:00:00,2020-05-31T23:59:59,89.1,81.8,routine inspection,,ECO-SERVICE-3,closed,False,False,False
DOP-0002592,AVL-RNY,DEV-AVLRNY-3,2020-06-01T00:00:00,2020-06-30T23:59:59,100.0,95.7,routine inspection,,ECO-SERVICE-3,closed,False,False,False
DOP-0002593,AVL-RNY,DEV-AVLRNY-3,2020-07-01T00:00:00,2020-07-31T23:59:59,93.1,73.8,routine inspection,,ECO-SERVICE-3,closed,False,False,False
DOP-0002594,AVL-RNY,DEV-AVLRNY-3,2020-08-01T00:00:00,2020-08-31T23:59:59,90.3,75.5,routine inspection,,ECO-SERVICE-3,closed,False,False,False
DOP-0002595,AVL-RNY,DEV-AVLRNY-3,2020-09-01T00:00:00,2020-09-30T23:59:59,91.5,86.2,routine inspection,,ECO-SERVICE-3,closed,False,False,False
DOP-0002596,AVL-RNY,DEV-AVLRNY-3,2020-10-01T00:00:00,2020-10-31T23:59:59,93.2,74.2,routine inspection,,ECO-SERVICE-3,closed,False,False,False
DOP-0002597,AVL-RNY,DEV-AVLRNY-3,2020-11-01T00:00:00,2020-11-30T23:59:59,95.6,74.3,routine inspection,,ECO-SERVICE-3,closed,False,False,False
DOP-0002598,AVL-RNY,DEV-AVLRNY-3,2020-12-01T00:00:00,2020-12-31T23:59:59,97.5,75.5,routine inspection,,ECO-SERVICE-3,closed,False,False,False
DOP-0002599,AVL-RNY,DEV-AVLRNY-3,2021-01-01T00:00:00,2021-01-31T23:59:59,97.8,72.4,routine inspection,,ECO-SERVICE-3,closed,False,False,False
DOP-0002600,AVL-RNY,DEV-AVLRNY-3,2021-02-01T00:00:00,2021-02-28T23:59:59,89.0,70.7,routine inspection,,ECO-SERVICE-3,closed,False,False,False
DOP-0002601,AVL-RNY,DEV-AVLRNY-3,2021-03-01T00:00:00,2021-03-31T23:59:59,93.9,74.9,routine inspection,,ECO-SERVICE-3,closed,False,False,False
DOP-0002602,AVL-RNY,DEV-AVLRNY-3,2021-04-01T00:00:00,2021-04-30T23:59:59,97.2,100.0,routine inspection,,ECO-SERVICE-3,closed,False,False,False
DOP-0002603,AVL-RNY,DEV-AVLRNY-3,2021-05-01T00:00:00,2021-05-31T23:59:59,95.0,86.1,routine inspection,,ECO-SERVICE-3,closed,False,False,False
DOP-0002604,AVL-RNY,DEV-AVLRNY-3,2021-06-01T00:00:00,2021-06-30T23:59:59,88.0,85.5,routine inspection,,ECO-SERVICE-3,closed,False,False,False
DOP-0002605,AVL-RNY,DEV-AVLRNY-3,2021-07-01T00:00:00,2021-07-31T23:59:59,87.7,73.5,routine inspection,,ECO-SERVICE-3,closed,False,False,False
DOP-0002606,AVL-RNY,DEV-AVLRNY-3,2021-08-01T00:00:00,2021-08-31T23:59:59,100.0,86.4,routine inspection,,ECO-SERVICE-3,closed,False,False,False
DOP-0002607,AVL-RNY,DEV-AVLRNY-3,2021-09-01T00:00:00,2021-09-30T23:59:59,90.5,78.8,routine inspection,,ECO-SERVICE-3,closed,False,False,False
DOP-0002608,AVL-RNY,DEV-AVLRNY-3,2021-10-01T00:00:00,2021-10-31T23:59:59,96.9,73.1,routine inspection,,ECO-SERVICE-3,closed,False,False,False
DOP-0002609,AVL-RNY,DEV-AVLRNY-3,2021-11-01T00:00:00,2021-11-30T23:59:59,94.1,84.5,routine inspection,,ECO-SERVICE-3,closed,False,False,False
DOP-0002610,AVL-RNY,DEV-AVLRNY-3,2021-12-01T00:00:00,2021-12-31T23:59:59,100.0,87.1,routine inspection,,ECO-SERVICE-3,closed,False,False,False
DOP-0002611,AVL-RNY,DEV-AVLRNY-3,2022-01-01T00:00:00,2022-01-31T23:59:59,87.0,79.4,routine inspection,,ECO-SERVICE-3,closed,False,False,False
DOP-0002612,AVL-RNY,DEV-AVLRNY-3,2022-02-01T00:00:00,2022-02-28T23:59:59,91.0,79.2,routine inspection,,ECO-SERVICE-3,closed,False,False,False
DOP-0002613,AVL-RNY,DEV-AVLRNY-3,2022-03-01T00:00:00,2022-03-31T23:59:59,92.8,92.1,routine inspection,,ECO-SERVICE-3,closed,False,False,False
DOP-0002614,AVL-RNY,DEV-AVLRNY-3,2022-04-01T00:00:00,2022-04-30T23:59:59,91.4,91.4,routine inspection,,ECO-SERVICE-3,closed,False,False,False
DOP-0002615,AVL-RNY,DEV-AVLRNY-3,2022-05-01T00:00:00,2022-05-31T23:59:59,94.2,84.2,routine inspection,,ECO-SERVICE-3,closed,False,False,False
DOP-0002616,AVL-RNY,DEV-AVLRNY-3,2022-06-01T00:00:00,2022-06-30T23:59:59,100.0,88.6,routine inspection,,ECO-SERVICE-3,closed,False,False,False
DOP-0002617,AVL-RNY,DEV-AVLRNY-3,2022-07-01T00:00:00,2022-07-31T23:59:59,90.6,79.5,routine inspection,,ECO-SERVICE-3,closed,False,False,False
DOP-0002618,AVL-RNY,DEV-AVLRNY-3,2022-08-01T00:00:00,2022-08-31T23:59:59,93.3,64.1,routine inspection,,ECO-SERVICE-3,closed,False,False,False
DOP-0002619,AVL-RNY,DEV-AVLRNY-3,2022-09-01T00:00:00,2022-09-30T23:59:59,94.7,65.3,routine inspection,,ECO-SERVICE-3,closed,False,False,False
DOP-0002620,AVL-RNY,DEV-AVLRNY-3,2022-10-01T00:00:00,2022-10-31T23:59:59,90.3,69.5,routine inspection,,ECO-SERVICE-3,closed,False,False,False
DOP-0002621,AVL-RNY,DEV-AVLRNY-3,2022-11-01T00:00:00,2022-11-30T23:59:59,92.1,70.2,routine inspection,,ECO-SERVICE-3,closed,False,False,False
DOP-0002622,AVL-RNY,DEV-AVLRNY-3,2022-12-01T00:00:00,2022-12-31T23:59:59,93.7,81.5,routine inspection,,ECO-SERVICE-3,closed,False,False,False
DOP-0002623,AVL-RNY,DEV-AVLRNY-3,2023-01-01T00:00:00,2023-01-31T23:59:59,98.9,84.4,routine inspection,,ECO-SERVICE-3,closed,False,False,False
DOP-0002624,AVL-RNY,DEV-AVLRNY-3,2023-02-01T00:00:00,2023-02-28T23:59:59,92.8,79.1,routine inspection,,ECO-SERVICE-3,closed,False,False,False
DOP-0002625,AVL-RNY,DEV-AVLRNY-3,2023-03-01T00:00:00,2023-03-31T23:59:59,94.6,79.9,routine inspection,,ECO-SERVICE-3,closed,False,False,False
DOP-0002626,AVL-RNY,DEV-AVLRNY-3,2023-04-01T00:00:00,2023-04-30T23:59:59,93.4,94.1,routine inspection,,ECO-SERVICE-3,closed,False,False,False
DOP-0002627,AVL-RNY,DEV-AVLRNY-3,2023-05-01T00:00:00,2023-05-31T23:59:59,95.4,72.0,routine inspection,,ECO-SERVICE-3,closed,False,False,False
DOP-0002628,AVL-RNY,DEV-AVLRNY-3,2023-06-01T00:00:00,2023-06-30T23:59:59,95.1,87.1,routine inspection,,ECO-SERVICE-3,closed,False,False,False
DOP-0002629,AVL-RNY,DEV-AVLRNY-3,2023-07-01T00:00:00,2023-07-31T23:59:59,75.6,60.0,corrective maintenance,STORAGE_LIMIT,ECO-SERVICE-3,closed,False,False,True
DOP-0002630,AVL-RNY,DEV-AVLRNY-3,2023-08-01T00:00:00,2023-08-31T23:59:59,100.0,72.5,routine inspection,,ECO-SERVICE-3,closed,False,False,False
DOP-0002631,AVL-RNY,DEV-AVLRNY-3,2023-09-01T00:00:00,2023-09-30T23:59:59,96.8,80.5,routine inspection,,ECO-SERVICE-3,closed,False,False,False
DOP-0002632,AVL-RNY,DEV-AVLRNY-3,2023-10-01T00:00:00,2023-10-31T23:59:59,95.9,73.2,routine inspection,,ECO-SERVICE-3,closed,False,False,False
DOP-0002633,AVL-RNY,DEV-AVLRNY-3,2023-11-01T00:00:00,2023-11-30T23:59:59,100.0,100.0,routine inspection,,ECO-SERVICE-3,closed,False,False,False
DOP-0002634,AVL-RNY,DEV-AVLRNY-3,2023-12-01T00:00:00,2023-12-31T23:59:59,98.9,93.7,routine inspection,,ECO-SERVICE-3,closed,False,False,False
DOP-0002635,AVL-RNY,DEV-AVLRNY-3,2024-01-01T00:00:00,2024-01-31T23:59:59,89.6,100.0,routine inspection,,ECO-SERVICE-3,closed,False,False,False
DOP-0002636,AVL-RNY,DEV-AVLRNY-3,2024-02-01T00:00:00,2024-02-29T23:59:59,95.0,83.6,routine inspection,,ECO-SERVICE-3,closed,False,False,False
DOP-0002637,AVL-RNY,DEV-AVLRNY-3,2024-03-01T00:00:00,2024-03-31T23:59:59,99.0,86.2,routine inspection,,ECO-SERVICE-3,closed,False,False,False
DOP-0002638,AVL-RNY,DEV-AVLRNY-3,2024-04-01T00:00:00,2024-04-30T23:59:59,87.0,81.1,routine inspection,,ECO-SERVICE-3,closed,False,False,False
DOP-0002639,AVL-RNY,DEV-AVLRNY-3,2024-05-01T00:00:00,2024-05-31T23:59:59,95.7,68.1,routine inspection,,ECO-SERVICE-3,closed,False,False,False
DOP-0002640,AVL-RNY,DEV-AVLRNY-3,2024-06-01T00:00:00,2024-06-30T23:59:59,99.5,81.2,routine inspection,,ECO-SERVICE-3,closed,False,False,False
DOP-0002641,AVL-RNY,DEV-AVLRNY-3,2024-07-01T00:00:00,31/07/2024 23:59:59,90.8,80.3,routine inspection,,ECO-SERVICE-3,closed,False,False,False
DOP-0002642,AVL-RNY,DEV-AVLRNY-3,2024-08-01T00:00:00,2024-08-31T23:59:59,91.8,77.9,routine inspection,,ECO-SERVICE-3,closed,False,False,False
DOP-0002643,AVL-RNY,DEV-AVLRNY-3,2024-09-01T00:00:00,2024-09-30T23:59:59,84.0,81.3,routine inspection,,ECO-SERVICE-3,closed,False,False,False
DOP-0002644,AVL-RNY,DEV-AVLRNY-3,2024-10-01T00:00:00,2024-10-31T23:59:59,88.5,70.3,routine inspection,,ECO-SERVICE-3,closed,False,False,False
DOP-0002645,AVL-RNY,DEV-AVLRNY-3,2024-11-01T00:00:00,2024-11-30T23:59:59,97.1,80.4,routine inspection,,ECO-SERVICE-3,closed,False,False,False
DOP-0002646,AVL-RNY,DEV-AVLRNY-3,2024-12-01T00:00:00,2024-12-31T23:59:59,94.4,85.4,routine inspection,,ECO-SERVICE-3,closed,False,False,False
DOP-0002647,AVL-RNY,DEV-AVLRNY-3,2025-01-01T00:00:00,2025-01-31T23:59:59,95.0,78.2,routine inspection,,ECO-SERVICE-3,closed,False,False,False
DOP-0002648,AVL-RNY,DEV-AVLRNY-3,2025-02-01T00:00:00,2025-02-28T23:59:59,100.0,81.6,routine inspection,,ECO-SERVICE-3,closed,False,False,False
DOP-0002649,AVL-RNY,DEV-AVLRNY-3,2025-03-01T00:00:00,2025-03-31T23:59:59,92.8,93.2,routine inspection,,ECO-SERVICE-3,closed,False,False,False
DOP-0002650,AVL-RNY,DEV-AVLRNY-3,2025-04-01T00:00:00,2025-04-30T23:59:59,89.9,86.2,routine inspection,,ECO-SERVICE-3,closed,False,False,False
DOP-0002651,AVL-RNY,DEV-AVLRNY-3,2025-05-01T00:00:00,2025-05-31T23:59:59,83.4,84.2,routine inspection,,ECO-SERVICE-3,closed,False,False,False
DOP-0002652,AVL-RNY,DEV-AVLRNY-3,2025-06-01T00:00:00,2025-06-30T23:59:59,89.0,87.5,routine inspection,,ECO-SERVICE-3,closed,False,False,False
DOP-0002653,AVL-ECJ,DEV-AVLECJ-1,2019-01-01T00:00:00,2019-01-31T23:59:59,84.0,74.7,routine inspection,,ECO-SERVICE-4,closed,False,False,False
DOP-0002654,AVL-ECJ,DEV-AVLECJ-1,2019-02-01T00:00:00,2019-02-28T23:59:59,93.0,91.0,routine inspection,,ECO-SERVICE-4,closed,False,False,False
DOP-0002655,AVL-ECJ,DEV-AVLECJ-1,2019-03-01T00:00:00,2019/03/31 23:59:59,96.5,74.6,routine inspection,,ECO-SERVICE-4,closed,False,False,False
DOP-0002656,AVL-ECJ,DEV-AVLECJ-1,2019-04-01T00:00:00,2019-04-30T23:59:59,94.8,97.5,routine inspection,,ECO-SERVICE-4,closed,False,False,False
DOP-0002657,AVL-ECJ,DEV-AVLECJ-1,2019-05-01T00:00:00,2019-05-31T23:59:59,92.6,83.3,routine inspection,,ECO-SERVICE-4,closed,False,False,False
DOP-0002658,AVL-ECJ,DEV-AVLECJ-1,2019-06-01T00:00:00,2019-06-30T23:59:59,92.2,75.1,routine inspection,,ECO-SERVICE-4,closed,False,False,False
DOP-0002659,AVL-ECJ,DEV-AVLECJ-1,2019-07-01T00:00:00,2019-07-31T23:59:59,89.6,50.7,routine inspection,,ECO-SERVICE-4,closed,False,False,False
DOP-0002660,AVL-ECJ,DEV-AVLECJ-1,2019-08-01T00:00:00,2019-08-31T23:59:59,86.8,84.8,routine inspection,,ECO-SERVICE-4,closed,False,False,False
DOP-0002661,AVL-ECJ,DEV-AVLECJ-1,2019-09-01T00:00:00,2019-09-30T23:59:59,100.0,81.4,routine inspection,,ECO-SERVICE-4,closed,False,False,False
DOP-0002662,AVL-ECJ,DEV-AVLECJ-1,2019-10-01T00:00:00,2019-10-31T23:59:59,96.1,82.7,routine inspection,,ECO-SERVICE-4,closed,False,False,False
DOP-0002663,AVL-ECJ,DEV-AVLECJ-1,2019-11-01T00:00:00,2019-11-30T23:59:59,100.0,87.2,routine inspection,,ECO-SERVICE-4,closed,False,False,False
DOP-0002664,AVL-ECJ,DEV-AVLECJ-1,2019-12-01T00:00:00,2019-12-31T23:59:59,93.9,77.8,routine inspection,,ECO-SERVICE-4,closed,False,False,False
DOP-0002665,AVL-ECJ,DEV-AVLECJ-1,2020-01-01T00:00:00,2020-01-31T23:59:59,82.0,64.4,corrective maintenance,POWER_INTERRUPTION,ECO-SERVICE-4,closed,False,True,False
DOP-0002666,AVL-ECJ,DEV-AVLECJ-1,2020-02-01T00:00:00,2020-02-29T23:59:59,90.6,77.5,routine inspection,,ECO-SERVICE-4,closed,False,False,False
DOP-0002667,AVL-ECJ,DEV-AVLECJ-1,2020-03-01T00:00:00,2020-03-31T23:59:59,80.0,89.0,routine inspection,,ECO-SERVICE-4,closed,False,False,False
DOP-0002668,AVL-ECJ,DEV-AVLECJ-1,2020-04-01T00:00:00,2020-04-30T23:59:59,93.6,82.5,routine inspection,,ECO-SERVICE-4,closed,False,False,False
DOP-0002669,AVL-ECJ,DEV-AVLECJ-1,2020-05-01T00:00:00,2020-05-31T23:59:59,89.2,85.5,routine inspection,,ECO-SERVICE-4,closed,False,False,False
DOP-0002670,AVL-ECJ,DEV-AVLECJ-1,2020-06-01T00:00:00,2020-06-30T23:59:59,94.1,79.6,routine inspection,,ECO-SERVICE-4,closed,False,False,False
DOP-0002671,AVL-ECJ,DEV-AVLECJ-1,2020-07-01T00:00:00,2020-07-31T23:59:59,95.0,75.2,routine inspection,,ECO-SERVICE-4,closed,False,False,False
DOP-0002672,AVL-ECJ,DEV-AVLECJ-1,2020-08-01T00:00:00,2020-08-31T23:59:59,93.6,78.3,routine inspection,,ECO-SERVICE-4,closed,False,False,False
DOP-0002673,AVL-ECJ,DEV-AVLECJ-1,2020-09-01T00:00:00,2020-09-30T23:59:59,100.0,78.5,routine inspection,,ECO-SERVICE-4,closed,False,False,False
DOP-0002674,AVL-ECJ,DEV-AVLECJ-1,2020-10-01T00:00:00,2020-10-31T23:59:59,92.3,77.3,routine inspection,,ECO-SERVICE-4,closed,False,False,False
DOP-0002675,AVL-ECJ,DEV-AVLECJ-1,2020-11-01T00:00:00,2020-11-30T23:59:59,98.9,89.4,routine inspection,,ECO-SERVICE-4,closed,False,False,False
DOP-0002676,AVL-ECJ,DEV-AVLECJ-1,2020-12-01T00:00:00,2020-12-31T23:59:59,89.2,84.1,routine inspection,,ECO-SERVICE-4,closed,False,False,False
DOP-0002677,AVL-ECJ,DEV-AVLECJ-1,2021-01-01T00:00:00,2021-01-31T23:59:59,89.0,83.4,routine inspection,,ECO-SERVICE-4,closed,False,False,False
DOP-0002678,AVL-ECJ,DEV-AVLECJ-1,2021-02-01T00:00:00,2021-02-28T23:59:59,90.1,83.2,routine inspection,,ECO-SERVICE-4,closed,False,False,False
DOP-0002679,AVL-ECJ,DEV-AVLECJ-1,2021-03-01T00:00:00,2021-03-31T23:59:59,92.6,77.7,routine inspection,,ECO-SERVICE-4,closed,False,False,False
DOP-0002680,AVL-ECJ,DEV-AVLECJ-1,2021-04-01T00:00:00,2021-04-30T23:59:59,58.8,80.2,corrective maintenance,POWER_INTERRUPTION,ECO-SERVICE-4,closed,False,True,False
DOP-0002681,AVL-ECJ,DEV-AVLECJ-1,2021-05-01T00:00:00,2021-05-31T23:59:59,92.3,80.5,routine inspection,,ECO-SERVICE-4,closed,False,False,False
DOP-0002682,AVL-ECJ,DEV-AVLECJ-1,2021-06-01T00:00:00,2021-06-30T23:59:59,99.1,73.7,routine inspection,,ECO-SERVICE-4,closed,False,False,False
DOP-0002683,AVL-ECJ,DEV-AVLECJ-1,2021-07-01T00:00:00,2021-07-31T23:59:59,88.8,78.5,routine inspection,,ECO-SERVICE-4,closed,False,False,False
DOP-0002684,AVL-ECJ,DEV-AVLECJ-1,2021-08-01T00:00:00,2021-08-31T23:59:59,89.2,66.9,routine inspection,,ECO-SERVICE-4,closed,False,False,False
DOP-0002685,AVL-ECJ,DEV-AVLECJ-1,2021-09-01T00:00:00,2021-09-30T23:59:59,87.5,77.6,routine inspection,,ECO-SERVICE-4,closed,False,False,False
DOP-0002686,AVL-ECJ,DEV-AVLECJ-1,2021-10-01T00:00:00,2021-10-31T23:59:59,100.0,72.4,routine inspection,,ECO-SERVICE-4,closed,False,False,False
DOP-0002687,AVL-ECJ,DEV-AVLECJ-1,2021-11-01T00:00:00,2021-11-30T23:59:59,92.8,81.3,routine inspection,,ECO-SERVICE-4,closed,False,False,False
DOP-0002688,AVL-ECJ,DEV-AVLECJ-1,2021-12-01T00:00:00,2021-12-31T23:59:59,92.4,82.8,routine inspection,,ECO-SERVICE-4,closed,False,False,False
DOP-0002689,AVL-ECJ,DEV-AVLECJ-1,2022-01-01T00:00:00,2022-01-31T23:59:59,92.1,76.7,routine inspection,,ECO-SERVICE-4,closed,False,False,False
DOP-0002690,AVL-ECJ,DEV-AVLECJ-1,2022-02-01T00:00:00,2022-02-28T23:59:59,92.9,93.3,routine inspection,,ECO-SERVICE-4,closed,False,False,False
DOP-0002691,AVL-ECJ,DEV-AVLECJ-1,2022-03-01T00:00:00,2022-03-31T23:59:59,92.2,78.9,routine inspection,,ECO-SERVICE-4,closed,False,False,False
DOP-0002692,AVL-ECJ,DEV-AVLECJ-1,2022-04-01T00:00:00,2022-04-30T23:59:59,95.6,81.4,routine inspection,,ECO-SERVICE-4,closed,False,False,False
DOP-0002693,AVL-ECJ,DEV-AVLECJ-1,2022-05-01T00:00:00,2022-05-31T23:59:59,95.3,92.3,routine inspection,,ECO-SERVICE-4,closed,False,False,False
DOP-0002694,AVL-ECJ,DEV-AVLECJ-1,2022-06-01T00:00:00,2022-06-30T23:59:59,93.5,78.2,routine inspection,,ECO-SERVICE-4,closed,False,False,False
DOP-0002695,AVL-ECJ,DEV-AVLECJ-1,2022-07-01T00:00:00,2022-07-31T23:59:59,93.6,79.7,routine inspection,,ECO-SERVICE-4,closed,False,False,False
DOP-0002696,AVL-ECJ,DEV-AVLECJ-1,2022-08-01T00:00:00,2022-08-31T23:59:59,100.0,71.6,routine inspection,,ECO-SERVICE-4,closed,False,False,False
DOP-0002697,AVL-ECJ,DEV-AVLECJ-1,2022-09-01T00:00:00,2022-09-30T23:59:59,94.1,68.3,routine inspection,,ECO-SERVICE-4,closed,False,False,False
DOP-0002698,AVL-ECJ,DEV-AVLECJ-1,2022-10-01T00:00:00,2022-10-31T23:59:59,94.9,76.7,routine inspection,,ECO-SERVICE-4,closed,False,False,False
DOP-0002699,AVL-ECJ,DEV-AVLECJ-1,2022-11-01T00:00:00,2022-11-30T23:59:59,85.8,86.1,routine inspection,,ECO-SERVICE-4,closed,False,False,False
DOP-0002700,AVL-ECJ,DEV-AVLECJ-1,2022-12-01T00:00:00,2022-12-31T23:59:59,95.0,86.2,routine inspection,,ECO-SERVICE-4,closed,False,False,False
DOP-0002701,AVL-ECJ,DEV-AVLECJ-1,2023-01-01T00:00:00,2023-01-31T23:59:59,90.5,72.6,routine inspection,,ECO-SERVICE-4,closed,False,False,False
DOP-0002702,AVL-ECJ,DEV-AVLECJ-1,2023-02-01T00:00:00,2023-02-28T23:59:59,96.3,86.8,routine inspection,,ECO-SERVICE-4,closed,False,False,False
DOP-0002703,AVL-ECJ,DEV-AVLECJ-1,2023-03-01T00:00:00,2023-03-31T23:59:59,99.1,74.7,routine inspection,,ECO-SERVICE-4,closed,False,False,False
DOP-0002704,AVL-ECJ,DEV-AVLECJ-1,2023-04-01T00:00:00,2023-04-30T23:59:59,98.2,79.3,routine inspection,,ECO-SERVICE-4,closed,False,False,False
DOP-0002705,AVL-ECJ,DEV-AVLECJ-1,2023-05-01T00:00:00,2023-05-31T23:59:59,95.1,82.6,routine inspection,,ECO-SERVICE-4,closed,False,False,False
DOP-0002706,AVL-ECJ,DEV-AVLECJ-1,2023-06-01T00:00:00,2023-06-30T23:59:59,84.0,66.6,corrective maintenance,POWER_INTERRUPTION,ECO-SERVICE-4,closed,False,True,False
DOP-0002707,AVL-ECJ,DEV-AVLECJ-1,2023-07-01T00:00:00,2023-07-31T23:59:59,96.3,90.2,routine inspection,,ECO-SERVICE-4,closed,False,False,False
DOP-0002708,AVL-ECJ,DEV-AVLECJ-1,2023-08-01T00:00:00,2023-08-31T23:59:59,90.6,76.9,routine inspection,,ECO-SERVICE-4,closed,False,False,False
DOP-0002709,AVL-ECJ,DEV-AVLECJ-1,2023-09-01T00:00:00,2023-09-30T23:59:59,96.6,62.0,routine inspection,,ECO-SERVICE-4,closed,False,False,False
DOP-0002710,AVL-ECJ,DEV-AVLECJ-1,2023-10-01T00:00:00,2023-10-31T23:59:59,93.7,71.1,routine inspection,,ECO-SERVICE-4,closed,False,False,False
DOP-0002711,AVL-ECJ,DEV-AVLECJ-1,2023-11-01T00:00:00,2023-11-30T23:59:59,92.8,75.7,routine inspection,,ECO-SERVICE-4,closed,False,False,False
DOP-0002712,AVL-ECJ,DEV-AVLECJ-1,2023-12-01T00:00:00,2023-12-31T23:59:59,95.2,83.5,routine inspection,,ECO-SERVICE-4,closed,False,False,False
DOP-0002713,AVL-ECJ,DEV-AVLECJ-1,2024-01-01T00:00:00,2024-01-31T23:59:59,96.5,78.2,routine inspection,,ECO-SERVICE-4,closed,False,False,False
DOP-0002714,AVL-ECJ,DEV-AVLECJ-1,2024-02-01T00:00:00,2024-02-29T23:59:59,89.7,84.2,routine inspection,,ECO-SERVICE-4,closed,False,False,False
DOP-0002715,AVL-ECJ,DEV-AVLECJ-1,2024-03-01T00:00:00,2024-03-31T23:59:59,95.5,88.6,routine inspection,,ECO-SERVICE-4,closed,False,False,False
DOP-0002716,AVL-ECJ,DEV-AVLECJ-1,2024-04-01T00:00:00,2024-04-30T23:59:59,100.0,89.8,routine inspection,,ECO-SERVICE-4,closed,False,False,False
DOP-0002717,AVL-ECJ,DEV-AVLECJ-1,2024-05-01T00:00:00,2024-05-31T23:59:59,96.1,94.3,routine inspection,,ECO-SERVICE-4,closed,False,False,False
DOP-0002718,AVL-ECJ,DEV-AVLECJ-1,2024-06-01T00:00:00,2024-06-30T23:59:59,93.9,67.9,routine inspection,,ECO-SERVICE-4,closed,False,False,False
DOP-0002719,AVL-ECJ,DEV-AVLECJ-1,2024-07-01T00:00:00,2024-07-31T23:59:59,95.4,82.8,routine inspection,,ECO-SERVICE-4,closed,False,False,False
DOP-0002720,AVL-ECJ,DEV-AVLECJ-1,2024-08-01T00:00:00,2024-08-31T23:59:59,89.4,71.7,routine inspection,,ECO-SERVICE-4,closed,False,False,False
DOP-0002721,AVL-ECJ,DEV-AVLECJ-1,2024-09-01T00:00:00,2024-09-30T23:59:59,92.6,89.0,routine inspection,,ECO-SERVICE-4,closed,False,False,False
DOP-0002722,AVL-ECJ,DEV-AVLECJ-1,2024-10-01T00:00:00,2024-10-31T23:59:59,92.3,71.6,routine inspection,,ECO-SERVICE-4,closed,False,False,False
DOP-0002723,AVL-ECJ,DEV-AVLECJ-1,2024-11-01T00:00:00,2024-11-30T23:59:59,92.3,77.9,routine inspection,,ECO-SERVICE-4,closed,False,False,False
DOP-0002724,AVL-ECJ,DEV-AVLECJ-1,2024-12-01T00:00:00,2024-12-31T23:59:59,91.9,93.1,routine inspection,,ECO-SERVICE-4,closed,False,False,False
DOP-0002725,AVL-ECJ,DEV-AVLECJ-1,2025-01-01T00:00:00,2025-01-31T23:59:59,88.9,85.9,routine inspection,,ECO-SERVICE-4,closed,False,False,False
DOP-0002726,AVL-ECJ,DEV-AVLECJ-1,2025-02-01T00:00:00,2025-02-28T23:59:59,100.0,90.2,routine inspection,,ECO-SERVICE-4,closed,False,False,False
DOP-0002727,AVL-ECJ,DEV-AVLECJ-1,2025-03-01T00:00:00,2025-03-31T23:59:59,92.9,82.2,routine inspection,,ECO-SERVICE-4,closed,False,False,False
DOP-0002728,AVL-ECJ,DEV-AVLECJ-1,2025-04-01T00:00:00,2025-04-30T23:59:59,92.0,79.8,routine inspection,,ECO-SERVICE-4,closed,False,False,False
DOP-0002729,AVL-ECJ,DEV-AVLECJ-1,2025-05-01T00:00:00,2025-05-31T23:59:59,89.4,95.7,routine inspection,,ECO-SERVICE-4,closed,False,False,False
DOP-0002730,AVL-ECJ,DEV-AVLECJ-1,2025-06-01T00:00:00,2025-06-30T23:59:59,83.2,88.8,routine inspection,,ECO-SERVICE-4,closed,False,False,False
DOP-0002731,AVL-RBC,DEV-AVLRBC-2,2019-01-01T00:00:00,2019-01-31T23:59:59,91.4,79.1,routine inspection,,ECO-SERVICE-1,closed,False,False,False
DOP-0002732,AVL-RBC,DEV-AVLRBC-2,2019-02-01T00:00:00,2019-02-28T23:59:59,93.3,100.0,routine inspection,,ECO-SERVICE-1,closed,False,False,False
DOP-0002733,AVL-RBC,DEV-AVLRBC-2,2019-03-01T00:00:00,2019-03-31T23:59:59,97.8,88.0,routine inspection,,ECO-SERVICE-1,closed,False,False,False
DOP-0002734,AVL-RBC,DEV-AVLRBC-2,2019-04-01T00:00:00,2019-04-30T23:59:59,96.7,93.9,routine inspection,,ECO-SERVICE-1,closed,False,False,False
DOP-0002735,AVL-RBC,DEV-AVLRBC-2,2019-05-01T00:00:00,2019-05-31T23:59:59,92.1,83.3,routine inspection,,ECO-SERVICE-1,closed,False,False,False
DOP-0002736,AVL-RBC,DEV-AVLRBC-2,2019-06-01T00:00:00,2019-06-30T23:59:59,85.9,91.5,routine inspection,,ECO-SERVICE-1,closed,False,False,False
DOP-0002737,AVL-RBC,DEV-AVLRBC-2,2019-07-01T00:00:00,2019-07-31T23:59:59,89.6,69.9,routine inspection,,ECO-SERVICE-1,closed,False,False,False
DOP-0002738,AVL-RBC,DEV-AVLRBC-2,2019-08-01T00:00:00,2019-08-31T23:59:59,95.1,75.3,routine inspection,,ECO-SERVICE-1,closed,False,False,False
DOP-0002739,AVL-RBC,DEV-AVLRBC-2,2019-09-01T00:00:00,2019-09-30T23:59:59,92.9,63.2,routine inspection,,ECO-SERVICE-1,closed,False,False,False
DOP-0002740,AVL-RBC,DEV-AVLRBC-2,2019-10-01T00:00:00,2019-10-31T23:59:59,97.7,64.0,routine inspection,,ECO-SERVICE-1,closed,False,False,False
DOP-0002741,AVL-RBC,DEV-AVLRBC-2,2019-11-01T00:00:00,2019-11-30T23:59:59,96.5,79.1,routine inspection,,ECO-SERVICE-1,Closed,False,False,False
DOP-0002742,AVL-RBC,DEV-AVLRBC-2,2019-12-01T00:00:00,2019-12-31T23:59:59,95.9,85.2,routine inspection,,ECO-SERVICE-1,closed,False,False,False
DOP-0002743,AVL-RBC,DEV-AVLRBC-2,2020-01-01T00:00:00,2020-01-31T23:59:59,90.3,77.0,routine inspection,,ECO-SERVICE-1,closed,False,False,False
DOP-0002744,AVL-RBC,DEV-AVLRBC-2,2020-02-01T00:00:00,2020-02-29T23:59:59,99.0,86.3,routine inspection,,ECO-SERVICE-1,closed,False,False,False
DOP-0002745,AVL-RBC,DEV-AVLRBC-2,2020-03-01T00:00:00,2020-03-31T23:59:59,90.6,90.8,routine inspection,,ECO-SERVICE-1,closed,False,False,False
DOP-0002746,AVL-RBC,DEV-AVLRBC-2,2020-04-01T00:00:00,2020-04-30T23:59:59,97.9,81.9,routine inspection,,ECO-SERVICE-1,closed,False,False,False
DOP-0002747,AVL-RBC,DEV-AVLRBC-2,2020-05-01T00:00:00,2020-05-31T23:59:59,96.7,84.9,routine inspection,,ECO-SERVICE-1,closed,False,False,False
DOP-0002748,AVL-RBC,DEV-AVLRBC-2,2020-06-01T00:00:00,2020-06-30T23:59:59,91.3,87.9,routine inspection,,ECO-SERVICE-1,closed,False,False,False
DOP-0002749,AVL-RBC,DEV-AVLRBC-2,2020-07-01T00:00:00,2020-07-31T23:59:59,100.0,78.5,routine inspection,,ECO-SERVICE-1,closed,False,False,False
DOP-0002750,AVL-RBC,DEV-AVLRBC-2,2020-08-01T00:00:00,2020-08-31T23:59:59,99.4,70.1,routine inspection,,ECO-SERVICE-1,closed,False,False,False
DOP-0002751,AVL-RBC,DEV-AVLRBC-2,2020-09-01T00:00:00,2020-09-30T23:59:59,93.5,68.9,routine inspection,,ECO-SERVICE-1,closed,False,False,False
DOP-0002752,AVL-RBC,DEV-AVLRBC-2,2020-10-01T00:00:00,2020-10-31T23:59:59,89.5,81.9,routine inspection,,ECO-SERVICE-1,closed,False,False,False
DOP-0002753,AVL-RBC,DEV-AVLRBC-2,2020-11-01T00:00:00,2020-11-30T23:59:59,88.0,76.9,routine inspection,,ECO-SERVICE-1,closed,False,False,False
DOP-0002754,AVL-RBC,DEV-AVLRBC-2,2020-12-01T00:00:00,2020-12-31T23:59:59,95.8,78.3,routine inspection,,ECO-SERVICE-1,closed,False,False,False
DOP-0002755,AVL-RBC,DEV-AVLRBC-2,2021-01-01T00:00:00,2021-01-31T23:59:59,90.4,85.1,routine inspection,,ECO-SERVICE-1,closed,False,False,False
DOP-0002756,AVL-RBC,DEV-AVLRBC-2,2021-02-01T00:00:00,2021-02-28T23:59:59,96.6,79.6,routine inspection,,ECO-SERVICE-1,Closed,False,False,False
DOP-0002757,AVL-RBC,DEV-AVLRBC-2,2021-03-01T00:00:00,2021-03-31T23:59:59,86.5,78.6,routine inspection,,ECO-SERVICE-1,closed,False,False,False
DOP-0002758,AVL-RBC,DEV-AVLRBC-2,2021-04-01T00:00:00,2021-04-30T23:59:59,92.3,76.8,routine inspection,,ECO-SERVICE-1,closed,False,False,False
DOP-0002759,AVL-RBC,DEV-AVLRBC-2,2021-05-01T00:00:00,2021-05-31T23:59:59,91.1,87.0,routine inspection,,ECO-SERVICE-1,closed,False,False,False
DOP-0002760,AVL-RBC,DEV-AVLRBC-2,2021-06-01T00:00:00,2021-06-30T23:59:59,90.2,69.8,routine inspection,,ECO-SERVICE-1,closed,False,False,False
DOP-0002761,AVL-RBC,DEV-AVLRBC-2,2021-07-01T00:00:00,2021-07-31T23:59:59,100.0,72.7,routine inspection,,,closed,False,False,False
DOP-0002762,AVL-RBC,DEV-AVLRBC-2,2021-08-01T00:00:00,2021-08-31T23:59:59,94.9,87.6,routine inspection,,ECO-SERVICE-1,closed,False,False,False
DOP-0002763,AVL-RBC,DEV-AVLRBC-2,2021-09-01T00:00:00,2021-09-30T23:59:59,97.4,86.5,routine inspection,,ECO-SERVICE-1,closed,False,False,False
DOP-0002764,AVL-RBC,DEV-AVLRBC-2,2021-10-01T00:00:00,2021-10-31T23:59:59,90.3,80.2,routine inspection,,ECO-SERVICE-1,closed,False,False,False
DOP-0002765,AVL-RBC,DEV-AVLRBC-2,2021-11-01T00:00:00,2021-11-30T23:59:59,94.2,70.3,routine inspection,,ECO-SERVICE-1,closed,False,False,False
DOP-0002766,AVL-RBC,DEV-AVLRBC-2,2021-12-01T00:00:00,2021-12-31T23:59:59,88.5,74.8,routine inspection,,ECO-SERVICE-1,closed,False,False,False
DOP-0002767,AVL-RBC,DEV-AVLRBC-2,2022-01-01T00:00:00,2022-01-31T23:59:59,96.3,83.1,routine inspection,,ECO-SERVICE-1,closed,False,False,False
DOP-0002768,AVL-RBC,DEV-AVLRBC-2,2022-02-01T00:00:00,2022-02-28T23:59:59,93.5,87.1,routine inspection,,ECO-SERVICE-1,closed,False,False,False
DOP-0002769,AVL-RBC,DEV-AVLRBC-2,2022-03-01T00:00:00,2022-03-31T23:59:59,94.1,86.0,routine inspection,,ECO-SERVICE-1,closed,False,False,False
DOP-0002770,AVL-RBC,DEV-AVLRBC-2,2022-04-01T00:00:00,2022-04-30T23:59:59,93.7,85.0,routine inspection,,ECO-SERVICE-1,closed,False,False,False
DOP-0002771,AVL-RBC,DEV-AVLRBC-2,2022-05-01T00:00:00,2022-05-31T23:59:59,93.2,83.4,routine inspection,,ECO-SERVICE-1,closed,False,False,False
DOP-0002772,AVL-RBC,DEV-AVLRBC-2,2022-06-01T00:00:00,2022-06-30T23:59:59,95.2,75.3,routine inspection,,ECO-SERVICE-1,closed,False,False,False
DOP-0002773,AVL-RBC,DEV-AVLRBC-2,2022-07-01T00:00:00,2022-07-31T23:59:59,87.1,77.2,routine inspection,,ECO-SERVICE-1,closed,False,False,False
DOP-0002774,AVL-RBC,DEV-AVLRBC-2,2022-08-01T00:00:00,2022-08-31T23:59:59,91.9,62.6,routine inspection,,ECO-SERVICE-1,closed,False,False,False
DOP-0002775,AVL-RBC,DEV-AVLRBC-2,2022-09-01T00:00:00,2022-09-30T23:59:59,94.6,60.2,routine inspection,,ECO-SERVICE-1,closed,False,False,False
DOP-0002776,AVL-RBC,DEV-AVLRBC-2,2022-10-01T00:00:00,2022-10-31T23:59:59,88.3,76.7,routine inspection,,ECO-SERVICE-1,closed,False,False,False
DOP-0002777,AVL-RBC,DEV-AVLRBC-2,2022-11-01T00:00:00,2022-11-30T23:59:59,95.0,66.0,routine inspection,,ECO-SERVICE-1,closed,False,False,False
DOP-0002778,AVL-RBC,DEV-AVLRBC-2,2022-12-01T00:00:00,2022-12-31T23:59:59,96.2,79.2,routine inspection,,ECO-SERVICE-1,closed,False,False,False
DOP-0002779,AVL-RBC,DEV-AVLRBC-2,2023-01-01T00:00:00,2023-01-31T23:59:59,85.7,77.1,routine inspection,,ECO-SERVICE-1,closed,False,False,False
DOP-0002780,AVL-RBC,DEV-AVLRBC-2,2023-02-01T00:00:00,2023-02-28T23:59:59,91.7,77.8,routine inspection,,ECO-SERVICE-1,closed,False,False,False
DOP-0002781,AVL-RBC,DEV-AVLRBC-2,2023-03-01T00:00:00,2023-03-31T23:59:59,100.0,76.6,routine inspection,,ECO-SERVICE-1,closed,False,False,False
DOP-0002782,AVL-RBC,DEV-AVLRBC-2,2023-04-01T00:00:00,2023-04-30T23:59:59,70.2,78.9,corrective maintenance,STORAGE_LIMIT,ECO-SERVICE-1,closed,False,False,True
DOP-0002783,AVL-RBC,DEV-AVLRBC-2,2023-05-01T00:00:00,2023-05-31T23:59:59,95.2,79.3,routine inspection,,ECO-SERVICE-1,closed,False,False,False
DOP-0002784,AVL-RBC,DEV-AVLRBC-2,2023-06-01T00:00:00,2023-06-30T23:59:59,98.1,80.8,routine inspection,,ECO-SERVICE-1,closed,False,False,False
DOP-0002785,AVL-RBC,DEV-AVLRBC-2,2023-07-01T00:00:00,2023-07-31T23:59:59,84.7,79.4,routine inspection,,ECO-SERVICE-1,closed,False,False,False
DOP-0002786,AVL-RBC,DEV-AVLRBC-2,2023-08-01T00:00:00,2023-08-31T23:59:59,100.0,72.4,routine inspection,,ECO-SERVICE-1,closed,False,False,False
DOP-0002787,AVL-RBC,DEV-AVLRBC-2,2023-09-01T00:00:00,2023-09-30T23:59:59,80.1,79.6,routine inspection,,ECO-SERVICE-1,closed,False,False,False
DOP-0002788,AVL-RBC,DEV-AVLRBC-2,2023-10-01T00:00:00,2023-10-31T23:59:59,100.0,72.2,routine inspection,,ECO-SERVICE-1,closed,False,False,False
DOP-0002789,AVL-RBC,DEV-AVLRBC-2,2023-11-01T00:00:00,2023-11-30T23:59:59,94.9,84.3,routine inspection,,ECO-SERVICE-1,closed,False,False,False
DOP-0002790,AVL-RBC,DEV-AVLRBC-2,2023-12-01T00:00:00,2023-12-31T23:59:59,95.0,92.4,routine inspection,,ECO-SERVICE-1,closed,False,False,False
DOP-0002791,AVL-RBC,DEV-AVLRBC-2,2024-01-01T00:00:00,2024-01-31T23:59:59,100.0,80.0,routine inspection,,ECO-SERVICE-1,closed,False,False,False
DOP-0002792,AVL-RBC,DEV-AVLRBC-2,2024-02-01T00:00:00,2024-02-29T23:59:59,91.9,91.7,routine inspection,,ECO-SERVICE-1,closed,False,False,False
DOP-0002793,AVL-RBC,DEV-AVLRBC-2,2024-03-01T00:00:00,2024-03-31T23:59:59,91.4,87.8,routine inspection,,ECO-SERVICE-1,closed,False,False,False
DOP-0002794,AVL-RBC,DEV-AVLRBC-2,2024-04-01T00:00:00,2024-04-30T23:59:59,94.2,73.6,routine inspection,,ECO-SERVICE-1,closed,False,False,False
DOP-0002795,AVL-RBC,DEV-AVLRBC-2,2024-05-01T00:00:00,2024-05-31T23:59:59,91.9,76.7,routine inspection,,ECO-SERVICE-1,closed,False,False,False
DOP-0002796,AVL-RBC,DEV-AVLRBC-2,2024-06-01T00:00:00,2024-06-30T23:59:59,85.6,95.7,routine inspection,,ECO-SERVICE-1,closed,False,False,False
DOP-0002797,AVL-RBC,DEV-AVLRBC-2,2024-07-01T00:00:00,2024-07-31T23:59:59,91.0,91.8,routine inspection,,ECO-SERVICE-1,closed,False,False,False
DOP-0002798,AVL-RBC,DEV-AVLRBC-2,2024-08-01T00:00:00,2024-08-31T23:59:59,86.6,82.3,routine inspection,,ECO-SERVICE-1,closed,False,False,False
DOP-0002799,AVL-RBC,DEV-AVLRBC-2,2024-09-01T00:00:00,2024-09-30T23:59:59,89.0,71.1,routine inspection,,ECO-SERVICE-1,closed,False,False,False
DOP-0002800,AVL-RBC,DEV-AVLRBC-2,2024-10-01T00:00:00,2024-10-31T23:59:59,97.8,76.1,routine inspection,,ECO-SERVICE-1,closed,False,False,False
DOP-0002801,AVL-RBC,DEV-AVLRBC-2,2024-11-01T00:00:00,2024-11-30T23:59:59,100.0,69.7,routine inspection,,ECO-SERVICE-1,closed,False,False,False
DOP-0002802,AVL-RBC,DEV-AVLRBC-2,2024-12-01T00:00:00,2024-12-31T23:59:59,90.2,72.6,routine inspection,,ECO-SERVICE-1,closed,False,False,False
DOP-0002803,AVL-RBC,DEV-AVLRBC-2,2025-01-01T00:00:00,2025-01-31T23:59:59,93.1,85.0,routine inspection,,ECO-SERVICE-1,closed,False,False,False
DOP-0002804,AVL-RBC,DEV-AVLRBC-2,2025-02-01T00:00:00,2025-02-28T23:59:59,93.6,75.9,routine inspection,,ECO-SERVICE-1,closed,False,False,False
DOP-0002805,AVL-RBC,DEV-AVLRBC-2,2025-03-01T00:00:00,2025-03-31T23:59:59,98.5,73.3,routine inspection,,ECO-SERVICE-1,closed,False,False,False
DOP-0002806,AVL-RBC,DEV-AVLRBC-2,2025-04-01T00:00:00,2025-04-30T23:59:59,93.3,91.8,routine inspection,,ECO-SERVICE-1,closed,False,False,False
DOP-0002807,AVL-RBC,DEV-AVLRBC-2,2025-05-01T00:00:00,2025-05-31T23:59:59,99.2,81.3,routine inspection,,ECO-SERVICE-1,closed,False,False,False
DOP-0002808,AVL-RBC,DEV-AVLRBC-2,2025-06-01T00:00:00,2025-06-30T23:59:59,91.4,81.8,routine inspection,,ECO-SERVICE-1,closed,False,False,False
DOP-0002809,AVL-KAR,DEV-AVLKAR-3,2019-01-01T00:00:00,2019-01-31T23:59:59,97.3,87.9,routine inspection,,ECO-SERVICE-2,closed,False,False,False
DOP-0002810,AVL-KAR,DEV-AVLKAR-3,2019-02-01T00:00:00,2019-02-28T23:59:59,80.4,82.0,corrective maintenance,POWER_INTERRUPTION,ECO-SERVICE-2,closed,False,True,False
DOP-0002811,AVL-KAR,DEV-AVLKAR-3,2019-03-01T00:00:00,2019-03-31T23:59:59,92.9,86.1,routine inspection,,ECO-SERVICE-2,closed,False,False,False
DOP-0002812,AVL-KAR,DEV-AVLKAR-3,2019-04-01T00:00:00,2019-04-30T23:59:59,92.8,76.9,routine inspection,,ECO-SERVICE-2,closed,False,False,False
DOP-0002813,AVL-KAR,DEV-AVLKAR-3,2019-05-01T00:00:00,2019-05-31T23:59:59,86.9,78.6,routine inspection,,ECO-SERVICE-2,closed,False,False,False
DOP-0002814,AVL-KAR,DEV-AVLKAR-3,2019-06-01T00:00:00,2019-06-30T23:59:59,67.4,62.2,corrective maintenance,MICROPHONE_DRIFT,ECO-SERVICE-2,closed,True,False,False
DOP-0002815,AVL-KAR,DEV-AVLKAR-3,2019-07-01T00:00:00,2019-07-31T23:59:59,87.9,72.8,routine inspection,,ECO-SERVICE-2,closed,False,False,False
DOP-0002816,AVL-KAR,DEV-AVLKAR-3,2019-08-01T00:00:00,2019-08-31T23:59:59,87.1,76.7,routine inspection,,ECO-SERVICE-2,closed,False,False,False
DOP-0002817,AVL-KAR,DEV-AVLKAR-3,2019-09-01T00:00:00,2019-09-30T23:59:59,88.0,74.1,routine inspection,,ECO-SERVICE-2,closed,False,False,False
DOP-0002818,AVL-KAR,DEV-AVLKAR-3,2019-10-01T00:00:00,2019-10-31T23:59:59,95.8,72.7,routine inspection,,ECO-SERVICE-2,closed,False,False,False
DOP-0002819,AVL-KAR,DEV-AVLKAR-3,2019-11-01T00:00:00,2019-11-30T23:59:59,94.1,83.2,routine inspection,,ECO-SERVICE-2,closed,False,False,False
DOP-0002820,AVL-KAR,DEV-AVLKAR-3,2019-12-01T00:00:00,2019-12-31T23:59:59,94.4,68.3,routine inspection,,ECO-SERVICE-2,closed,False,False,False
DOP-0002821,AVL-KAR,DEV-AVLKAR-3,2020-01-01T00:00:00,2020-01-31T23:59:59,93.6,77.0,routine inspection,,ECO-SERVICE-2,closed,False,False,False
DOP-0002822,AVL-KAR,DEV-AVLKAR-3,2020-02-01T00:00:00,2020-02-29T23:59:59,96.0,75.8,routine inspection,,ECO-SERVICE-2,closed,False,False,False
DOP-0002823,AVL-KAR,DEV-AVLKAR-3,2020-03-01T00:00:00,2020-03-31T23:59:59,91.8,87.9,routine inspection,,ECO-SERVICE-2,closed,False,False,False
DOP-0002824,AVL-KAR,DEV-AVLKAR-3,2020-04-01T00:00:00,2020-04-30T23:59:59,100.0,84.8,routine inspection,,ECO-SERVICE-2,closed,False,False,False
DOP-0002825,AVL-KAR,DEV-AVLKAR-3,2020-05-01T00:00:00,2020-05-31T23:59:59,90.1,75.1,routine inspection,,ECO-SERVICE-2,closed,False,False,False
DOP-0002826,AVL-KAR,DEV-AVLKAR-3,2020-06-01T00:00:00,2020-06-30T23:59:59,91.4,89.2,routine inspection,,ECO-SERVICE-2,closed,False,False,False
DOP-0002827,AVL-KAR,DEV-AVLKAR-3,2020-07-01T00:00:00,2020-07-31T23:59:59,100.0,70.4,routine inspection,,ECO-SERVICE-2,closed,False,False,False
DOP-0002828,AVL-KAR,DEV-AVLKAR-3,2020-08-01T00:00:00,2020-08-31T23:59:59,100.0,63.2,routine inspection,,ECO-SERVICE-2,CLOSED,False,False,False
DOP-0002829,AVL-KAR,DEV-AVLKAR-3,2020-09-01T00:00:00,2020-09-30T23:59:59,94.8,71.3,routine inspection,,ECO-SERVICE-2,closed,False,False,False
DOP-0002830,AVL-KAR,DEV-AVLKAR-3,2020-10-01T00:00:00,2020-10-31T23:59:59,89.1,71.5,routine inspection,,ECO-SERVICE-2,closed,False,False,False
DOP-0002831,AVL-KAR,DEV-AVLKAR-3,2020-11-01T00:00:00,2020-11-30T23:59:59,90.9,84.0,routine inspection,,ECO-SERVICE-2,closed,False,False,False
DOP-0002832,AVL-KAR,DEV-AVLKAR-3,2020-12-01T00:00:00,2020-12-31T23:59:59,90.7,84.4,routine inspection,,ECO-SERVICE-2,closed,False,False,False
DOP-0002833,AVL-KAR,DEV-AVLKAR-3,2021-01-01T00:00:00,2021-01-31T23:59:59,96.8,90.2,routine inspection,,ECO-SERVICE-2,closed,False,False,False
DOP-0002834,AVL-KAR,DEV-AVLKAR-3,2021-02-01T00:00:00,2021-02-28T23:59:59,100.0,78.7,routine inspection,,ECO-SERVICE-2,closed,False,False,False
DOP-0002835,AVL-KAR,DEV-AVLKAR-3,2021-03-01T00:00:00,2021-03-31T23:59:59,88.9,73.0,routine inspection,,ECO-SERVICE-2,closed,False,False,False
DOP-0002836,AVL-KAR,DEV-AVLKAR-3,2021-04-01T00:00:00,2021-04-30T23:59:59,98.4,79.0,routine inspection,,ECO-SERVICE-2,closed,False,False,False
DOP-0002837,AVL-KAR,DEV-AVLKAR-3,2021-05-01T00:00:00,2021-05-31T23:59:59,92.6,82.4,routine inspection,,ECO-SERVICE-2,closed,False,False,False
DOP-0002838,AVL-KAR,DEV-AVLKAR-3,2021-06-01T00:00:00,2021-06-30T23:59:59,100.0,95.2,routine inspection,,ECO-SERVICE-2,closed,False,False,False
DOP-0002839,AVL-KAR,DEV-AVLKAR-3,2021-07-01T00:00:00,2021-07-31T23:59:59,92.3,79.4,routine inspection,,ECO-SERVICE-2,closed,False,False,False
DOP-0002840,AVL-KAR,DEV-AVLKAR-3,2021-08-01T00:00:00,2021-08-31T23:59:59,89.0,71.6,routine inspection,,ECO-SERVICE-2,closed,False,False,False
DOP-0002841,AVL-KAR,DEV-AVLKAR-3,2021-09-01T00:00:00,2021-09-30T23:59:59,90.8,74.6,routine inspection,,ECO-SERVICE-2,closed,False,False,False
DOP-0002842,AVL-KAR,DEV-AVLKAR-3,2021-10-01T00:00:00,2021-10-31T23:59:59,95.0,75.3,routine inspection,,ECO-SERVICE-2,closed,False,False,False
DOP-0002843,AVL-KAR,DEV-AVLKAR-3,2021-11-01T00:00:00,2021-11-30T23:59:59,93.8,82.9,routine inspection,,ECO-SERVICE-2,closed,False,False,False
DOP-0002844,AVL-KAR,DEV-AVLKAR-3,2021-12-01T00:00:00,2021-12-31T23:59:59,96.8,65.3,routine inspection,,ECO-SERVICE-2,closed,False,False,False
DOP-0002845,AVL-KAR,DEV-AVLKAR-3,2022-01-01T00:00:00,2022-01-31T23:59:59,90.9,75.4,routine inspection,,ECO-SERVICE-2,closed,False,False,False
DOP-0002846,AVL-KAR,DEV-AVLKAR-3,2022-02-01T00:00:00,2022-02-28T23:59:59,95.4,88.6,routine inspection,,ECO-SERVICE-2,closed,False,False,False
DOP-0002847,AVL-KAR,DEV-AVLKAR-3,2022-03-01T00:00:00,2022-03-31T23:59:59,99.3,85.0,routine inspection,,ECO-SERVICE-2,closed,False,False,False
DOP-0002848,AVL-KAR,DEV-AVLKAR-3,2022-04-01T00:00:00,2022-04-30T23:59:59,87.3,93.9,routine inspection,,ECO-SERVICE-2,closed,False,False,False
DOP-0002849,AVL-KAR,DEV-AVLKAR-3,2022-05-01T00:00:00,2022-05-31T23:59:59,98.1,82.7,routine inspection,,ECO-SERVICE-2,closed,False,False,False
DOP-0002850,AVL-KAR,DEV-AVLKAR-3,2022-06-01T00:00:00,2022-06-30T23:59:59,95.9,81.4,routine inspection,,ECO-SERVICE-2,closed,False,False,False
DOP-0002851,AVL-KAR,DEV-AVLKAR-3,2022-07-01T00:00:00,2022-07-31T23:59:59,97.4,90.6,routine inspection,,ECO-SERVICE-2,closed,False,False,False
DOP-0002852,AVL-KAR,DEV-AVLKAR-3,2022-08-01T00:00:00,2022-08-31T23:59:59,100.0,67.3,routine inspection,,ECO-SERVICE-2,closed,False,False,False
DOP-0002853,AVL-KAR,DEV-AVLKAR-3,2022-09-01T00:00:00,2022-09-30T23:59:59,94.1,83.0,routine inspection,,ECO-SERVICE-2,closed,False,False,False
DOP-0002854,AVL-KAR,DEV-AVLKAR-3,2022-10-01T00:00:00,2022-10-31T23:59:59,95.2,79.5,routine inspection,,ECO-SERVICE-2,closed,False,False,False
DOP-0002855,AVL-KAR,DEV-AVLKAR-3,2022-11-01T00:00:00,2022-11-30T23:59:59,100.0,78.9,routine inspection,,ECO-SERVICE-2,closed,False,False,False
DOP-0002856,AVL-KAR,DEV-AVLKAR-3,2022-12-01T00:00:00,2022-12-31T23:59:59,93.9,97.0,routine inspection,,ECO-SERVICE-2,closed,False,False,False
DOP-0002857,AVL-KAR,DEV-AVLKAR-3,2023-01-01T00:00:00,2023-01-31T23:59:59,100.0,75.4,routine inspection,,ECO-SERVICE-2,closed,False,False,False
DOP-0002858,AVL-KAR,DEV-AVLKAR-3,2023-02-01T00:00:00,2023-02-28T23:59:59,79.7,81.3,routine inspection,,ECO-SERVICE-2,closed,False,False,False
DOP-0002859,AVL-KAR,DEV-AVLKAR-3,2023-03-01T00:00:00,2023-03-31T23:59:59,89.4,85.7,routine inspection,,ECO-SERVICE-2,closed,False,False,False
DOP-0002860,AVL-KAR,DEV-AVLKAR-3,2023-04-01T00:00:00,2023-04-30T23:59:59,90.1,84.5,routine inspection,,ECO-SERVICE-2,closed,False,False,False
DOP-0002861,AVL-KAR,DEV-AVLKAR-3,2023-05-01T00:00:00,2023-05-31T23:59:59,93.1,71.8,routine inspection,,ECO-SERVICE-2,closed,False,False,False
DOP-0002862,AVL-KAR,DEV-AVLKAR-3,2023-06-01T00:00:00,2023-06-30T23:59:59,98.1,87.3,routine inspection,,ECO-SERVICE-2,closed,False,False,False
DOP-0002863,AVL-KAR,DEV-AVLKAR-3,2023-07-01T00:00:00,2023-07-31T23:59:59,100.0,80.3,routine inspection,,ECO-SERVICE-2,closed,False,False,False
DOP-0002864,AVL-KAR,DEV-AVLKAR-3,2023-08-01T00:00:00,2023-08-31T23:59:59,92.1,70.8,routine inspection,,ECO-SERVICE-2,closed,False,False,False
DOP-0002865,AVL-KAR,DEV-AVLKAR-3,2023-09-01T00:00:00,2023-09-30T23:59:59,100.0,70.5,routine inspection,,ECO-SERVICE-2,closed,False,False,False
DOP-0002866,AVL-KAR,DEV-AVLKAR-3,2023-10-01T00:00:00,2023-10-31T23:59:59,90.3,80.7,routine inspection,,ECO-SERVICE-2,closed,False,False,False
DOP-0002867,AVL-KAR,DEV-AVLKAR-3,2023-11-01T00:00:00,2023-11-30T23:59:59,93.0,84.8,routine inspection,,ECO-SERVICE-2,closed,False,False,False
DOP-0002868,AVL-KAR,DEV-AVLKAR-3,2023-12-01T00:00:00,2023-12-31T23:59:59,94.4,74.6,routine inspection,,ECO-SERVICE-2,closed,False,False,False
DOP-0002869,AVL-KAR,DEV-AVLKAR-3,2024-01-01T00:00:00,2024-01-31T23:59:59,100.0,78.1,routine inspection,,ECO-SERVICE-2,closed,False,False,False
DOP-0002870,AVL-KAR,DEV-AVLKAR-3,2024-02-01T00:00:00,2024-02-29T23:59:59,95.5,87.6,routine inspection,,ECO-SERVICE-2,closed,False,False,False
DOP-0002871,AVL-KAR,DEV-AVLKAR-3,2024-03-01T00:00:00,2024-03-31T23:59:59,90.5,76.4,routine inspection,,ECO-SERVICE-2,closed,False,False,False
DOP-0002872,AVL-KAR,DEV-AVLKAR-3,2024-04-01T00:00:00,2024-04-30T23:59:59,92.1,94.1,routine inspection,,ECO-SERVICE-2,closed,False,False,False
DOP-0002873,AVL-KAR,DEV-AVLKAR-3,2024-05-01T00:00:00,2024-05-31T23:59:59,95.0,92.1,routine inspection,,ECO-SERVICE-2,closed,False,False,False
DOP-0002874,AVL-KAR,DEV-AVLKAR-3,2024-06-01T00:00:00,2024-06-30T23:59:59,100.0,81.1,routine inspection,,ECO-SERVICE-2,closed,False,False,False
DOP-0002875,AVL-KAR,DEV-AVLKAR-3,2024-07-01T00:00:00,2024-07-31T23:59:59,92.0,69.0,routine inspection,,ECO-SERVICE-2,closed,False,False,False
DOP-0002876,AVL-KAR,DEV-AVLKAR-3,2024-08-01T00:00:00,2024-08-31T23:59:59,92.7,84.0,routine inspection,,ECO-SERVICE-2,closed,False,False,False
DOP-0002877,AVL-KAR,DEV-AVLKAR-3,2024-09-01T00:00:00,2024-09-30T23:59:59,92.8,77.4,routine inspection,,ECO-SERVICE-2,closed,False,False,False
DOP-0002878,AVL-KAR,DEV-AVLKAR-3,2024-10-01T00:00:00,2024-10-31T23:59:59,99.3,84.5,routine inspection,,ECO-SERVICE-2,closed,False,False,False
DOP-0002879,AVL-KAR,DEV-AVLKAR-3,2024-11-01T00:00:00,2024-11-30T23:59:59,95.0,85.4,routine inspection,,ECO-SERVICE-2,closed,False,False,False
DOP-0002880,AVL-KAR,DEV-AVLKAR-3,2024-12-01T00:00:00,2024-12-31T23:59:59,85.5,77.8,routine inspection,,ECO-SERVICE-2,closed,False,False,False
DOP-0002881,AVL-KAR,DEV-AVLKAR-3,2025-01-01T00:00:00,2025-01-31T23:59:59,93.8,82.8,routine inspection,,ECO-SERVICE-2,closed,False,False,False
DOP-0002882,AVL-KAR,DEV-AVLKAR-3,2025-02-01T00:00:00,2025-02-28T23:59:59,100.0,76.9,routine inspection,,ECO-SERVICE-2,closed,False,False,False
DOP-0002883,AVL-KAR,DEV-AVLKAR-3,2025-03-01T00:00:00,2025-03-31T23:59:59,84.4,74.6,routine inspection,,ECO-SERVICE-2,closed,False,False,False
DOP-0002884,AVL-KAR,DEV-AVLKAR-3,2025-04-01T00:00:00,2025-04-30T23:59:59,94.6,76.0,routine inspection,,ECO-SERVICE-2,closed,False,False,False
DOP-0002885,AVL-KAR,DEV-AVLKAR-3,2025-05-01T00:00:00,2025-05-31T23:59:59,92.7,74.0,routine inspection,,ECO-SERVICE-2,closed,False,False,False
DOP-0002886,AVL-KAR,DEV-AVLKAR-3,2025-06-01T00:00:00,2025-06-30T23:59:59,100.0,87.0,routine inspection,,ECO-SERVICE-2,closed,False,False,False
DOP-0002887,AVL-YAU,DEV-AVLYAU-1,2019-01-01T00:00:00,2019-01-31T23:59:59,71.4,82.0,corrective maintenance,MICROPHONE_DRIFT,ECO-SERVICE-3,closed,True,False,False
DOP-0002888,AVL-YAU,DEV-AVLYAU-1,2019-02-01T00:00:00,2019-02-28T23:59:59,96.9,76.4,routine inspection,,ECO-SERVICE-3,closed,False,False,False
DOP-0002889,AVL-YAU,DEV-AVLYAU-1,2019-03-01T00:00:00,2019-03-31T23:59:59,94.3,82.2,routine inspection,,ECO-SERVICE-3,closed,False,False,False
DOP-0002890,AVL-YAU,DEV-AVLYAU-1,2019-04-01T00:00:00,2019-04-30T23:59:59,88.9,77.6,routine inspection,,ECO-SERVICE-3,closed,False,False,False
DOP-0002891,AVL-YAU,DEV-AVLYAU-1,2019-05-01T00:00:00,2019-05-31T23:59:59,91.9,83.4,routine inspection,,ECO-SERVICE-3,closed,False,False,False
DOP-0002892,AVL-YAU,DEV-AVLYAU-1,2019-06-01T00:00:00,2019-06-30T23:59:59,97.1,81.0,routine inspection,,ECO-SERVICE-3,closed,False,False,False
DOP-0002893,AVL-YAU,DEV-AVLYAU-1,2019-07-01T00:00:00,2019-07-31T23:59:59,99.9,82.5,routine inspection,,ECO-SERVICE-3,closed,False,False,False
DOP-0002894,AVL-YAU,DEV-AVLYAU-1,2019-08-01T00:00:00,2019-08-31T23:59:59,94.0,72.5,routine inspection,,ECO-SERVICE-3,closed,False,False,False
DOP-0002895,AVL-YAU,DEV-AVLYAU-1,2019-09-01T00:00:00,2019-09-30T23:59:59,100.0,80.7,routine inspection,,ECO-SERVICE-3,closed,False,False,False
DOP-0002896,AVL-YAU,DEV-AVLYAU-1,2019-10-01T00:00:00,2019-10-31T23:59:59,97.1,68.6,routine inspection,,ECO-SERVICE-3,closed,False,False,False
DOP-0002897,AVL-YAU,DEV-AVLYAU-1,2019-11-01T00:00:00,2019-11-30T23:59:59,92.1,76.0,routine inspection,,ECO-SERVICE-3,closed,False,False,False
DOP-0002898,AVL-YAU,DEV-AVLYAU-1,2019-12-01T00:00:00,2019-12-31T23:59:59,100.0,82.2,routine inspection,,ECO-SERVICE-3,closed,False,False,False
DOP-0002899,AVL-YAU,DEV-AVLYAU-1,2020-01-01T00:00:00,2020-01-31T23:59:59,91.5,71.9,routine inspection,,ECO-SERVICE-3,closed,False,False,False
DOP-0002900,AVL-YAU,DEV-AVLYAU-1,2020-02-01T00:00:00,2020-02-29T23:59:59,97.2,93.3,routine inspection,,ECO-SERVICE-3,closed,False,False,False
DOP-0002901,AVL-YAU,DEV-AVLYAU-1,2020-03-01T00:00:00,2020-03-31T23:59:59,85.8,82.8,routine inspection,,ECO-SERVICE-3,closed,False,False,False
DOP-0002902,AVL-YAU,DEV-AVLYAU-1,2020-04-01T00:00:00,2020-04-30T23:59:59,94.0,76.8,routine inspection,,ECO-SERVICE-3,closed,False,False,False
DOP-0002903,AVL-YAU,DEV-AVLYAU-1,2020-05-01T00:00:00,2020-05-31T23:59:59,90.7,73.8,routine inspection,,ECO-SERVICE-3,closed,False,False,False
DOP-0002904,AVL-YAU,DEV-AVLYAU-1,2020-06-01T00:00:00,2020-06-30T23:59:59,87.7,83.0,routine inspection,,ECO-SERVICE-3,closed,False,False,False
DOP-0002905,AVL-YAU,DEV-AVLYAU-1,2020-07-01T00:00:00,2020-07-31T23:59:59,91.2,81.8,routine inspection,,ECO-SERVICE-3,closed,False,False,False
DOP-0002906,AVL-YAU,DEV-AVLYAU-1,2020-08-01T00:00:00,2020-08-31T23:59:59,91.6,74.7,routine inspection,,ECO-SERVICE-3,closed,False,False,False
DOP-0002907,AVL-YAU,DEV-AVLYAU-1,2020-09-01T00:00:00,2020-09-30T23:59:59,94.8,74.3,routine inspection,,ECO-SERVICE-3,closed,False,False,False
DOP-0002908,AVL-YAU,DEV-AVLYAU-1,2020-10-01T00:00:00,2020-10-31T23:59:59,62.4,58.4,corrective maintenance,MICROPHONE_DRIFT,ECO-SERVICE-3,closed,True,False,False
DOP-0002909,AVL-YAU,DEV-AVLYAU-1,2020-11-01T00:00:00,2020-11-30T23:59:59,94.8,87.3,routine inspection,,ECO-SERVICE-3,closed,False,False,False
DOP-0002910,AVL-YAU,DEV-AVLYAU-1,2020-12-01T00:00:00,2020-12-31T23:59:59,91.6,77.5,routine inspection,,ECO-SERVICE-3,closed,False,False,False
DOP-0002911,AVL-YAU,DEV-AVLYAU-1,2021-01-01T00:00:00,2021-01-31T23:59:59,85.3,83.5,routine inspection,,ECO-SERVICE-3,closed,False,False,False
DOP-0002912,AVL-YAU,DEV-AVLYAU-1,2021-02-01T00:00:00,2021-02-28T23:59:59,99.5,89.1,routine inspection,,ECO-SERVICE-3,closed,False,False,False
DOP-0002913,AVL-YAU,DEV-AVLYAU-1,2021-03-01T00:00:00,2021-03-31T23:59:59,94.6,76.8,routine inspection,,ECO-SERVICE-3,closed,False,False,False
DOP-0002914,AVL-YAU,DEV-AVLYAU-1,2021-04-01T00:00:00,2021-04-30T23:59:59,84.7,87.5,routine inspection,,ECO-SERVICE-3,closed,False,False,False
DOP-0002915,AVL-YAU,DEV-AVLYAU-1,2021-05-01T00:00:00,2021-05-31T23:59:59,90.9,75.7,routine inspection,,ECO-SERVICE-3,closed,False,False,False
DOP-0002916,AVL-YAU,DEV-AVLYAU-1,2021-06-01T00:00:00,2021-06-30T23:59:59,92.9,79.3,routine inspection,,ECO-SERVICE-3,closed,False,False,False
DOP-0002917,AVL-YAU,DEV-AVLYAU-1,2021-07-01T00:00:00,2021-07-31T23:59:59,98.5,79.9,routine inspection,,ECO-SERVICE-3,closed,False,False,False
DOP-0002918,AVL-YAU,DEV-AVLYAU-1,2021-08-01T00:00:00,2021-08-31T23:59:59,84.8,87.8,routine inspection,,ECO-SERVICE-3,closed,False,False,False
DOP-0002919,AVL-YAU,DEV-AVLYAU-1,2021-09-01T00:00:00,2021-09-30T23:59:59,93.2,72.0,routine inspection,,ECO-SERVICE-3,closed,False,False,False
DOP-0002920,AVL-YAU,DEV-AVLYAU-1,2021-10-01T00:00:00,2021-10-31T23:59:59,95.6,76.5,routine inspection,,ECO-SERVICE-3,closed,False,False,False
DOP-0002921,AVL-YAU,DEV-AVLYAU-1,2021-11-01T00:00:00,2021-11-30T23:59:59,99.5,78.9,routine inspection,,ECO-SERVICE-3,closed,False,False,False
DOP-0002922,AVL-YAU,DEV-AVLYAU-1,2021-12-01T00:00:00,2021-12-31T23:59:59,98.1,76.8,routine inspection,,ECO-SERVICE-3,closed,False,False,False
DOP-0002923,AVL-YAU,DEV-AVLYAU-1,2022-01-01T00:00:00,2022-01-31T23:59:59,96.6,71.2,routine inspection,,ECO-SERVICE-3,closed,False,False,False
DOP-0002924,AVL-YAU,DEV-AVLYAU-1,2022-02-01T00:00:00,2022-02-28T23:59:59,74.5,57.4,corrective maintenance,STORAGE_LIMIT,ECO-SERVICE-3,closed,False,False,True
DOP-0002925,AVL-YAU,DEV-AVLYAU-1,2022-03-01T00:00:00,2022-03-31T23:59:59,91.2,85.1,routine inspection,,ECO-SERVICE-3,closed,False,False,False
DOP-0002926,AVL-YAU,DEV-AVLYAU-1,2022-04-01T00:00:00,2022-04-30T23:59:59,91.4,85.5,routine inspection,,ECO-SERVICE-3,closed,False,False,False
DOP-0002927,AVL-YAU,DEV-AVLYAU-1,2022-05-01T00:00:00,2022-05-31T23:59:59,92.4,72.3,routine inspection,,ECO-SERVICE-3,closed,False,False,False
DOP-0002928,AVL-YAU,DEV-AVLYAU-1,2022-06-01T00:00:00,2022-06-30T23:59:59,94.9,66.7,routine inspection,,ECO-SERVICE-3,closed,False,False,False
DOP-0002929,AVL-YAU,DEV-AVLYAU-1,2022-07-01T00:00:00,2022-07-31T23:59:59,100.0,80.3,routine inspection,,ECO-SERVICE-3,closed,False,False,False
DOP-0002930,AVL-YAU,DEV-AVLYAU-1,2022-08-01T00:00:00,2022-08-31T23:59:59,97.3,72.5,routine inspection,,ECO-SERVICE-3,closed,False,False,False
DOP-0002931,AVL-YAU,DEV-AVLYAU-1,2022-09-01T00:00:00,2022-09-30T23:59:59,87.4,74.3,routine inspection,,ECO-SERVICE-3,closed,False,False,False
DOP-0002932,AVL-YAU,DEV-AVLYAU-1,2022-10-01T00:00:00,2022-10-31T23:59:59,84.8,71.3,routine inspection,,ECO-SERVICE-3,closed,False,False,False
DOP-0002933,AVL-YAU,DEV-AVLYAU-1,2022-11-01T00:00:00,2022-11-30T23:59:59,95.8,82.3,routine inspection,,ECO-SERVICE-3,closed,False,False,False
DOP-0002934,AVL-YAU,DEV-AVLYAU-1,2022-12-01T00:00:00,2022-12-31T23:59:59,95.4,79.3,routine inspection,,ECO-SERVICE-3,closed,False,False,False
DOP-0002935,AVL-YAU,DEV-AVLYAU-1,2023-01-01T00:00:00,2023-01-31T23:59:59,100.0,76.6,routine inspection,,ECO-SERVICE-3,closed,False,False,False
DOP-0002936,AVL-YAU,DEV-AVLYAU-1,2023-02-01T00:00:00,2023-02-28T23:59:59,93.8,83.3,routine inspection,,ECO-SERVICE-3,closed,False,False,False
DOP-0002937,AVL-YAU,DEV-AVLYAU-1,2023-03-01T00:00:00,2023-03-31T23:59:59,96.1,69.2,routine inspection,,ECO-SERVICE-3,closed,False,False,False
DOP-0002938,AVL-YAU,DEV-AVLYAU-1,2023-04-01T00:00:00,2023-04-30T23:59:59,93.3,85.7,routine inspection,,ECO-SERVICE-3,closed,False,False,False
DOP-0002939,AVL-YAU,DEV-AVLYAU-1,2023-05-01T00:00:00,2023-05-31T23:59:59,94.2,89.2,routine inspection,,ECO-SERVICE-3,closed,False,False,False
DOP-0002940,AVL-YAU,DEV-AVLYAU-1,2023-06-01T00:00:00,2023-06-30T23:59:59,86.0,71.2,routine inspection,,ECO-SERVICE-3,closed,False,False,False
DOP-0002941,AVL-YAU,DEV-AVLYAU-1,2023-07-01T00:00:00,2023-07-31T23:59:59,96.1,67.4,routine inspection,,ECO-SERVICE-3,closed,False,False,False
DOP-0002942,AVL-YAU,DEV-AVLYAU-1,2023-08-01T00:00:00,2023-08-31T23:59:59,97.3,74.0,routine inspection,,ECO-SERVICE-3,closed,False,False,False
DOP-0002943,AVL-YAU,DEV-AVLYAU-1,2023-09-01T00:00:00,2023-09-30T23:59:59,91.6,72.0,routine inspection,,ECO-SERVICE-3,closed,False,False,False
DOP-0002944,AVL-YAU,DEV-AVLYAU-1,2023-10-01T00:00:00,2023-10-31T23:59:59,97.0,69.8,routine inspection,,ECO-SERVICE-3,closed,False,False,False
DOP-0002945,AVL-YAU,DEV-AVLYAU-1,2023-11-01T00:00:00,2023-11-30T23:59:59,94.6,78.7,routine inspection,,ECO-SERVICE-3,closed,False,False,False
DOP-0002946,AVL-YAU,DEV-AVLYAU-1,2023-12-01T00:00:00,2023-12-31T23:59:59,94.4,77.2,routine inspection,,ECO-SERVICE-3,closed,False,False,False
DOP-0002947,AVL-YAU,DEV-AVLYAU-1,2024-01-01T00:00:00,2024-01-31T23:59:59,100.0,81.7,routine inspection,,ECO-SERVICE-3,closed,False,False,False
DOP-0002948,AVL-YAU,DEV-AVLYAU-1,2024-02-01T00:00:00,2024-02-29T23:59:59,99.8,79.8,routine inspection,,ECO-SERVICE-3,closed,False,False,False
DOP-0002949,AVL-YAU,DEV-AVLYAU-1,2024-03-01T00:00:00,2024-03-31T23:59:59,93.1,93.9,routine inspection,,ECO-SERVICE-3,closed,False,False,False
DOP-0002950,AVL-YAU,DEV-AVLYAU-1,2024-04-01T00:00:00,2024-04-30T23:59:59,85.5,92.0,routine inspection,,ECO-SERVICE-3,closed,False,False,False
DOP-0002951,AVL-YAU,DEV-AVLYAU-1,2024-05-01T00:00:00,2024-05-31T23:59:59,98.7,80.4,routine inspection,,ECO-SERVICE-3,closed,False,False,False
DOP-0002952,AVL-YAU,DEV-AVLYAU-1,2024-06-01T00:00:00,2024-06-30T23:59:59,89.9,79.6,routine inspection,,ECO-SERVICE-3,closed,False,False,False
DOP-0002953,AVL-YAU,DEV-AVLYAU-1,2024-07-01T00:00:00,2024-07-31T23:59:59,90.3,69.8,routine inspection,,ECO-SERVICE-3,closed,False,False,False
DOP-0002954,AVL-YAU,DEV-AVLYAU-1,2024-08-01T00:00:00,2024-08-31T23:59:59,97.4,62.6,routine inspection,,ECO-SERVICE-3,closed,False,False,False
DOP-0002955,AVL-YAU,DEV-AVLYAU-1,2024-09-01T00:00:00,2024-09-30T23:59:59,99.4,63.3,routine inspection,,ECO-SERVICE-3,closed,False,False,False
DOP-0002956,AVL-YAU,DEV-AVLYAU-1,2024-10-01T00:00:00,2024-10-31T23:59:59,94.5,67.4,routine inspection,,,closed,False,False,False
DOP-0002957,AVL-YAU,DEV-AVLYAU-1,2024-11-01T00:00:00,2024-11-30T23:59:59,92.6,88.1,routine inspection,,ECO-SERVICE-3,closed,False,False,False
DOP-0002958,AVL-YAU,DEV-AVLYAU-1,2024-12-01T00:00:00,2024-12-31T23:59:59,100.0,59.1,routine inspection,,ECO-SERVICE-3,closed,False,False,False
DOP-0002959,AVL-YAU,DEV-AVLYAU-1,2025-01-01T00:00:00,2025-01-31T23:59:59,83.6,83.0,routine inspection,,ECO-SERVICE-3,closed,False,False,False
DOP-0002960,AVL-YAU,DEV-AVLYAU-1,2025-02-01T00:00:00,2025-02-28T23:59:59,91.5,91.5,routine inspection,,ECO-SERVICE-3,closed,False,False,False
DOP-0002961,AVL-YAU,DEV-AVLYAU-1,2025-03-01T00:00:00,2025-03-31T23:59:59,93.7,75.7,routine inspection,,ECO-SERVICE-3,CLOSED,False,False,False
DOP-0002962,AVL-YAU,DEV-AVLYAU-1,2025-04-01T00:00:00,2025-04-30T23:59:59,97.7,76.5,routine inspection,,ECO-SERVICE-3,closed,False,False,False
DOP-0002963,AVL-YAU,DEV-AVLYAU-1,2025-05-01T00:00:00,2025-05-31T23:59:59,88.5,67.5,routine inspection,,ECO-SERVICE-3,closed,False,False,False
DOP-0002964,AVL-YAU,DEV-AVLYAU-1,2025-06-01T00:00:00,2025-06-30T23:59:59,98.3,81.7,routine inspection,,ECO-SERVICE-3,closed,False,False,False
DOP-0002965,AVL-BWK,DEV-AVLBWK-2,2019-01-01T00:00:00,2019-01-31T23:59:59,89.1,83.1,routine inspection,,ECO-SERVICE-4,closed,False,False,False
DOP-0002966,AVL-BWK,DEV-AVLBWK-2,2019-02-01T00:00:00,2019-02-28T23:59:59,89.1,86.4,routine inspection,,ECO-SERVICE-4,closed,False,False,False
DOP-0002967,AVL-BWK,DEV-AVLBWK-2,2019-03-01T00:00:00,2019-03-31T23:59:59,100.0,88.3,routine inspection,,ECO-SERVICE-4,closed,False,False,False
DOP-0002968,AVL-BWK,DEV-AVLBWK-2,2019-04-01T00:00:00,2019-04-30T23:59:59,91.9,85.5,routine inspection,,ECO-SERVICE-4,closed,False,False,False
DOP-0002969,AVL-BWK,DEV-AVLBWK-2,2019-05-01T00:00:00,2019-05-31T23:59:59,97.8,80.3,routine inspection,,ECO-SERVICE-4,closed,False,False,False
DOP-0002970,AVL-BWK,DEV-AVLBWK-2,2019-06-01T00:00:00,2019-06-30T23:59:59,93.6,90.7,routine inspection,,ECO-SERVICE-4,closed,False,False,False
DOP-0002971,AVL-BWK,DEV-AVLBWK-2,2019-07-01T00:00:00,2019-07-31T23:59:59,91.5,72.1,routine inspection,,ECO-SERVICE-4,closed,False,False,False
DOP-0002972,AVL-BWK,DEV-AVLBWK-2,2019-08-01T00:00:00,2019-08-31T23:59:59,98.2,73.8,routine inspection,,ECO-SERVICE-4,closed,False,False,False
DOP-0002973,AVL-BWK,DEV-AVLBWK-2,2019-09-01T00:00:00,2019-09-30T23:59:59,94.2,87.3,routine inspection,,ECO-SERVICE-4,closed,False,False,False
DOP-0002974,AVL-BWK,DEV-AVLBWK-2,2019-10-01T00:00:00,2019-10-31T23:59:59,90.5,78.9,routine inspection,,ECO-SERVICE-4,closed,False,False,False
DOP-0002975,AVL-BWK,DEV-AVLBWK-2,2019-11-01T00:00:00,2019-11-30T23:59:59,96.6,75.5,routine inspection,,ECO-SERVICE-4,closed,False,False,False
DOP-0002976,AVL-BWK,DEV-AVLBWK-2,2019-12-01T00:00:00,2019-12-31T23:59:59,93.6,77.9,routine inspection,,ECO-SERVICE-4,closed,False,False,False
DOP-0002977,AVL-BWK,DEV-AVLBWK-2,2020-01-01T00:00:00,2020-01-31T23:59:59,97.3,74.5,routine inspection,,ECO-SERVICE-4,closed,False,False,False
DOP-0002978,AVL-BWK,DEV-AVLBWK-2,2020-02-01T00:00:00,2020-02-29T23:59:59,96.6,90.3,routine inspection,,ECO-SERVICE-4,closed,False,False,False
DOP-0002979,AVL-BWK,DEV-AVLBWK-2,2020-03-01T00:00:00,2020-03-31T23:59:59,96.5,76.3,routine inspection,,ECO-SERVICE-4,closed,False,False,False
DOP-0002980,AVL-BWK,DEV-AVLBWK-2,2020-04-01T00:00:00,2020-04-30T23:59:59,90.9,86.0,routine inspection,,ECO-SERVICE-4,closed,False,False,False
DOP-0002981,AVL-BWK,DEV-AVLBWK-2,2020-05-01T00:00:00,2020-05-31T23:59:59,95.1,87.4,routine inspection,,ECO-SERVICE-4,closed,False,False,False
DOP-0002982,AVL-BWK,DEV-AVLBWK-2,2020-06-01T00:00:00,2020-06-30T23:59:59,93.1,83.4,routine inspection,,ECO-SERVICE-4,closed,False,False,False
DOP-0002983,AVL-BWK,DEV-AVLBWK-2,2020-07-01T00:00:00,2020-07-31T23:59:59,93.8,75.6,routine inspection,,ECO-SERVICE-4,closed,False,False,False
DOP-0002984,AVL-BWK,DEV-AVLBWK-2,2020-08-01T00:00:00,2020-08-31T23:59:59,94.4,69.9,routine inspection,,ECO-SERVICE-4,closed,False,False,False
DOP-0002985,AVL-BWK,DEV-AVLBWK-2,2020-09-01T00:00:00,2020-09-30T23:59:59,83.7,80.9,routine inspection,,ECO-SERVICE-4,closed,False,False,False
DOP-0002986,AVL-BWK,DEV-AVLBWK-2,2020-10-01T00:00:00,2020-10-31T23:59:59,79.0,69.4,routine inspection,,ECO-SERVICE-4,closed,False,False,False
DOP-0002987,AVL-BWK,DEV-AVLBWK-2,2020-11-01T00:00:00,2020-11-30T23:59:59,95.1,79.1,routine inspection,,ECO-SERVICE-4,closed,False,False,False
DOP-0002988,AVL-BWK,DEV-AVLBWK-2,2020-12-01T00:00:00,2020-12-31T23:59:59,94.7,91.5,routine inspection,,ECO-SERVICE-4,closed,False,False,False
DOP-0002989,AVL-BWK,DEV-AVLBWK-2,2021-01-01T00:00:00,2021-01-31T23:59:59,97.3,90.8,routine inspection,,ECO-SERVICE-4,closed,False,False,False
DOP-0002990,AVL-BWK,DEV-AVLBWK-2,2021-02-01T00:00:00,2021-02-28T23:59:59,89.5,91.1,routine inspection,,ECO-SERVICE-4,closed,False,False,False
DOP-0002991,AVL-BWK,DEV-AVLBWK-2,2021-03-01T00:00:00,2021-03-31T23:59:59,100.0,96.0,routine inspection,,ECO-SERVICE-4,closed,False,False,False
DOP-0002992,AVL-BWK,DEV-AVLBWK-2,2021-04-01T00:00:00,2021-04-30T23:59:59,95.3,95.7,routine inspection,,ECO-SERVICE-4,closed,False,False,False
DOP-0002993,AVL-BWK,DEV-AVLBWK-2,2021-05-01T00:00:00,2021-05-31T23:59:59,84.0,80.0,routine inspection,,ECO-SERVICE-4,closed,False,False,False
DOP-0002994,AVL-BWK,DEV-AVLBWK-2,2021-06-01T00:00:00,2021-06-30T23:59:59,89.2,82.4,routine inspection,,ECO-SERVICE-4,closed,False,False,False
DOP-0002995,AVL-BWK,DEV-AVLBWK-2,2021-07-01T00:00:00,2021-07-31T23:59:59,100.0,89.2,routine inspection,,ECO-SERVICE-4,closed,False,False,False
DOP-0002996,AVL-BWK,DEV-AVLBWK-2,2021-08-01T00:00:00,2021-08-31T23:59:59,90.4,98.9,routine inspection,,ECO-SERVICE-4,closed,False,False,False
DOP-0002997,AVL-BWK,DEV-AVLBWK-2,2021-09-01T00:00:00,2021-09-30T23:59:59,92.2,72.5,routine inspection,,ECO-SERVICE-4,closed,False,False,False
DOP-0002998,AVL-BWK,DEV-AVLBWK-2,2021-10-01T00:00:00,2021-10-31T23:59:59,89.9,76.9,routine inspection,,ECO-SERVICE-4,closed,False,False,False
DOP-0002999,AVL-BWK,DEV-AVLBWK-2,2021-11-01T00:00:00,2021-11-30T23:59:59,91.2,78.3,routine inspection,,ECO-SERVICE-4,closed,False,False,False
DOP-0003000,AVL-BWK,DEV-AVLBWK-2,2021-12-01T00:00:00,2021-12-31T23:59:59,100.0,86.3,routine inspection,,ECO-SERVICE-4,closed,False,False,False
DOP-0003001,AVL-BWK,DEV-AVLBWK-2,2022-01-01T00:00:00,2022-01-31T23:59:59,100.0,80.8,routine inspection,,ECO-SERVICE-4,closed,False,False,False
DOP-0003002,AVL-BWK,DEV-AVLBWK-2,2022-02-01T00:00:00,2022-02-28T23:59:59,100.0,78.9,routine inspection,,ECO-SERVICE-4,closed,False,False,False
DOP-0003003,AVL-BWK,DEV-AVLBWK-2,2022-03-01T00:00:00,2022-03-31T23:59:59,100.0,69.7,routine inspection,,ECO-SERVICE-4,closed,False,False,False
DOP-0003004,AVL-BWK,DEV-AVLBWK-2,2022-04-01T00:00:00,2022-04-30T23:59:59,94.1,71.9,routine inspection,,ECO-SERVICE-4,closed,False,False,False
DOP-0003005,AVL-BWK,DEV-AVLBWK-2,2022-05-01T00:00:00,2022-05-31T23:59:59,92.7,81.6,routine inspection,,ECO-SERVICE-4,closed,False,False,False
DOP-0003006,AVL-BWK,DEV-AVLBWK-2,2022-06-01T00:00:00,2022-06-30T23:59:59,100.0,58.0,routine inspection,,ECO-SERVICE-4,closed,False,False,False
DOP-0003007,AVL-BWK,DEV-AVLBWK-2,2022-07-01T00:00:00,2022-07-31T23:59:59,92.6,78.3,routine inspection,,,closed,False,False,False
DOP-0003008,AVL-BWK,DEV-AVLBWK-2,2022-08-01T00:00:00,2022-08-31T23:59:59,95.8,96.4,routine inspection,,ECO-SERVICE-4,closed,False,False,False
DOP-0003009,AVL-BWK,DEV-AVLBWK-2,2022-09-01T00:00:00,2022-09-30T23:59:59,88.8,86.5,routine inspection,,ECO-SERVICE-4,closed,False,False,False
DOP-0003010,AVL-BWK,DEV-AVLBWK-2,2022-10-01T00:00:00,2022-10-31T23:59:59,93.9,78.5,routine inspection,,ECO-SERVICE-4,Closed,False,False,False
DOP-0003011,AVL-BWK,DEV-AVLBWK-2,2022-11-01T00:00:00,2022-11-30T23:59:59,97.9,75.6,routine inspection,,ECO-SERVICE-4,closed,False,False,False
DOP-0003012,AVL-BWK,DEV-AVLBWK-2,2022-12-01T00:00:00,2022-12-31T23:59:59,84.8,82.3,routine inspection,,ECO-SERVICE-4,closed,False,False,False
DOP-0003013,AVL-BWK,DEV-AVLBWK-2,2023-01-01T00:00:00,2023-01-31T23:59:59,98.0,85.5,routine inspection,,ECO-SERVICE-4,closed,False,False,False
DOP-0003014,AVL-BWK,DEV-AVLBWK-2,2023-02-01T00:00:00,2023-02-28T23:59:59,93.3,74.3,routine inspection,,ECO-SERVICE-4,closed,False,False,False
DOP-0003015,AVL-BWK,DEV-AVLBWK-2,2023-03-01T00:00:00,2023-03-31T23:59:59,94.6,73.7,routine inspection,,ECO-SERVICE-4,closed,False,False,False
DOP-0003016,AVL-BWK,DEV-AVLBWK-2,2023-04-01T00:00:00,2023-04-30T23:59:59,99.3,90.2,routine inspection,,ECO-SERVICE-4,closed,False,False,False
DOP-0003017,AVL-BWK,DEV-AVLBWK-2,2023-05-01T00:00:00,2023-05-31T23:59:59,93.8,85.1,routine inspection,,ECO-SERVICE-4,closed,False,False,False
DOP-0003018,AVL-BWK,DEV-AVLBWK-2,2023-06-01T00:00:00,2023-06-30T23:59:59,97.8,84.0,routine inspection,,ECO-SERVICE-4,closed,False,False,False
DOP-0003019,AVL-BWK,DEV-AVLBWK-2,2023-07-01T00:00:00,2023-07-31T23:59:59,91.5,84.3,routine inspection,,ECO-SERVICE-4,closed,False,False,False
DOP-0003020,AVL-BWK,DEV-AVLBWK-2,2023-08-01T00:00:00,2023-08-31T23:59:59,94.4,74.1,routine inspection,,ECO-SERVICE-4,closed,False,False,False
DOP-0003021,AVL-BWK,DEV-AVLBWK-2,2023-09-01T00:00:00,2023-09-30T23:59:59,90.9,83.4,routine inspection,,ECO-SERVICE-4,closed,False,False,False
DOP-0003022,AVL-BWK,DEV-AVLBWK-2,2023-10-01T00:00:00,2023-10-31T23:59:59,95.1,87.7,routine inspection,,ECO-SERVICE-4,closed,False,False,False
DOP-0003023,AVL-BWK,DEV-AVLBWK-2,2023-11-01T00:00:00,2023-11-30T23:59:59,96.1,80.9,routine inspection,,ECO-SERVICE-4,closed,False,False,False
DOP-0003024,AVL-BWK,DEV-AVLBWK-2,2023-12-01T00:00:00,2023-12-31T23:59:59,96.7,80.2,routine inspection,,,closed,False,False,False
DOP-0003025,AVL-BWK,DEV-AVLBWK-2,2024-01-01T00:00:00,2024-01-31T23:59:59,96.5,78.8,routine inspection,,ECO-SERVICE-4,closed,False,False,False
DOP-0003026,AVL-BWK,DEV-AVLBWK-2,2024-02-01T00:00:00,2024-02-29T23:59:59,91.7,86.7,routine inspection,,ECO-SERVICE-4,closed,False,False,False
DOP-0003027,AVL-BWK,DEV-AVLBWK-2,2024-03-01T00:00:00,2024-03-31T23:59:59,100.0,82.8,routine inspection,,ECO-SERVICE-4,closed,False,False,False
DOP-0003028,AVL-BWK,DEV-AVLBWK-2,2024-04-01T00:00:00,2024-04-30T23:59:59,97.5,85.7,routine inspection,,ECO-SERVICE-4,closed,False,False,False
DOP-0003029,AVL-BWK,DEV-AVLBWK-2,2024-05-01T00:00:00,2024-05-31T23:59:59,98.7,88.9,routine inspection,,ECO-SERVICE-4,closed,False,False,False
DOP-0003030,AVL-BWK,DEV-AVLBWK-2,2024-06-01T00:00:00,2024-06-30T23:59:59,99.5,72.1,routine inspection,,ECO-SERVICE-4,closed,False,False,False
DOP-0003031,AVL-BWK,DEV-AVLBWK-2,2024-07-01T00:00:00,2024-07-31T23:59:59,94.0,78.9,routine inspection,,ECO-SERVICE-4,closed,False,False,False
DOP-0003032,AVL-BWK,DEV-AVLBWK-2,2024-08-01T00:00:00,2024-08-31T23:59:59,92.7,72.9,routine inspection,,ECO-SERVICE-4,closed,False,False,False
DOP-0003033,AVL-BWK,DEV-AVLBWK-2,2024-09-01T00:00:00,2024-09-30T23:59:59,90.4,66.5,routine inspection,,ECO-SERVICE-4,closed,False,False,False
DOP-0003034,AVL-BWK,DEV-AVLBWK-2,2024-10-01T00:00:00,2024-10-31T23:59:59,96.6,65.3,routine inspection,,ECO-SERVICE-4,closed,False,False,False
DOP-0003035,AVL-BWK,DEV-AVLBWK-2,2024-11-01T00:00:00,2024-11-30T23:59:59,91.2,81.8,routine inspection,,ECO-SERVICE-4,closed,False,False,False
DOP-0003036,AVL-BWK,DEV-AVLBWK-2,2024-12-01T00:00:00,2024-12-31T23:59:59,92.0,84.3,routine inspection,,ECO-SERVICE-4,closed,False,False,False
DOP-0003037,AVL-BWK,DEV-AVLBWK-2,2025-01-01T00:00:00,2025-01-31T23:59:59,93.1,83.7,routine inspection,,ECO-SERVICE-4,closed,False,False,False
DOP-0003038,AVL-BWK,DEV-AVLBWK-2,2025-02-01T00:00:00,2025-02-28T23:59:59,97.1,72.9,routine inspection,,ECO-SERVICE-4,closed,False,False,False
DOP-0003039,AVL-BWK,DEV-AVLBWK-2,2025-03-01T00:00:00,2025-03-31T23:59:59,98.4,74.3,routine inspection,,ECO-SERVICE-4,closed,False,False,False
DOP-0003040,AVL-BWK,DEV-AVLBWK-2,2025-04-01T00:00:00,2025-04-30T23:59:59,90.7,84.4,routine inspection,,ECO-SERVICE-4,closed,False,False,False
DOP-0003041,AVL-BWK,DEV-AVLBWK-2,2025-05-01T00:00:00,2025-05-31T23:59:59,91.9,81.1,routine inspection,,ECO-SERVICE-4,closed,False,False,False
DOP-0003042,AVL-BWK,DEV-AVLBWK-2,2025-06-01T00:00:00,2025-06-30T23:59:59,88.6,90.8,routine inspection,,ECO-SERVICE-4,closed,False,False,False
DOP-0003043,AVL-BVM,DEV-AVLBVM-3,2019-01-01T00:00:00,2019-01-31T23:59:59,100.0,74.2,routine inspection,,ECO-SERVICE-1,closed,False,False,False
DOP-0003044,AVL-BVM,DEV-AVLBVM-3,2019-02-01T00:00:00,2019-02-28T23:59:59,97.4,87.3,routine inspection,,ECO-SERVICE-1,closed,False,False,False
DOP-0003045,AVL-BVM,DEV-AVLBVM-3,2019-03-01T00:00:00,2019-03-31T23:59:59,93.6,81.8,routine inspection,,ECO-SERVICE-1,closed,False,False,False
DOP-0003046,AVL-BVM,DEV-AVLBVM-3,2019-04-01T00:00:00,2019-04-30T23:59:59,92.4,89.5,routine inspection,,ECO-SERVICE-1,closed,False,False,False
DOP-0003047,AVL-BVM,DEV-AVLBVM-3,2019-05-01T00:00:00,2019-05-31T23:59:59,88.8,85.0,routine inspection,,ECO-SERVICE-1,closed,False,False,False
DOP-0003048,AVL-BVM,DEV-AVLBVM-3,2019-06-01T00:00:00,2019-06-30T23:59:59,89.7,82.3,routine inspection,,ECO-SERVICE-1,closed,False,False,False
DOP-0003049,AVL-BVM,DEV-AVLBVM-3,2019-07-01T00:00:00,2019-07-31T23:59:59,91.4,88.5,routine inspection,,ECO-SERVICE-1,closed,False,False,False
DOP-0003050,AVL-BVM,DEV-AVLBVM-3,2019-08-01T00:00:00,2019-08-31T23:59:59,87.2,84.6,routine inspection,,ECO-SERVICE-1,closed,False,False,False
DOP-0003051,AVL-BVM,DEV-AVLBVM-3,2019-09-01T00:00:00,2019-09-30T23:59:59,93.4,75.4,routine inspection,,ECO-SERVICE-1,closed,False,False,False
DOP-0003052,AVL-BVM,DEV-AVLBVM-3,2019-10-01T00:00:00,2019-10-31T23:59:59,83.0,76.3,routine inspection,,ECO-SERVICE-1,closed,False,False,False
DOP-0003053,AVL-BVM,DEV-AVLBVM-3,2019-11-01T00:00:00,2019-11-30T23:59:59,93.6,84.0,routine inspection,,ECO-SERVICE-1,closed,False,False,False
DOP-0003054,AVL-BVM,DEV-AVLBVM-3,2019-12-01T00:00:00,2019-12-31T23:59:59,85.1,81.1,routine inspection,,ECO-SERVICE-1,closed,False,False,False
DOP-0003055,AVL-BVM,DEV-AVLBVM-3,2020-01-01T00:00:00,2020-01-31T23:59:59,93.4,75.7,routine inspection,,ECO-SERVICE-1,closed,False,False,False
DOP-0003056,AVL-BVM,DEV-AVLBVM-3,2020-02-01T00:00:00,2020-02-29T23:59:59,84.6,85.1,routine inspection,,ECO-SERVICE-1,closed,False,False,False
DOP-0003057,AVL-BVM,DEV-AVLBVM-3,2020-03-01T00:00:00,2020-03-31T23:59:59,94.7,78.6,routine inspection,,ECO-SERVICE-1,closed,False,False,False
DOP-0003058,AVL-BVM,DEV-AVLBVM-3,2020-04-01T00:00:00,2020-04-30T23:59:59,94.2,83.8,routine inspection,,ECO-SERVICE-1,closed,False,False,False
DOP-0003059,AVL-BVM,DEV-AVLBVM-3,2020-05-01T00:00:00,2020-05-31T23:59:59,97.2,88.1,routine inspection,,ECO-SERVICE-1,closed,False,False,False
DOP-0003060,AVL-BVM,DEV-AVLBVM-3,2020-06-01T00:00:00,2020-06-30T23:59:59,89.2,82.3,routine inspection,,ECO-SERVICE-1,closed,False,False,False
DOP-0003061,AVL-BVM,DEV-AVLBVM-3,2020-07-01T00:00:00,2020-07-31T23:59:59,95.3,81.4,routine inspection,,ECO-SERVICE-1,closed,False,False,False
DOP-0003062,AVL-BVM,DEV-AVLBVM-3,2020-08-01T00:00:00,2020-08-31T23:59:59,93.8,74.8,routine inspection,,ECO-SERVICE-1,CLOSED,False,False,False
DOP-0003063,AVL-BVM,DEV-AVLBVM-3,2020-09-01T00:00:00,2020-09-30T23:59:59,93.5,87.9,routine inspection,,ECO-SERVICE-1,closed,False,False,False
DOP-0003064,AVL-BVM,DEV-AVLBVM-3,2020-10-01T00:00:00,2020-10-31T23:59:59,84.5,68.2,routine inspection,,ECO-SERVICE-1,closed,False,False,False
DOP-0003065,AVL-BVM,DEV-AVLBVM-3,2020-11-01T00:00:00,2020-11-30T23:59:59,100.0,89.6,routine inspection,,ECO-SERVICE-1,closed,False,False,False
DOP-0003066,AVL-BVM,DEV-AVLBVM-3,2020-12-01T00:00:00,2020-12-31T23:59:59,91.3,81.6,routine inspection,,ECO-SERVICE-1,closed,False,False,False
DOP-0003067,AVL-BVM,DEV-AVLBVM-3,2021-01-01T00:00:00,2021-01-31T23:59:59,92.0,86.8,routine inspection,,ECO-SERVICE-1,closed,False,False,False
DOP-0003068,AVL-BVM,DEV-AVLBVM-3,2021-02-01T00:00:00,2021-02-28T23:59:59,98.0,84.6,routine inspection,,ECO-SERVICE-1,closed,False,False,False
DOP-0003069,AVL-BVM,DEV-AVLBVM-3,2021-03-01T00:00:00,2021-03-31T23:59:59,90.2,85.9,routine inspection,,ECO-SERVICE-1,closed,False,False,False
DOP-0003070,AVL-BVM,DEV-AVLBVM-3,2021-04-01T00:00:00,2021-04-30T23:59:59,100.0,78.4,routine inspection,,ECO-SERVICE-1,closed,False,False,False
DOP-0003071,AVL-BVM,DEV-AVLBVM-3,2021-05-01T00:00:00,2021-05-31T23:59:59,96.3,84.3,routine inspection,,ECO-SERVICE-1,closed,False,False,False
DOP-0003072,AVL-BVM,DEV-AVLBVM-3,2021-06-01T00:00:00,2021-06-30T23:59:59,94.0,83.6,routine inspection,,ECO-SERVICE-1,closed,False,False,False
DOP-0003073,AVL-BVM,DEV-AVLBVM-3,2021-07-01T00:00:00,2021-07-31T23:59:59,88.4,72.3,routine inspection,,ECO-SERVICE-1,closed,False,False,False
DOP-0003074,AVL-BVM,DEV-AVLBVM-3,2021-08-01T00:00:00,2021-08-31T23:59:59,97.4,84.7,routine inspection,,ECO-SERVICE-1,closed,False,False,False
DOP-0003075,AVL-BVM,DEV-AVLBVM-3,2021-09-01T00:00:00,2021-09-30T23:59:59,84.8,68.3,routine inspection,,ECO-SERVICE-1,closed,False,False,False
DOP-0003076,AVL-BVM,DEV-AVLBVM-3,2021-10-01T00:00:00,2021-10-31T23:59:59,86.9,85.3,routine inspection,,ECO-SERVICE-1,closed,False,False,False
DOP-0003077,AVL-BVM,DEV-AVLBVM-3,2021-11-01T00:00:00,2021-11-30T23:59:59,92.4,85.9,routine inspection,,ECO-SERVICE-1,closed,False,False,False
DOP-0003078,AVL-BVM,DEV-AVLBVM-3,2021-12-01T00:00:00,2021-12-31T23:59:59,89.8,71.1,routine inspection,,ECO-SERVICE-1,closed,False,False,False
DOP-0003079,AVL-BVM,DEV-AVLBVM-3,2022-01-01T00:00:00,2022-01-31T23:59:59,92.7,90.6,routine inspection,,ECO-SERVICE-1,closed,False,False,False
DOP-0003080,AVL-BVM,DEV-AVLBVM-3,2022-02-01T00:00:00,2022-02-28T23:59:59,97.5,80.3,routine inspection,,ECO-SERVICE-1,closed,False,False,False
DOP-0003081,AVL-BVM,DEV-AVLBVM-3,2022-03-01T00:00:00,2022-03-31T23:59:59,91.8,73.2,routine inspection,,ECO-SERVICE-1,closed,False,False,False
DOP-0003082,AVL-BVM,DEV-AVLBVM-3,2022-04-01T00:00:00,2022-04-30T23:59:59,98.6,77.5,routine inspection,,ECO-SERVICE-1,closed,False,False,False
DOP-0003083,AVL-BVM,DEV-AVLBVM-3,2022-05-01T00:00:00,2022-05-31T23:59:59,100.0,68.5,routine inspection,,ECO-SERVICE-1,closed,False,False,False
DOP-0003084,AVL-BVM,DEV-AVLBVM-3,2022-06-01T00:00:00,2022-06-30T23:59:59,98.4,63.6,routine inspection,,ECO-SERVICE-1,closed,False,False,False
DOP-0003085,AVL-BVM,DEV-AVLBVM-3,2022-07-01T00:00:00,2022-07-31T23:59:59,91.2,75.5,routine inspection,,ECO-SERVICE-1,closed,False,False,False
DOP-0003086,AVL-BVM,DEV-AVLBVM-3,2022-08-01T00:00:00,2022-08-31T23:59:59,81.9,65.3,routine inspection,,ECO-SERVICE-1,closed,False,False,False
DOP-0003087,AVL-BVM,DEV-AVLBVM-3,2022-09-01T00:00:00,2022-09-30T23:59:59,90.5,77.9,routine inspection,,ECO-SERVICE-1,closed,False,False,False
DOP-0003088,AVL-BVM,DEV-AVLBVM-3,2022-10-01T00:00:00,2022-10-31T23:59:59,92.4,78.8,routine inspection,,ECO-SERVICE-1,closed,False,False,False
DOP-0003089,AVL-BVM,DEV-AVLBVM-3,2022-11-01T00:00:00,2022-11-30T23:59:59,98.9,88.1,routine inspection,,ECO-SERVICE-1,closed,False,False,False
DOP-0003090,AVL-BVM,DEV-AVLBVM-3,2022-12-01T00:00:00,2022-12-31T23:59:59,83.6,77.9,routine inspection,,ECO-SERVICE-1,closed,False,False,False
DOP-0003091,AVL-BVM,DEV-AVLBVM-3,2023-01-01T00:00:00,2023-01-31T23:59:59,88.1,72.9,routine inspection,,ECO-SERVICE-1,closed,False,False,False
DOP-0003092,AVL-BVM,DEV-AVLBVM-3,2023-02-01T00:00:00,2023-02-28T23:59:59,95.7,97.4,routine inspection,,ECO-SERVICE-1,closed,False,False,False
DOP-0003093,AVL-BVM,DEV-AVLBVM-3,2023-03-01T00:00:00,2023-03-31T23:59:59,90.4,72.6,routine inspection,,ECO-SERVICE-1,closed,False,False,False
DOP-0003094,AVL-BVM,DEV-AVLBVM-3,2023-04-01T00:00:00,2023-04-30T23:59:59,91.9,86.5,routine inspection,,ECO-SERVICE-1,closed,False,False,False
DOP-0003095,AVL-BVM,DEV-AVLBVM-3,2023-05-01T00:00:00,2023-05-31T23:59:59,98.9,90.9,routine inspection,,ECO-SERVICE-1,closed,False,False,False
DOP-0003096,AVL-BVM,DEV-AVLBVM-3,2023-06-01T00:00:00,2023-06-30T23:59:59,100.0,76.4,routine inspection,,ECO-SERVICE-1,closed,False,False,False
DOP-0003097,AVL-BVM,DEV-AVLBVM-3,2023-07-01T00:00:00,2023-07-31T23:59:59,100.0,78.1,routine inspection,,ECO-SERVICE-1,closed,False,False,False
DOP-0003098,AVL-BVM,DEV-AVLBVM-3,2023-08-01T00:00:00,2023-08-31T23:59:59,99.6,72.2,routine inspection,,ECO-SERVICE-1,closed,False,False,False
DOP-0003099,AVL-BVM,DEV-AVLBVM-3,2023-09-01T00:00:00,2023-09-30T23:59:59,93.5,71.9,routine inspection,,ECO-SERVICE-1,closed,False,False,False
DOP-0003100,AVL-BVM,DEV-AVLBVM-3,2023-10-01T00:00:00,2023-10-31T23:59:59,89.0,85.3,routine inspection,,ECO-SERVICE-1,closed,False,False,False
DOP-0003101,AVL-BVM,DEV-AVLBVM-3,2023-11-01T00:00:00,2023-11-30T23:59:59,91.1,78.8,routine inspection,,ECO-SERVICE-1,closed,False,False,False
DOP-0003102,AVL-BVM,DEV-AVLBVM-3,2023-12-01T00:00:00,2023-12-31T23:59:59,94.4,80.1,routine inspection,,ECO-SERVICE-1,closed,False,False,False
DOP-0003103,AVL-BVM,DEV-AVLBVM-3,2024-01-01T00:00:00,2024-01-31T23:59:59,90.3,75.7,routine inspection,,ECO-SERVICE-1,closed,False,False,False
DOP-0003104,AVL-BVM,DEV-AVLBVM-3,2024-02-01T00:00:00,2024-02-29T23:59:59,94.5,77.2,routine inspection,,ECO-SERVICE-1,closed,False,False,False
DOP-0003105,AVL-BVM,DEV-AVLBVM-3,2024-03-01T00:00:00,2024-03-31T23:59:59,92.8,82.2,routine inspection,,ECO-SERVICE-1,closed,False,False,False
DOP-0003106,AVL-BVM,DEV-AVLBVM-3,2024-04-01T00:00:00,2024-04-30T23:59:59,91.0,88.0,routine inspection,,ECO-SERVICE-1,closed,False,False,False
DOP-0003107,AVL-BVM,DEV-AVLBVM-3,2024-05-01T00:00:00,2024-05-31T23:59:59,94.5,85.7,routine inspection,,ECO-SERVICE-1,closed,False,False,False
DOP-0003108,AVL-BVM,DEV-AVLBVM-3,2024-06-01T00:00:00,2024-06-30T23:59:59,89.7,87.3,routine inspection,,ECO-SERVICE-1,closed,False,False,False
DOP-0003109,AVL-BVM,DEV-AVLBVM-3,2024-07-01T00:00:00,2024-07-31T23:59:59,99.0,87.6,routine inspection,,ECO-SERVICE-1,closed,False,False,False
DOP-0003110,AVL-BVM,DEV-AVLBVM-3,2024-08-01T00:00:00,2024-08-31T23:59:59,100.0,66.0,routine inspection,,ECO-SERVICE-1,closed,False,False,False
DOP-0003111,AVL-BVM,DEV-AVLBVM-3,2024-09-01T00:00:00,2024-09-30T23:59:59,96.9,77.4,routine inspection,,ECO-SERVICE-1,closed,False,False,False
DOP-0003112,AVL-BVM,DEV-AVLBVM-3,2024-10-01T00:00:00,2024-10-31T23:59:59,97.4,79.8,routine inspection,,ECO-SERVICE-1,closed,False,False,False
DOP-0003113,AVL-BVM,DEV-AVLBVM-3,2024-11-01T00:00:00,2024-11-30T23:59:59,100.0,82.2,routine inspection,,ECO-SERVICE-1,closed,False,False,False
DOP-0003114,AVL-BVM,DEV-AVLBVM-3,2024-12-01T00:00:00,2024-12-31T23:59:59,99.1,68.4,routine inspection,,ECO-SERVICE-1,closed,False,False,False
DOP-0003115,AVL-BVM,DEV-AVLBVM-3,2025-01-01T00:00:00,2025-01-31T23:59:59,99.3,81.2,routine inspection,,ECO-SERVICE-1,closed,False,False,False
DOP-0003116,AVL-BVM,DEV-AVLBVM-3,2025-02-01T00:00:00,2025-02-28T23:59:59,99.2,89.6,routine inspection,,ECO-SERVICE-1,closed,False,False,False
DOP-0003117,AVL-BVM,DEV-AVLBVM-3,2025-03-01T00:00:00,2025-03-31T23:59:59,86.2,82.8,routine inspection,,ECO-SERVICE-1,closed,False,False,False
DOP-0003118,AVL-BVM,DEV-AVLBVM-3,2025-04-01T00:00:00,2025-04-30T23:59:59,97.2,81.5,routine inspection,,ECO-SERVICE-1,closed,False,False,False
DOP-0003119,AVL-BVM,DEV-AVLBVM-3,2025-05-01T00:00:00,2025-05-31T23:59:59,98.3,75.9,routine inspection,,ECO-SERVICE-1,closed,False,False,False
DOP-0003120,AVL-BVM,DEV-AVLBVM-3,2025-06-01T00:00:00,2025-06-30T23:59:59,88.6,82.6,routine inspection,,ECO-SERVICE-1,closed,False,False,False
DOP-0003121,AVL-ABG,DEV-AVLABG-1,2019-01-01T00:00:00,2019-01-31T23:59:59,94.9,81.9,routine inspection,,ECO-SERVICE-2,closed,False,False,False
DOP-0003122,AVL-ABG,DEV-AVLABG-1,2019-02-01T00:00:00,2019-02-28T23:59:59,96.0,84.7,routine inspection,,ECO-SERVICE-2,closed,False,False,False
DOP-0003123,AVL-ABG,DEV-AVLABG-1,2019-03-01T00:00:00,2019-03-31T23:59:59,100.0,90.2,routine inspection,,ECO-SERVICE-2,closed,False,False,False
DOP-0003124,AVL-ABG,DEV-AVLABG-1,2019-04-01T00:00:00,2019-04-30T23:59:59,96.6,84.7,routine inspection,,ECO-SERVICE-2,closed,False,False,False
DOP-0003125,AVL-ABG,DEV-AVLABG-1,2019-05-01T00:00:00,2019-05-31T23:59:59,90.8,85.4,routine inspection,,ECO-SERVICE-2,closed,False,False,False
DOP-0003126,AVL-ABG,DEV-AVLABG-1,2019-06-01T00:00:00,2019-06-30T23:59:59,100.0,76.7,routine inspection,,ECO-SERVICE-2,closed,False,False,False
DOP-0003127,AVL-ABG,DEV-AVLABG-1,2019-07-01T00:00:00,2019-07-31T23:59:59,90.8,76.2,routine inspection,,ECO-SERVICE-2,closed,False,False,False
DOP-0003128,AVL-ABG,DEV-AVLABG-1,2019-08-01T00:00:00,2019-08-31T23:59:59,98.1,70.3,routine inspection,,ECO-SERVICE-2,closed,False,False,False
DOP-0003129,AVL-ABG,DEV-AVLABG-1,2019-09-01T00:00:00,2019-09-30T23:59:59,100.0,65.4,routine inspection,,ECO-SERVICE-2,closed,False,False,False
DOP-0003130,AVL-ABG,DEV-AVLABG-1,2019-10-01T00:00:00,2019-10-31T23:59:59,94.2,71.2,routine inspection,,ECO-SERVICE-2,closed,False,False,False
DOP-0003131,AVL-ABG,DEV-AVLABG-1,2019-11-01T00:00:00,2019-11-30T23:59:59,100.0,96.8,routine inspection,,ECO-SERVICE-2,closed,False,False,False
DOP-0003132,AVL-ABG,DEV-AVLABG-1,2019-12-01T00:00:00,2019-12-31T23:59:59,87.7,73.4,routine inspection,,ECO-SERVICE-2,closed,False,False,False
DOP-0003133,AVL-ABG,DEV-AVLABG-1,2020-01-01T00:00:00,2020-01-31T23:59:59,57.9,79.0,corrective maintenance,STORAGE_LIMIT,ECO-SERVICE-2,closed,False,False,True
DOP-0003134,AVL-ABG,DEV-AVLABG-1,2020-02-01T00:00:00,2020-02-29T23:59:59,95.7,88.1,routine inspection,,ECO-SERVICE-2,closed,False,False,False
DOP-0003135,AVL-ABG,DEV-AVLABG-1,2020-03-01T00:00:00,2020-03-31T23:59:59,99.7,91.8,routine inspection,,ECO-SERVICE-2,closed,False,False,False
DOP-0003136,AVL-ABG,DEV-AVLABG-1,2020-04-01T00:00:00,2020-04-30T23:59:59,86.7,89.5,routine inspection,,ECO-SERVICE-2,closed,False,False,False
DOP-0003137,AVL-ABG,DEV-AVLABG-1,2020-05-01T00:00:00,2020-05-31T23:59:59,98.1,90.1,routine inspection,,ECO-SERVICE-2,closed,False,False,False
DOP-0003138,AVL-ABG,DEV-AVLABG-1,2020-06-01T00:00:00,2020-06-30T23:59:59,95.7,80.5,routine inspection,,ECO-SERVICE-2,closed,False,False,False
DOP-0003139,AVL-ABG,DEV-AVLABG-1,2020-07-01T00:00:00,2020-07-31T23:59:59,98.9,80.4,routine inspection,,ECO-SERVICE-2,closed,False,False,False
DOP-0003140,AVL-ABG,DEV-AVLABG-1,2020-08-01T00:00:00,2020-08-31T23:59:59,96.8,72.3,routine inspection,,ECO-SERVICE-2,closed,False,False,False
DOP-0003141,AVL-ABG,DEV-AVLABG-1,2020-09-01T00:00:00,2020-09-30T23:59:59,91.2,74.8,routine inspection,,ECO-SERVICE-2,closed,False,False,False
DOP-0003142,AVL-ABG,DEV-AVLABG-1,2020-10-01T00:00:00,2020-10-31T23:59:59,97.6,80.7,routine inspection,,ECO-SERVICE-2,closed,False,False,False
DOP-0003143,AVL-ABG,DEV-AVLABG-1,2020-11-01T00:00:00,2020-11-30T23:59:59,90.6,81.0,routine inspection,,ECO-SERVICE-2,closed,False,False,False
DOP-0003144,AVL-ABG,DEV-AVLABG-1,2020-12-01T00:00:00,2020-12-31T23:59:59,94.3,77.6,routine inspection,,ECO-SERVICE-2,closed,False,False,False
DOP-0003145,AVL-ABG,DEV-AVLABG-1,2021-01-01T00:00:00,2021-01-31T23:59:59,99.3,79.2,routine inspection,,ECO-SERVICE-2,closed,False,False,False
DOP-0003146,AVL-ABG,DEV-AVLABG-1,2021-02-01T00:00:00,2021-02-28T23:59:59,100.0,96.9,routine inspection,,ECO-SERVICE-2,closed,False,False,False
DOP-0003147,AVL-ABG,DEV-AVLABG-1,2021-03-01T00:00:00,2021-03-31T23:59:59,95.4,85.8,routine inspection,,ECO-SERVICE-2,closed,False,False,False
DOP-0003148,AVL-ABG,DEV-AVLABG-1,2021-04-01T00:00:00,2021-04-30T23:59:59,83.1,75.4,routine inspection,,ECO-SERVICE-2,closed,False,False,False
DOP-0003149,AVL-ABG,DEV-AVLABG-1,2021-05-01T00:00:00,2021-05-31T23:59:59,88.8,85.4,routine inspection,,ECO-SERVICE-2,closed,False,False,False
DOP-0003150,AVL-ABG,DEV-AVLABG-1,2021-06-01T00:00:00,2021-06-30T23:59:59,86.3,77.3,routine inspection,,ECO-SERVICE-2,closed,False,False,False
DOP-0003151,AVL-ABG,DEV-AVLABG-1,2021-07-01T00:00:00,2021-07-31T23:59:59,97.4,75.2,routine inspection,,ECO-SERVICE-2,closed,False,False,False
DOP-0003152,AVL-ABG,DEV-AVLABG-1,2021-08-01T00:00:00,2021-08-31T23:59:59,96.0,72.3,routine inspection,,ECO-SERVICE-2,closed,False,False,False
DOP-0003153,AVL-ABG,DEV-AVLABG-1,2021-09-01T00:00:00,2021-09-30T23:59:59,98.2,79.0,routine inspection,,ECO-SERVICE-2,closed,False,False,False
DOP-0003154,AVL-ABG,DEV-AVLABG-1,2021-10-01T00:00:00,2021-10-31T23:59:59,85.5,82.2,routine inspection,,ECO-SERVICE-2,closed,False,False,False
DOP-0003155,AVL-ABG,DEV-AVLABG-1,2021-11-01T00:00:00,2021-11-30T23:59:59,94.1,75.6,routine inspection,,ECO-SERVICE-2,closed,False,False,False
DOP-0003156,AVL-ABG,DEV-AVLABG-1,2021-12-01T00:00:00,2021-12-31T23:59:59,86.9,81.5,routine inspection,,ECO-SERVICE-2,closed,False,False,False
DOP-0003157,AVL-ABG,DEV-AVLABG-1,2022-01-01T00:00:00,2022-01-31T23:59:59,100.0,88.0,routine inspection,,ECO-SERVICE-2,closed,False,False,False
DOP-0003158,AVL-ABG,DEV-AVLABG-1,2022-02-01T00:00:00,2022-02-28T23:59:59,95.3,92.4,routine inspection,,ECO-SERVICE-2,closed,False,False,False
DOP-0003159,AVL-ABG,DEV-AVLABG-1,2022-03-01T00:00:00,2022-03-31T23:59:59,98.7,83.0,routine inspection,,ECO-SERVICE-2,closed,False,False,False
DOP-0003160,AVL-ABG,DEV-AVLABG-1,2022-04-01T00:00:00,2022-04-30T23:59:59,93.2,79.8,routine inspection,,ECO-SERVICE-2,closed,False,False,False
DOP-0003161,AVL-ABG,DEV-AVLABG-1,2022-05-01T00:00:00,2022-05-31T23:59:59,86.5,86.4,routine inspection,,ECO-SERVICE-2,closed,False,False,False
DOP-0003162,AVL-ABG,DEV-AVLABG-1,2022-06-01T00:00:00,2022-06-30T23:59:59,91.2,71.3,routine inspection,,ECO-SERVICE-2,closed,False,False,False
DOP-0003163,AVL-ABG,DEV-AVLABG-1,2022-07-01T00:00:00,2022-07-31T23:59:59,94.5,86.6,routine inspection,,ECO-SERVICE-2,closed,False,False,False
DOP-0003164,AVL-ABG,DEV-AVLABG-1,2022-08-01T00:00:00,2022-08-31T23:59:59,99.3,65.6,routine inspection,,ECO-SERVICE-2,closed,False,False,False
DOP-0003165,AVL-ABG,DEV-AVLABG-1,2022-09-01T00:00:00,2022-09-30T23:59:59,97.1,73.2,routine inspection,,ECO-SERVICE-2,closed,False,False,False
DOP-0003166,AVL-ABG,DEV-AVLABG-1,2022-10-01T00:00:00,2022-10-31T23:59:59,100.0,70.5,routine inspection,,ECO-SERVICE-2,closed,False,False,False
DOP-0003167,AVL-ABG,DEV-AVLABG-1,2022-11-01T00:00:00,2022-11-30T23:59:59,98.8,66.7,routine inspection,,ECO-SERVICE-2,closed,False,False,False
DOP-0003168,AVL-ABG,DEV-AVLABG-1,2022-12-01T00:00:00,2022-12-31T23:59:59,93.7,86.6,routine inspection,,ECO-SERVICE-2,closed,False,False,False
DOP-0003169,AVL-ABG,DEV-AVLABG-1,2023-01-01T00:00:00,2023-01-31T23:59:59,95.0,83.2,Routine Inspection,,ECO-SERVICE-2,closed,False,False,False
DOP-0003170,AVL-ABG,DEV-AVLABG-1,2023-02-01T00:00:00,2023-02-28T23:59:59,94.8,70.6,routine inspection,,ECO-SERVICE-2,closed,False,False,False
DOP-0003171,AVL-ABG,DEV-AVLABG-1,2023-03-01T00:00:00,2023-03-31T23:59:59,100.0,77.6,routine inspection,,ECO-SERVICE-2,closed,False,False,False
DOP-0003172,AVL-ABG,DEV-AVLABG-1,2023-04-01T00:00:00,2023-04-30T23:59:59,98.0,78.3,routine inspection,,ECO-SERVICE-2,closed,False,False,False
DOP-0003173,AVL-ABG,DEV-AVLABG-1,2023-05-01T00:00:00,2023-05-31T23:59:59,84.2,85.3,routine inspection,,ECO-SERVICE-2,closed,False,False,False
DOP-0003174,AVL-ABG,DEV-AVLABG-1,2023-06-01T00:00:00,2023-06-30T23:59:59,97.9,90.4,routine inspection,,ECO-SERVICE-2,closed,False,False,False
DOP-0003175,AVL-ABG,DEV-AVLABG-1,2023-07-01T00:00:00,2023-07-31T23:59:59,95.6,84.8,routine inspection,,ECO-SERVICE-2,closed,False,False,False
DOP-0003176,AVL-ABG,DEV-AVLABG-1,2023-08-01T00:00:00,2023-08-31T23:59:59,84.4,73.2,routine inspection,,ECO-SERVICE-2,closed,False,False,False
DOP-0003177,AVL-ABG,DEV-AVLABG-1,2023-09-01T00:00:00,2023-09-30T23:59:59,84.0,62.0,corrective maintenance,MICROPHONE_DRIFT,ECO-SERVICE-2,closed,True,False,False
DOP-0003178,AVL-ABG,DEV-AVLABG-1,2023-10-01T00:00:00,2023-10-31T23:59:59,87.5,76.8,routine inspection,,ECO-SERVICE-2,closed,False,False,False
DOP-0003179,AVL-ABG,DEV-AVLABG-1,2023-11-01T00:00:00,2023-11-30T23:59:59,100.0,84.2,routine inspection,,ECO-SERVICE-2,closed,False,False,False
DOP-0003180,AVL-ABG,DEV-AVLABG-1,2023-12-01T00:00:00,2023-12-31T23:59:59,100.0,91.7,routine inspection,,ECO-SERVICE-2,closed,False,False,False
DOP-0003181,AVL-ABG,DEV-AVLABG-1,2024-01-01T00:00:00,2024-01-31T23:59:59,96.9,81.6,routine inspection,,ECO-SERVICE-2,closed,False,False,False
DOP-0003182,AVL-ABG,DEV-AVLABG-1,2024-02-01T00:00:00,2024-02-29T23:59:59,57.0,74.5,corrective maintenance,STORAGE_LIMIT,ECO-SERVICE-2,closed,False,False,True
DOP-0003183,AVL-ABG,DEV-AVLABG-1,2024-03-01T00:00:00,2024-03-31T23:59:59,87.1,89.6,routine inspection,,ECO-SERVICE-2,closed,False,False,False
DOP-0003184,AVL-ABG,DEV-AVLABG-1,2024-04-01T00:00:00,2024-04-30T23:59:59,100.0,95.4,routine inspection,,ECO-SERVICE-2,closed,False,False,False
DOP-0003185,AVL-ABG,DEV-AVLABG-1,2024-05-01T00:00:00,2024-05-31T23:59:59,96.5,86.5,routine inspection,,ECO-SERVICE-2,closed,False,False,False
DOP-0003186,AVL-ABG,DEV-AVLABG-1,2024-06-01T00:00:00,2024-06-30T23:59:59,100.0,68.9,routine inspection,,ECO-SERVICE-2,closed,False,False,False
DOP-0003187,AVL-ABG,DEV-AVLABG-1,2024-07-01T00:00:00,2024-07-31T23:59:59,93.7,69.0,routine inspection,,ECO-SERVICE-2,closed,False,False,False
DOP-0003188,AVL-ABG,DEV-AVLABG-1,2024-08-01T00:00:00,2024-08-31T23:59:59,94.2,56.5,routine inspection,,ECO-SERVICE-2,closed,False,False,False
DOP-0003189,AVL-ABG,DEV-AVLABG-1,2024-09-01T00:00:00,2024-09-30T23:59:59,90.3,92.4,routine inspection,,ECO-SERVICE-2,closed,False,False,False
DOP-0003190,AVL-ABG,DEV-AVLABG-1,2024-10-01T00:00:00,2024-10-31T23:59:59,91.3,68.2,routine inspection,,ECO-SERVICE-2,closed,False,False,False
DOP-0003191,AVL-ABG,DEV-AVLABG-1,2024-11-01T00:00:00,2024-11-30T23:59:59,91.7,67.1,routine inspection,,ECO-SERVICE-2,closed,False,False,False
DOP-0003192,AVL-ABG,DEV-AVLABG-1,2024-12-01T00:00:00,2024-12-31T23:59:59,96.2,83.0,routine inspection,,ECO-SERVICE-2,closed,False,False,False
DOP-0003193,AVL-ABG,DEV-AVLABG-1,2025-01-01T00:00:00,2025-01-31T23:59:59,95.5,74.5,routine inspection,,ECO-SERVICE-2,closed,False,False,False
DOP-0003194,AVL-ABG,DEV-AVLABG-1,2025-02-01T00:00:00,2025-02-28T23:59:59,97.1,68.8,routine inspection,,ECO-SERVICE-2,closed,False,False,False
DOP-0003195,AVL-ABG,DEV-AVLABG-1,2025-03-01T00:00:00,2025-03-31T23:59:59,93.5,98.9,routine inspection,,ECO-SERVICE-2,closed,False,False,False
DOP-0003196,AVL-ABG,DEV-AVLABG-1,2025-04-01T00:00:00,2025-04-30T23:59:59,99.7,86.9,routine inspection,,ECO-SERVICE-2,closed,False,False,False
DOP-0003197,AVL-ABG,DEV-AVLABG-1,2025-05-01T00:00:00,2025-05-31T23:59:59,97.0,82.1,routine inspection,,ECO-SERVICE-2,closed,False,False,False
DOP-0003198,AVL-ABG,DEV-AVLABG-1,2025-06-01T00:00:00,2025-06-30T23:59:59,100.0,79.4,routine inspection,,ECO-SERVICE-2,closed,False,False,False
DOP-0003199,AVL-SEY,DEV-AVLSEY-2,2019-01-01T00:00:00,2019-01-31T23:59:59,92.8,82.0,routine inspection,,ECO-SERVICE-3,closed,False,False,False
DOP-0003200,AVL-SEY,DEV-AVLSEY-2,2019-02-01T00:00:00,2019-02-28T23:59:59,87.0,94.9,routine inspection,,ECO-SERVICE-3,closed,False,False,False
DOP-0003201,AVL-SEY,DEV-AVLSEY-2,2019-03-01T00:00:00,2019-03-31T23:59:59,91.7,71.7,routine inspection,,ECO-SERVICE-3,closed,False,False,False
DOP-0003202,AVL-SEY,DEV-AVLSEY-2,2019-04-01T00:00:00,2019-04-30T23:59:59,98.7,89.5,routine inspection,,ECO-SERVICE-3,closed,False,False,False
DOP-0003203,AVL-SEY,DEV-AVLSEY-2,2019-05-01T00:00:00,2019-05-31T23:59:59,94.2,86.7,routine inspection,,ECO-SERVICE-3,closed,False,False,False
DOP-0003204,AVL-SEY,DEV-AVLSEY-2,2019-06-01T00:00:00,2019-06-30T23:59:59,91.0,89.4,routine inspection,,ECO-SERVICE-3,closed,False,False,False
DOP-0003205,AVL-SEY,DEV-AVLSEY-2,2019-07-01T00:00:00,2019-07-31T23:59:59,90.2,68.8,routine inspection,,ECO-SERVICE-3,closed,False,False,False
DOP-0003206,AVL-SEY,DEV-AVLSEY-2,2019-08-01T00:00:00,2019-08-31T23:59:59,95.1,89.5,routine inspection,,ECO-SERVICE-3,closed,False,False,False
DOP-0003207,AVL-SEY,DEV-AVLSEY-2,2019-09-01T00:00:00,2019-09-30T23:59:59,100.0,80.6,routine inspection,,ECO-SERVICE-3,closed,False,False,False
DOP-0003208,AVL-SEY,DEV-AVLSEY-2,2019-10-01T00:00:00,2019-10-31T23:59:59,90.3,73.7,routine inspection,,ECO-SERVICE-3,closed,False,False,False
DOP-0003209,AVL-SEY,DEV-AVLSEY-2,2019-11-01T00:00:00,2019-11-30T23:59:59,96.0,71.5,routine inspection,,ECO-SERVICE-3,closed,False,False,False
DOP-0003210,AVL-SEY,DEV-AVLSEY-2,2019-12-01T00:00:00,2019-12-31T23:59:59,95.2,74.1,routine inspection,,ECO-SERVICE-3,closed,False,False,False
DOP-0003211,AVL-SEY,DEV-AVLSEY-2,2020-01-01T00:00:00,2020-01-31T23:59:59,89.3,88.9,routine inspection,,ECO-SERVICE-3,closed,False,False,False
DOP-0003212,AVL-SEY,DEV-AVLSEY-2,2020-02-01T00:00:00,2020-02-29T23:59:59,97.8,82.9,routine inspection,,ECO-SERVICE-3,closed,False,False,False
DOP-0003213,AVL-SEY,DEV-AVLSEY-2,2020-03-01T00:00:00,2020-03-31T23:59:59,97.5,87.0,routine inspection,,ECO-SERVICE-3,closed,False,False,False
DOP-0003214,AVL-SEY,DEV-AVLSEY-2,2020-04-01T00:00:00,2020-04-30T23:59:59,99.0,81.8,routine inspection,,ECO-SERVICE-3,closed,False,False,False
DOP-0003215,AVL-SEY,DEV-AVLSEY-2,2020-05-01T00:00:00,2020-05-31T23:59:59,93.4,76.5,routine inspection,,ECO-SERVICE-3,closed,False,False,False
DOP-0003216,AVL-SEY,DEV-AVLSEY-2,2020-06-01T00:00:00,2020-06-30T23:59:59,98.7,91.9,routine inspection,,ECO-SERVICE-3,closed,False,False,False
DOP-0003217,AVL-SEY,DEV-AVLSEY-2,2020-07-01T00:00:00,2020-07-31T23:59:59,87.3,81.0,routine inspection,,ECO-SERVICE-3,closed,False,False,False
DOP-0003218,AVL-SEY,DEV-AVLSEY-2,2020-08-01T00:00:00,2020-08-31T23:59:59,91.3,86.7,routine inspection,,ECO-SERVICE-3,closed,False,False,False
DOP-0003219,AVL-SEY,DEV-AVLSEY-2,2020-09-01T00:00:00,2020-09-30T23:59:59,93.3,68.7,routine inspection,,ECO-SERVICE-3,closed,False,False,False
DOP-0003220,AVL-SEY,DEV-AVLSEY-2,2020-10-01T00:00:00,2020-10-31T23:59:59,86.9,78.2,routine inspection,,ECO-SERVICE-3,closed,False,False,False
DOP-0003221,AVL-SEY,DEV-AVLSEY-2,2020-11-01T00:00:00,2020-11-30T23:59:59,93.3,83.4,routine inspection,,ECO-SERVICE-3,closed,False,False,False
DOP-0003222,AVL-SEY,DEV-AVLSEY-2,2020-12-01T00:00:00,2020-12-31T23:59:59,99.3,81.7,routine inspection,,ECO-SERVICE-3,closed,False,False,False
DOP-0003223,AVL-SEY,DEV-AVLSEY-2,2021-01-01T00:00:00,2021-01-31T23:59:59,99.1,82.3,routine inspection,,ECO-SERVICE-3,closed,False,False,False
DOP-0003224,AVL-SEY,DEV-AVLSEY-2,2021-02-01T00:00:00,2021-02-28T23:59:59,96.3,79.5,routine inspection,,ECO-SERVICE-3,closed,False,False,False
DOP-0003225,AVL-SEY,DEV-AVLSEY-2,2021-03-01T00:00:00,2021-03-31T23:59:59,94.0,84.0,routine inspection,,ECO-SERVICE-3,closed,False,False,False
DOP-0003226,AVL-SEY,DEV-AVLSEY-2,2021-04-01T00:00:00,2021-04-30T23:59:59,94.1,85.9,routine inspection,,ECO-SERVICE-3,closed,False,False,False
DOP-0003227,AVL-SEY,DEV-AVLSEY-2,2021-05-01T00:00:00,2021-05-31T23:59:59,83.1,73.8,routine inspection,,ECO-SERVICE-3,closed,False,False,False
DOP-0003228,AVL-SEY,DEV-AVLSEY-2,2021-06-01T00:00:00,2021-06-30T23:59:59,95.2,88.7,routine inspection,,ECO-SERVICE-3,closed,False,False,False
DOP-0003229,AVL-SEY,DEV-AVLSEY-2,2021-07-01T00:00:00,2021-07-31T23:59:59,90.3,76.3,routine inspection,,ECO-SERVICE-3,closed,False,False,False
DOP-0003230,AVL-SEY,DEV-AVLSEY-2,2021-08-01T00:00:00,2021-08-31T23:59:59,95.7,90.3,routine inspection,,ECO-SERVICE-3,closed,False,False,False
DOP-0003231,AVL-SEY,DEV-AVLSEY-2,2021-09-01T00:00:00,2021-09-30T23:59:59,100.0,74.5,routine inspection,,ECO-SERVICE-3,closed,False,False,False
DOP-0003232,AVL-SEY,DEV-AVLSEY-2,2021-10-01T00:00:00,2021-10-31T23:59:59,97.6,75.6,routine inspection,,ECO-SERVICE-3,closed,False,False,False
DOP-0003233,AVL-SEY,DEV-AVLSEY-2,2021-11-01T00:00:00,2021-11-30T23:59:59,90.6,73.2,routine inspection,,ECO-SERVICE-3,closed,False,False,False
DOP-0003234,AVL-SEY,DEV-AVLSEY-2,2021-12-01T00:00:00,2021-12-31T23:59:59,98.7,84.4,routine inspection,,ECO-SERVICE-3,closed,False,False,False
DOP-0003235,AVL-SEY,DEV-AVLSEY-2,2022-01-01T00:00:00,2022-01-31T23:59:59,86.6,86.6,routine inspection,,ECO-SERVICE-3,closed,False,False,False
DOP-0003236,AVL-SEY,DEV-AVLSEY-2,2022-02-01T00:00:00,2022-02-28T23:59:59,94.3,68.7,routine inspection,,ECO-SERVICE-3,closed,False,False,False
DOP-0003237,AVL-SEY,DEV-AVLSEY-2,2022-03-01T00:00:00,2022-03-31T23:59:59,96.9,77.7,routine inspection,,ECO-SERVICE-3,closed,False,False,False
DOP-0003238,AVL-SEY,DEV-AVLSEY-2,2022-04-01T00:00:00,2022-04-30T23:59:59,88.4,83.9,routine inspection,,ECO-SERVICE-3,closed,False,False,False
DOP-0003239,AVL-SEY,DEV-AVLSEY-2,2022-05-01T00:00:00,2022-05-31T23:59:59,98.2,71.7,routine inspection,,ECO-SERVICE-3,closed,False,False,False
DOP-0003240,AVL-SEY,DEV-AVLSEY-2,2022-06-01T00:00:00,2022-06-30T23:59:59,97.6,78.8,routine inspection,,ECO-SERVICE-3,closed,False,False,False
DOP-0003241,AVL-SEY,DEV-AVLSEY-2,2022-07-01T00:00:00,2022-07-31T23:59:59,100.0,73.9,routine inspection,,ECO-SERVICE-3,closed,False,False,False
DOP-0003242,AVL-SEY,DEV-AVLSEY-2,2022-08-01T00:00:00,2022-08-31T23:59:59,65.3,67.2,corrective maintenance,STORAGE_LIMIT,ECO-SERVICE-3,closed,False,False,True
DOP-0003243,AVL-SEY,DEV-AVLSEY-2,2022-09-01T00:00:00,2022-09-30T23:59:59,90.1,77.8,routine inspection,,ECO-SERVICE-3,closed,False,False,False
DOP-0003244,AVL-SEY,DEV-AVLSEY-2,2022-10-01T00:00:00,2022-10-31T23:59:59,88.3,82.6,routine inspection,,ECO-SERVICE-3,closed,False,False,False
DOP-0003245,AVL-SEY,DEV-AVLSEY-2,2022-11-01T00:00:00,2022-11-30T23:59:59,97.6,73.4,routine inspection,,ECO-SERVICE-3,closed,False,False,False
DOP-0003246,AVL-SEY,DEV-AVLSEY-2,2022-12-01T00:00:00,2022-12-31T23:59:59,97.1,82.7,routine inspection,,ECO-SERVICE-3,closed,False,False,False
DOP-0003247,AVL-SEY,DEV-AVLSEY-2,2023-01-01T00:00:00,2023-01-31T23:59:59,75.5,69.2,corrective maintenance,MICROPHONE_DRIFT,ECO-SERVICE-3,closed,True,False,False
DOP-0003248,AVL-SEY,DEV-AVLSEY-2,2023-02-01T00:00:00,2023-02-28T23:59:59,100.0,78.4,routine inspection,,ECO-SERVICE-3,closed,False,False,False
DOP-0003249,AVL-SEY,DEV-AVLSEY-2,2023-03-01T00:00:00,2023-03-31T23:59:59,92.0,88.1,routine inspection,,ECO-SERVICE-3,closed,False,False,False
DOP-0003250,AVL-SEY,DEV-AVLSEY-2,2023-04-01T00:00:00,2023-04-30T23:59:59,93.3,83.8,routine inspection,,ECO-SERVICE-3,closed,False,False,False
DOP-0003251,AVL-SEY,DEV-AVLSEY-2,2023-05-01T00:00:00,2023-05-31T23:59:59,87.0,83.6,routine inspection,,ECO-SERVICE-3,closed,False,False,False
DOP-0003252,AVL-SEY,DEV-AVLSEY-2,2023-06-01T00:00:00,2023-06-30T23:59:59,99.3,75.6,routine inspection,,ECO-SERVICE-3,closed,False,False,False
DOP-0003253,AVL-SEY,DEV-AVLSEY-2,2023-07-01T00:00:00,2023-07-31T23:59:59,94.5,63.5,routine inspection,,ECO-SERVICE-3,closed,False,False,False
DOP-0003254,AVL-SEY,DEV-AVLSEY-2,2023-08-01T00:00:00,2023-08-31T23:59:59,97.9,74.6,routine inspection,,ECO-SERVICE-3,closed,False,False,False
DOP-0003255,AVL-SEY,DEV-AVLSEY-2,2023-09-01T00:00:00,2023-09-30T23:59:59,93.5,82.4,routine inspection,,ECO-SERVICE-3,closed,False,False,False
DOP-0003256,AVL-SEY,DEV-AVLSEY-2,2023-10-01T00:00:00,2023-10-31T23:59:59,88.9,80.6,routine inspection,,ECO-SERVICE-3,closed,False,False,False
DOP-0003257,AVL-SEY,DEV-AVLSEY-2,2023-11-01T00:00:00,2023-11-30T23:59:59,93.5,79.7,routine inspection,,ECO-SERVICE-3,closed,False,False,False
DOP-0003258,AVL-SEY,DEV-AVLSEY-2,2023-12-01T00:00:00,2023-12-31T23:59:59,95.2,76.8,routine inspection,,ECO-SERVICE-3,closed,False,False,False
DOP-0003259,AVL-SEY,DEV-AVLSEY-2,2024-01-01T00:00:00,2024-01-31T23:59:59,94.3,83.9,routine inspection,,ECO-SERVICE-3,closed,False,False,False
DOP-0003260,AVL-SEY,DEV-AVLSEY-2,2024-02-01T00:00:00,2024-02-29T23:59:59,88.0,77.3,routine inspection,,ECO-SERVICE-3,closed,False,False,False
DOP-0003261,AVL-SEY,DEV-AVLSEY-2,2024-03-01T00:00:00,2024-03-31T23:59:59,91.5,90.5,routine inspection,,ECO-SERVICE-3,closed,False,False,False
DOP-0003262,AVL-SEY,DEV-AVLSEY-2,2024-04-01T00:00:00,2024-04-30T23:59:59,93.4,88.1,routine inspection,,ECO-SERVICE-3,closed,False,False,False
DOP-0003263,AVL-SEY,DEV-AVLSEY-2,2024-05-01T00:00:00,2024-05-31T23:59:59,98.8,71.2,routine inspection,,ECO-SERVICE-3,closed,False,False,False
DOP-0003264,AVL-SEY,DEV-AVLSEY-2,2024-06-01T00:00:00,2024-06-30T23:59:59,95.3,69.8,routine inspection,,ECO-SERVICE-3,closed,False,False,False
DOP-0003265,AVL-SEY,DEV-AVLSEY-2,2024-07-01T00:00:00,2024-07-31T23:59:59,50.1,68.0,corrective maintenance,STORAGE_LIMIT,ECO-SERVICE-3,closed,False,False,True
DOP-0003266,AVL-SEY,DEV-AVLSEY-2,2024-08-01T00:00:00,2024-08-31T23:59:59,99.5,68.5,routine inspection,,ECO-SERVICE-3,closed,False,False,False
DOP-0003267,AVL-SEY,DEV-AVLSEY-2,2024-09-01T00:00:00,2024-09-30T23:59:59,95.0,77.7,routine inspection,,ECO-SERVICE-3,closed,False,False,False
DOP-0003268,AVL-SEY,DEV-AVLSEY-2,2024-10-01T00:00:00,2024-10-31T23:59:59,92.4,76.6,routine inspection,,ECO-SERVICE-3,closed,False,False,False
DOP-0003269,AVL-SEY,DEV-AVLSEY-2,2024-11-01T00:00:00,2024-11-30T23:59:59,96.3,86.6,routine inspection,,ECO-SERVICE-3,closed,False,False,False
DOP-0003270,AVL-SEY,DEV-AVLSEY-2,2024-12-01T00:00:00,2024-12-31T23:59:59,99.5,82.7,routine inspection,,ECO-SERVICE-3,closed,False,False,False
DOP-0003271,AVL-SEY,DEV-AVLSEY-2,2025-01-01T00:00:00,2025-01-31T23:59:59,99.0,78.4,routine inspection,,ECO-SERVICE-3,closed,False,False,False
DOP-0003272,AVL-SEY,DEV-AVLSEY-2,2025-02-01T00:00:00,2025-02-28T23:59:59,89.3,92.5,routine inspection,,ECO-SERVICE-3,closed,False,False,False
DOP-0003273,AVL-SEY,DEV-AVLSEY-2,2025-03-01T00:00:00,2025-03-31T23:59:59,92.4,77.5,routine inspection,,ECO-SERVICE-3,closed,False,False,False
DOP-0003274,AVL-SEY,DEV-AVLSEY-2,2025-04-01T00:00:00,2025-04-30T23:59:59,97.8,77.5,routine inspection,,ECO-SERVICE-3,closed,False,False,False
DOP-0003275,AVL-SEY,DEV-AVLSEY-2,2025-05-01T00:00:00,2025-05-31T23:59:59,89.2,82.0,routine inspection,,ECO-SERVICE-3,closed,False,False,False
DOP-0003276,AVL-SEY,DEV-AVLSEY-2,2025-06-01T00:00:00,2025-06-30T23:59:59,96.0,77.4,routine inspection,,ECO-SERVICE-3,closed,False,False,False
DOP-0003277,AVL-HUA,DEV-AVLHUA-3,2019-01-01T00:00:00,2019-01-31T23:59:59,98.0,70.4,routine inspection,,ECO-SERVICE-4,closed,False,False,False
DOP-0003278,AVL-HUA,DEV-AVLHUA-3,2019-02-01T00:00:00,2019-02-28T23:59:59,92.7,83.3,routine inspection,,ECO-SERVICE-4,closed,False,False,False
DOP-0003279,AVL-HUA,DEV-AVLHUA-3,2019-03-01T00:00:00,2019-03-31T23:59:59,100.0,75.0,routine inspection,,ECO-SERVICE-4,closed,False,False,False
DOP-0003280,AVL-HUA,DEV-AVLHUA-3,2019-04-01T00:00:00,2019-04-30T23:59:59,100.0,86.5,routine inspection,,ECO-SERVICE-4,closed,False,False,False
DOP-0003281,AVL-HUA,DEV-AVLHUA-3,2019-05-01T00:00:00,2019-05-31T23:59:59,93.5,82.6,routine inspection,,ECO-SERVICE-4,closed,False,False,False
DOP-0003282,AVL-HUA,DEV-AVLHUA-3,2019-06-01T00:00:00,2019-06-30T23:59:59,95.3,77.7,routine inspection,,ECO-SERVICE-4,closed,False,False,False
DOP-0003283,AVL-HUA,DEV-AVLHUA-3,2019-07-01T00:00:00,2019-07-31T23:59:59,96.0,79.2,routine inspection,,ECO-SERVICE-4,closed,False,False,False
DOP-0003284,AVL-HUA,DEV-AVLHUA-3,2019-08-01T00:00:00,2019-08-31T23:59:59,99.4,83.1,routine inspection,,ECO-SERVICE-4,closed,False,False,False
DOP-0003285,AVL-HUA,DEV-AVLHUA-3,2019-09-01T00:00:00,2019-09-30T23:59:59,94.6,66.7,routine inspection,,ECO-SERVICE-4,closed,False,False,False
DOP-0003286,AVL-HUA,DEV-AVLHUA-3,2019-10-01T00:00:00,2019-10-31T23:59:59,94.1,75.3,routine inspection,,ECO-SERVICE-4,closed,False,False,False
DOP-0003287,AVL-HUA,DEV-AVLHUA-3,2019-11-01T00:00:00,2019-11-30T23:59:59,99.3,78.3,routine inspection,,ECO-SERVICE-4,closed,False,False,False
DOP-0003288,AVL-HUA,DEV-AVLHUA-3,2019-12-01T00:00:00,2019-12-31T23:59:59,99.3,63.7,routine inspection,,ECO-SERVICE-4,closed,False,False,False
DOP-0003289,AVL-HUA,DEV-AVLHUA-3,2020-01-01T00:00:00,2020-01-31T23:59:59,100.0,74.7,routine inspection,,ECO-SERVICE-4,closed,False,False,False
DOP-0003290,AVL-HUA,DEV-AVLHUA-3,2020-02-01T00:00:00,2020-02-29T23:59:59,95.6,86.6,routine inspection,,ECO-SERVICE-4,closed,False,False,False
DOP-0003291,AVL-HUA,DEV-AVLHUA-3,2020-03-01T00:00:00,2020-03-31T23:59:59,82.8,79.0,routine inspection,,ECO-SERVICE-4,closed,False,False,False
DOP-0003292,AVL-HUA,DEV-AVLHUA-3,2020-04-01T00:00:00,2020-04-30T23:59:59,100.0,82.8,routine inspection,,ECO-SERVICE-4,closed,False,False,False
DOP-0003293,AVL-HUA,DEV-AVLHUA-3,2020-05-01T00:00:00,2020-05-31T23:59:59,100.0,88.6,routine inspection,,ECO-SERVICE-4,closed,False,False,False
DOP-0003294,AVL-HUA,DEV-AVLHUA-3,2020-06-01T00:00:00,2020-06-30T23:59:59,88.8,94.9,routine inspection,,ECO-SERVICE-4,closed,False,False,False
DOP-0003295,AVL-HUA,DEV-AVLHUA-3,2020-07-01T00:00:00,2020-07-31T23:59:59,81.8,67.8,routine inspection,,ECO-SERVICE-4,closed,False,False,False
DOP-0003296,AVL-HUA,DEV-AVLHUA-3,2020-08-01T00:00:00,31-Aug-2020 23:59:59,85.7,90.4,routine inspection,,ECO-SERVICE-4,closed,False,False,False
DOP-0003297,AVL-HUA,DEV-AVLHUA-3,2020-09-01T00:00:00,2020-09-30T23:59:59,90.5,71.0,routine inspection,,ECO-SERVICE-4,closed,False,False,False
DOP-0003298,AVL-HUA,DEV-AVLHUA-3,2020-10-01T00:00:00,2020-10-31T23:59:59,93.8,75.5,routine inspection,,ECO-SERVICE-4,closed,False,False,False
DOP-0003299,AVL-HUA,DEV-AVLHUA-3,2020-11-01T00:00:00,2020-11-30T23:59:59,100.0,78.3,routine inspection,,ECO-SERVICE-4,closed,False,False,False
DOP-0003300,AVL-HUA,DEV-AVLHUA-3,2020-12-01T00:00:00,2020-12-31T23:59:59,54.2,58.2,corrective maintenance,MICROPHONE_DRIFT,ECO-SERVICE-4,closed,True,False,False
DOP-0003301,AVL-HUA,DEV-AVLHUA-3,2021-01-01T00:00:00,2021-01-31T23:59:59,91.9,78.5,routine inspection,,ECO-SERVICE-4,closed,False,False,False
DOP-0003302,AVL-HUA,DEV-AVLHUA-3,2021-02-01T00:00:00,2021-02-28T23:59:59,99.0,79.3,routine inspection,,ECO-SERVICE-4,closed,False,False,False
DOP-0003303,AVL-HUA,DEV-AVLHUA-3,2021-03-01T00:00:00,2021-03-31T23:59:59,93.7,88.0,routine inspection,,ECO-SERVICE-4,closed,False,False,False
DOP-0003304,AVL-HUA,DEV-AVLHUA-3,2021-04-01T00:00:00,2021-04-30T23:59:59,100.0,87.8,routine inspection,,ECO-SERVICE-4,closed,False,False,False
DOP-0003305,AVL-HUA,DEV-AVLHUA-3,2021-05-01T00:00:00,2021-05-31T23:59:59,97.5,87.3,routine inspection,,ECO-SERVICE-4,closed,False,False,False
DOP-0003306,AVL-HUA,DEV-AVLHUA-3,2021-06-01T00:00:00,2021-06-30T23:59:59,92.5,77.5,routine inspection,,ECO-SERVICE-4,closed,False,False,False
DOP-0003307,AVL-HUA,DEV-AVLHUA-3,2021-07-01T00:00:00,2021-07-31T23:59:59,87.6,90.7,routine inspection,,ECO-SERVICE-4,closed,False,False,False
DOP-0003308,AVL-HUA,DEV-AVLHUA-3,2021-08-01T00:00:00,2021-08-31T23:59:59,90.8,77.5,routine inspection,,ECO-SERVICE-4,closed,False,False,False
DOP-0003309,AVL-HUA,DEV-AVLHUA-3,2021-09-01T00:00:00,2021-09-30T23:59:59,92.3,77.8,routine inspection,,ECO-SERVICE-4,closed,False,False,False
DOP-0003310,AVL-HUA,DEV-AVLHUA-3,2021-10-01T00:00:00,2021-10-31T23:59:59,89.0,63.7,routine inspection,,ECO-SERVICE-4,closed,False,False,False
DOP-0003311,AVL-HUA,DEV-AVLHUA-3,2021-11-01T00:00:00,2021-11-30T23:59:59,92.0,78.4,routine inspection,,ECO-SERVICE-4,closed,False,False,False
DOP-0003312,AVL-HUA,DEV-AVLHUA-3,2021-12-01T00:00:00,2021-12-31T23:59:59,91.0,69.3,routine inspection,,ECO-SERVICE-4,closed,False,False,False
DOP-0003313,AVL-HUA,DEV-AVLHUA-3,2022-01-01T00:00:00,2022-01-31T23:59:59,94.3,83.1,routine inspection,,ECO-SERVICE-4,closed,False,False,False
DOP-0003314,AVL-HUA,DEV-AVLHUA-3,2022-02-01T00:00:00,2022-02-28T23:59:59,95.5,75.4,routine inspection,,ECO-SERVICE-4,closed,False,False,False
DOP-0003315,AVL-HUA,DEV-AVLHUA-3,2022-03-01T00:00:00,2022-03-31T23:59:59,100.0,84.9,routine inspection,,ECO-SERVICE-4,closed,False,False,False
DOP-0003316,AVL-HUA,DEV-AVLHUA-3,2022-04-01T00:00:00,2022-04-30T23:59:59,86.3,85.4,routine inspection,,ECO-SERVICE-4,closed,False,False,False
DOP-0003317,AVL-HUA,DEV-AVLHUA-3,2022-05-01T00:00:00,2022-05-31T23:59:59,91.5,80.7,routine inspection,,ECO-SERVICE-4,closed,False,False,False
DOP-0003318,AVL-HUA,DEV-AVLHUA-3,2022-06-01T00:00:00,2022-06-30T23:59:59,94.1,91.5,routine inspection,,ECO-SERVICE-4,closed,False,False,False
DOP-0003319,AVL-HUA,DEV-AVLHUA-3,2022-07-01T00:00:00,2022-07-31T23:59:59,87.7,79.4,routine inspection,,ECO-SERVICE-4,closed,False,False,False
DOP-0003320,AVL-HUA,DEV-AVLHUA-3,2022-08-01T00:00:00,2022-08-31T23:59:59,98.4,80.0,routine inspection,,ECO-SERVICE-4,closed,False,False,False
DOP-0003321,AVL-HUA,DEV-AVLHUA-3,2022-09-01T00:00:00,2022-09-30T23:59:59,92.9,86.0,routine inspection,,ECO-SERVICE-4,closed,False,False,False
DOP-0003322,AVL-HUA,DEV-AVLHUA-3,2022-10-01T00:00:00,2022-10-31T23:59:59,86.4,84.1,routine inspection,,ECO-SERVICE-4,closed,False,False,False
DOP-0003323,AVL-HUA,DEV-AVLHUA-3,2022-11-01T00:00:00,2022-11-30T23:59:59,94.4,87.7,routine inspection,,ECO-SERVICE-4,closed,False,False,False
DOP-0003324,AVL-HUA,DEV-AVLHUA-3,2022-12-01T00:00:00,2022-12-31T23:59:59,93.6,97.4,routine inspection,,ECO-SERVICE-4,closed,False,False,False
DOP-0003325,AVL-HUA,DEV-AVLHUA-3,2023-01-01T00:00:00,2023-01-31T23:59:59,91.7,91.7,routine inspection,,ECO-SERVICE-4,closed,False,False,False
DOP-0003326,AVL-HUA,DEV-AVLHUA-3,2023-02-01T00:00:00,2023-02-28T23:59:59,100.0,87.4,routine inspection,,ECO-SERVICE-4,closed,False,False,False
DOP-0003327,AVL-HUA,DEV-AVLHUA-3,2023-03-01T00:00:00,2023-03-31T23:59:59,93.5,76.0,routine inspection,,ECO-SERVICE-4,closed,False,False,False
DOP-0003328,AVL-HUA,DEV-AVLHUA-3,2023-04-01T00:00:00,2023-04-30T23:59:59,88.2,77.3,routine inspection,,ECO-SERVICE-4,closed,False,False,False
DOP-0003329,AVL-HUA,DEV-AVLHUA-3,2023-05-01T00:00:00,2023-05-31T23:59:59,90.8,80.5,routine inspection,,ECO-SERVICE-4,closed,False,False,False
DOP-0003330,AVL-HUA,DEV-AVLHUA-3,2023-06-01T00:00:00,2023-06-30T23:59:59,86.4,91.7,routine inspection,,ECO-SERVICE-4,CLOSED,False,False,False
DOP-0003331,AVL-HUA,DEV-AVLHUA-3,2023-07-01T00:00:00,2023-07-31T23:59:59,97.1,78.9,routine inspection,,ECO-SERVICE-4,closed,False,False,False
DOP-0003332,AVL-HUA,DEV-AVLHUA-3,2023-08-01T00:00:00,2023-08-31T23:59:59,100.0,73.0,routine inspection,,ECO-SERVICE-4,closed,False,False,False
DOP-0003333,AVL-HUA,DEV-AVLHUA-3,2023-09-01T00:00:00,2023-09-30T23:59:59,87.4,74.7,routine inspection,,ECO-SERVICE-4,closed,False,False,False
DOP-0003334,AVL-HUA,DEV-AVLHUA-3,2023-10-01T00:00:00,2023-10-31T23:59:59,93.0,80.7,routine inspection,,ECO-SERVICE-4,closed,False,False,False
DOP-0003335,AVL-HUA,DEV-AVLHUA-3,2023-11-01T00:00:00,2023-11-30T23:59:59,96.4,78.9,routine inspection,,ECO-SERVICE-4,closed,False,False,False
DOP-0003336,AVL-HUA,DEV-AVLHUA-3,2023-12-01T00:00:00,2023-12-31T23:59:59,97.9,82.5,routine inspection,,ECO-SERVICE-4,closed,False,False,False
DOP-0003337,AVL-HUA,DEV-AVLHUA-3,2024-01-01T00:00:00,2024-01-31T23:59:59,87.8,89.1,routine inspection,,ECO-SERVICE-4,closed,False,False,False
DOP-0003338,AVL-HUA,DEV-AVLHUA-3,2024-02-01T00:00:00,2024-02-29T23:59:59,96.0,91.9,routine inspection,,ECO-SERVICE-4,closed,False,False,False
DOP-0003339,AVL-HUA,DEV-AVLHUA-3,2024-03-01T00:00:00,2024-03-31T23:59:59,96.6,88.6,routine inspection,,ECO-SERVICE-4,closed,False,False,False
DOP-0003340,AVL-HUA,DEV-AVLHUA-3,2024-04-01T00:00:00,2024-04-30T23:59:59,100.0,72.8,routine inspection,,ECO-SERVICE-4,closed,False,False,False
DOP-0003341,AVL-HUA,DEV-AVLHUA-3,2024-05-01T00:00:00,2024-05-31T23:59:59,97.1,78.8,routine inspection,,ECO-SERVICE-4,closed,False,False,False
DOP-0003342,AVL-HUA,DEV-AVLHUA-3,2024-06-01T00:00:00,2024-06-30T23:59:59,97.9,82.2,routine inspection,,ECO-SERVICE-4,closed,False,False,False
DOP-0003343,AVL-HUA,DEV-AVLHUA-3,2024-07-01T00:00:00,2024-07-31T23:59:59,69.9,55.8,corrective maintenance,MICROPHONE_DRIFT,ECO-SERVICE-4,closed,True,False,False
DOP-0003344,AVL-HUA,DEV-AVLHUA-3,2024-08-01T00:00:00,2024-08-31T23:59:59,95.2,71.3,routine inspection,,ECO-SERVICE-4,closed,False,False,False
DOP-0003345,AVL-HUA,DEV-AVLHUA-3,2024-09-01T00:00:00,2024-09-30T23:59:59,93.0,79.9,routine inspection,,ECO-SERVICE-4,closed,False,False,False
DOP-0003346,AVL-HUA,DEV-AVLHUA-3,2024-10-01T00:00:00,2024-10-31T23:59:59,92.1,79.2,routine inspection,,ECO-SERVICE-4,closed,False,False,False
DOP-0003347,AVL-HUA,DEV-AVLHUA-3,2024-11-01T00:00:00,2024-11-30T23:59:59,94.9,69.4,routine inspection,,ECO-SERVICE-4,closed,False,False,False
DOP-0003348,AVL-HUA,DEV-AVLHUA-3,2024-12-01T00:00:00,2024-12-31T23:59:59,93.0,79.6,routine inspection,,ECO-SERVICE-4,closed,False,False,False
DOP-0003349,AVL-HUA,DEV-AVLHUA-3,2025-01-01T00:00:00,2025-01-31T23:59:59,96.9,85.0,routine inspection,,ECO-SERVICE-4,closed,False,False,False
DOP-0003350,AVL-HUA,DEV-AVLHUA-3,2025-02-01T00:00:00,2025-02-28T23:59:59,87.5,87.9,routine inspection,,ECO-SERVICE-4,closed,False,False,False
DOP-0003351,AVL-HUA,DEV-AVLHUA-3,2025-03-01T00:00:00,2025-03-31T23:59:59,93.6,80.5,routine inspection,,ECO-SERVICE-4,closed,False,False,False
DOP-0003352,AVL-HUA,DEV-AVLHUA-3,2025-04-01T00:00:00,2025-04-30T23:59:59,92.7,78.8,routine inspection,,ECO-SERVICE-4,closed,False,False,False
DOP-0003353,AVL-HUA,DEV-AVLHUA-3,2025-05-01T00:00:00,2025-05-31T23:59:59,92.1,74.1,routine inspection,,ECO-SERVICE-4,closed,False,False,False
DOP-0003354,AVL-HUA,DEV-AVLHUA-3,2025-06-01T00:00:00,2025-06-30T23:59:59,95.5,77.2,routine inspection,,ECO-SERVICE-4,closed,False,False,False
DOP-0003355,AVL-FNM,DEV-AVLFNM-1,2019-01-01T00:00:00,2019-01-31T23:59:59,100.0,79.6,routine inspection,,ECO-SERVICE-1,closed,False,False,False
DOP-0003356,AVL-FNM,DEV-AVLFNM-1,2019-02-01T00:00:00,2019-02-28T23:59:59,93.6,75.4,routine inspection,,ECO-SERVICE-1,closed,False,False,False
DOP-0003357,AVL-FNM,DEV-AVLFNM-1,2019-03-01T00:00:00,2019-03-31T23:59:59,91.5,70.4,routine inspection,,ECO-SERVICE-1,closed,False,False,False
DOP-0003358,AVL-FNM,DEV-AVLFNM-1,2019-04-01T00:00:00,2019-04-30T23:59:59,91.1,71.0,routine inspection,,ECO-SERVICE-1,closed,False,False,False
DOP-0003359,AVL-FNM,DEV-AVLFNM-1,2019-05-01T00:00:00,2019-05-31T23:59:59,99.5,89.6,routine inspection,,ECO-SERVICE-1,closed,False,False,False
DOP-0003360,AVL-FNM,DEV-AVLFNM-1,2019-06-01T00:00:00,2019-06-30T23:59:59,85.7,77.9,routine inspection,,ECO-SERVICE-1,closed,False,False,False
DOP-0003361,AVL-FNM,DEV-AVLFNM-1,2019-07-01T00:00:00,2019-07-31T23:59:59,91.4,71.7,routine inspection,,ECO-SERVICE-1,closed,False,False,False
DOP-0003362,AVL-FNM,DEV-AVLFNM-1,2019-08-01T00:00:00,2019-08-31T23:59:59,54.7,76.8,corrective maintenance,STORAGE_LIMIT,ECO-SERVICE-1,closed,False,False,True
DOP-0003363,AVL-FNM,DEV-AVLFNM-1,2019-09-01T00:00:00,2019-09-30T23:59:59,99.6,77.9,routine inspection,,ECO-SERVICE-1,closed,False,False,False
DOP-0003364,AVL-FNM,DEV-AVLFNM-1,2019-10-01T00:00:00,2019-10-31T23:59:59,97.6,80.4,routine inspection,,ECO-SERVICE-1,closed,False,False,False
DOP-0003365,AVL-FNM,DEV-AVLFNM-1,2019-11-01T00:00:00,2019-11-30T23:59:59,88.1,90.0,routine inspection,,ECO-SERVICE-1,closed,False,False,False
DOP-0003366,AVL-FNM,DEV-AVLFNM-1,2019-12-01T00:00:00,2019-12-31T23:59:59,93.1,83.4,routine inspection,,ECO-SERVICE-1,closed,False,False,False
DOP-0003367,AVL-FNM,DEV-AVLFNM-1,2020-01-01T00:00:00,2020-01-31T23:59:59,97.0,86.2,routine inspection,,ECO-SERVICE-1,closed,False,False,False
DOP-0003368,AVL-FNM,DEV-AVLFNM-1,2020-02-01T00:00:00,2020-02-29T23:59:59,69.8,65.5,corrective maintenance,MICROPHONE_DRIFT,ECO-SERVICE-1,closed,True,False,False
DOP-0003369,AVL-FNM,DEV-AVLFNM-1,2020-03-01T00:00:00,2020-03-31T23:59:59,92.3,70.8,routine inspection,,ECO-SERVICE-1,closed,False,False,False
DOP-0003370,AVL-FNM,DEV-AVLFNM-1,2020-04-01T00:00:00,2020-04-30T23:59:59,89.0,88.5,routine inspection,,ECO-SERVICE-1,closed,False,False,False
DOP-0003371,AVL-FNM,DEV-AVLFNM-1,2020-05-01T00:00:00,2020-05-31T23:59:59,91.1,73.5,routine inspection,,ECO-SERVICE-1,closed,False,False,False
DOP-0003372,AVL-FNM,DEV-AVLFNM-1,2020-06-01T00:00:00,2020-06-30T23:59:59,88.9,69.9,routine inspection,,ECO-SERVICE-1,closed,False,False,False
DOP-0003373,AVL-FNM,DEV-AVLFNM-1,2020-07-01T00:00:00,2020-07-31T23:59:59,90.0,91.7,routine inspection,,ECO-SERVICE-1,closed,False,False,False
DOP-0003374,AVL-FNM,DEV-AVLFNM-1,2020-08-01T00:00:00,2020-08-31T23:59:59,95.8,82.7,routine inspection,,ECO-SERVICE-1,closed,False,False,False
DOP-0003375,AVL-FNM,DEV-AVLFNM-1,2020-09-01T00:00:00,2020-09-30T23:59:59,100.0,74.2,routine inspection,,ECO-SERVICE-1,closed,False,False,False
DOP-0003376,AVL-FNM,DEV-AVLFNM-1,2020-10-01T00:00:00,2020-10-31T23:59:59,89.3,75.2,routine inspection,,ECO-SERVICE-1,closed,False,False,False
DOP-0003377,AVL-FNM,DEV-AVLFNM-1,2020-11-01T00:00:00,2020-11-30T23:59:59,90.0,69.7,routine inspection,,ECO-SERVICE-1,closed,False,False,False
DOP-0003378,AVL-FNM,DEV-AVLFNM-1,2020-12-01T00:00:00,2020-12-31T23:59:59,93.8,82.4,routine inspection,,ECO-SERVICE-1,closed,False,False,False
DOP-0003379,AVL-FNM,DEV-AVLFNM-1,2021-01-01T00:00:00,2021-01-31T23:59:59,93.8,80.2,routine inspection,,ECO-SERVICE-1,closed,False,False,False
DOP-0003380,AVL-FNM,DEV-AVLFNM-1,2021-02-01T00:00:00,2021-02-28T23:59:59,98.0,68.5,routine inspection,,ECO-SERVICE-1,closed,False,False,False
DOP-0003381,AVL-FNM,DEV-AVLFNM-1,2021-03-01T00:00:00,2021-03-31T23:59:59,91.0,76.5,routine inspection,,ECO-SERVICE-1,closed,False,False,False
DOP-0003382,AVL-FNM,DEV-AVLFNM-1,2021-04-01T00:00:00,2021-04-30T23:59:59,96.8,77.1,routine inspection,,ECO-SERVICE-1,closed,False,False,False
DOP-0003383,AVL-FNM,DEV-AVLFNM-1,2021-05-01T00:00:00,2021-05-31T23:59:59,89.8,78.3,routine inspection,,ECO-SERVICE-1,closed,False,False,False
DOP-0003384,AVL-FNM,DEV-AVLFNM-1,2021-06-01T00:00:00,2021-06-30T23:59:59,98.6,76.2,routine inspection,,ECO-SERVICE-1,closed,False,False,False
DOP-0003385,AVL-FNM,DEV-AVLFNM-1,2021-07-01T00:00:00,2021-07-31T23:59:59,92.9,76.2,routine inspection,,ECO-SERVICE-1,closed,False,False,False
DOP-0003386,AVL-FNM,DEV-AVLFNM-1,2021-08-01T00:00:00,2021-08-31T23:59:59,95.0,79.3,routine inspection,,ECO-SERVICE-1,closed,False,False,False
DOP-0003387,AVL-FNM,DEV-AVLFNM-1,2021-09-01T00:00:00,2021-09-30T23:59:59,94.0,72.6,routine inspection,,ECO-SERVICE-1,closed,False,False,False
DOP-0003388,AVL-FNM,DEV-AVLFNM-1,2021-10-01T00:00:00,2021-10-31T23:59:59,86.0,71.6,routine inspection,,ECO-SERVICE-1,closed,False,False,False
DOP-0003389,AVL-FNM,DEV-AVLFNM-1,2021-11-01T00:00:00,2021-11-30T23:59:59,98.5,78.2,routine inspection,,ECO-SERVICE-1,closed,False,False,False
DOP-0003390,AVL-FNM,DEV-AVLFNM-1,2021-12-01T00:00:00,2021-12-31T23:59:59,92.3,64.6,routine inspection,,ECO-SERVICE-1,closed,False,False,False
DOP-0003391,AVL-FNM,DEV-AVLFNM-1,2022-01-01T00:00:00,2022-01-31T23:59:59,100.0,72.4,routine inspection,,ECO-SERVICE-1,closed,False,False,False
DOP-0003392,AVL-FNM,DEV-AVLFNM-1,2022-02-01T00:00:00,2022-02-28T23:59:59,96.3,74.9,routine inspection,,ECO-SERVICE-1,closed,False,False,False
DOP-0003393,AVL-FNM,DEV-AVLFNM-1,2022-03-01T00:00:00,2022-03-31T23:59:59,100.0,76.8,routine inspection,,ECO-SERVICE-1,closed,False,False,False
DOP-0003394,AVL-FNM,DEV-AVLFNM-1,2022-04-01T00:00:00,2022-04-30T23:59:59,94.9,83.5,routine inspection,,ECO-SERVICE-1,closed,False,False,False
DOP-0003395,AVL-FNM,DEV-AVLFNM-1,2022-05-01T00:00:00,2022-05-31T23:59:59,96.1,85.5,routine inspection,,ECO-SERVICE-1,closed,False,False,False
DOP-0003396,AVL-FNM,DEV-AVLFNM-1,2022-06-01T00:00:00,2022-06-30T23:59:59,94.3,76.1,routine inspection,,ECO-SERVICE-1,closed,False,False,False
DOP-0003397,AVL-FNM,DEV-AVLFNM-1,2022-07-01T00:00:00,2022-07-31T23:59:59,88.1,76.8,routine inspection,,ECO-SERVICE-1,closed,False,False,False
DOP-0003398,AVL-FNM,DEV-AVLFNM-1,2022-08-01T00:00:00,2022-08-31T23:59:59,84.9,68.8,routine inspection,,ECO-SERVICE-1,closed,False,False,False
DOP-0003399,AVL-FNM,DEV-AVLFNM-1,2022-09-01T00:00:00,2022-09-30T23:59:59,92.0,76.2,routine inspection,,ECO-SERVICE-1,closed,False,False,False
DOP-0003400,AVL-FNM,DEV-AVLFNM-1,2022-10-01T00:00:00,2022-10-31T23:59:59,95.5,79.9,routine inspection,,ECO-SERVICE-1,closed,False,False,False
DOP-0003401,AVL-FNM,DEV-AVLFNM-1,2022-11-01T00:00:00,2022-11-30T23:59:59,100.0,86.6,routine inspection,,ECO-SERVICE-1,closed,False,False,False
DOP-0003402,AVL-FNM,DEV-AVLFNM-1,2022-12-01T00:00:00,2022-12-31T23:59:59,94.8,85.3,routine inspection,,,closed,False,False,False
DOP-0003403,AVL-FNM,DEV-AVLFNM-1,2023-01-01T00:00:00,2023-01-31T23:59:59,97.8,82.5,routine inspection,,ECO-SERVICE-1,closed,False,False,False
DOP-0003404,AVL-FNM,DEV-AVLFNM-1,2023-02-01T00:00:00,2023-02-28T23:59:59,100.0,98.8,routine inspection,,ECO-SERVICE-1,closed,False,False,False
DOP-0003405,AVL-FNM,DEV-AVLFNM-1,2023-03-01T00:00:00,2023-03-31T23:59:59,86.4,91.1,routine inspection,,ECO-SERVICE-1,closed,False,False,False
DOP-0003406,AVL-FNM,DEV-AVLFNM-1,2023-04-01T00:00:00,2023-04-30T23:59:59,89.6,89.1,routine inspection,,ECO-SERVICE-1,closed,False,False,False
DOP-0003407,AVL-FNM,DEV-AVLFNM-1,2023-05-01T00:00:00,2023-05-31T23:59:59,89.5,78.6,routine inspection,,ECO-SERVICE-1,closed,False,False,False
DOP-0003408,AVL-FNM,DEV-AVLFNM-1,2023-06-01T00:00:00,2023-06-30T23:59:59,90.5,83.8,routine inspection,,ECO-SERVICE-1,closed,False,False,False
DOP-0003409,AVL-FNM,DEV-AVLFNM-1,2023-07-01T00:00:00,2023-07-31T23:59:59,100.0,82.1,routine inspection,,ECO-SERVICE-1,closed,False,False,False
DOP-0003410,AVL-FNM,DEV-AVLFNM-1,2023-08-01T00:00:00,2023-08-31T23:59:59,99.6,75.2,routine inspection,,ECO-SERVICE-1,closed,False,False,False
DOP-0003411,AVL-FNM,DEV-AVLFNM-1,2023-09-01T00:00:00,2023-09-30T23:59:59,88.9,77.1,routine inspection,,ECO-SERVICE-1,closed,False,False,False
DOP-0003412,AVL-FNM,DEV-AVLFNM-1,2023-10-01T00:00:00,2023-10-31T23:59:59,100.0,65.3,routine inspection,,ECO-SERVICE-1,closed,False,False,False
DOP-0003413,AVL-FNM,DEV-AVLFNM-1,2023-11-01T00:00:00,2023-11-30T23:59:59,95.4,75.5,routine inspection,,ECO-SERVICE-1,closed,False,False,False
DOP-0003414,AVL-FNM,DEV-AVLFNM-1,2023-12-01T00:00:00,2023-12-31T23:59:59,83.5,77.2,routine inspection,,ECO-SERVICE-1,closed,False,False,False
DOP-0003415,AVL-FNM,DEV-AVLFNM-1,2024-01-01T00:00:00,2024-01-31T23:59:59,84.0,78.6,routine inspection,,ECO-SERVICE-1,closed,False,False,False
DOP-0003416,AVL-FNM,DEV-AVLFNM-1,2024-02-01T00:00:00,2024-02-29T23:59:59,100.0,81.0,routine inspection,,ECO-SERVICE-1,closed,False,False,False
DOP-0003417,AVL-FNM,DEV-AVLFNM-1,2024-03-01T00:00:00,2024-03-31T23:59:59,90.3,82.1,routine inspection,,ECO-SERVICE-1,closed,False,False,False
DOP-0003418,AVL-FNM,DEV-AVLFNM-1,2024-04-01T00:00:00,2024-04-30T23:59:59,87.1,77.7,routine inspection,,ECO-SERVICE-1,closed,False,False,False
DOP-0003419,AVL-FNM,DEV-AVLFNM-1,2024-05-01T00:00:00,2024-05-31T23:59:59,84.6,81.2,routine inspection,,ECO-SERVICE-1,closed,False,False,False
DOP-0003420,AVL-FNM,DEV-AVLFNM-1,2024-06-01T00:00:00,2024-06-30T23:59:59,97.8,78.0,routine inspection,,ECO-SERVICE-1,closed,False,False,False
DOP-0003421,AVL-FNM,DEV-AVLFNM-1,2024-07-01T00:00:00,2024-07-31T23:59:59,94.8,72.2,routine inspection,,ECO-SERVICE-1,closed,False,False,False
DOP-0003422,AVL-FNM,DEV-AVLFNM-1,2024-08-01T00:00:00,2024-08-31T23:59:59,93.8,76.3,routine inspection,,ECO-SERVICE-1,closed,False,False,False
DOP-0003423,AVL-FNM,DEV-AVLFNM-1,2024-09-01T00:00:00,2024-09-30T23:59:59,100.0,92.0,routine inspection,,ECO-SERVICE-1,closed,False,False,False
DOP-0003424,AVL-FNM,DEV-AVLFNM-1,2024-10-01T00:00:00,2024-10-31T23:59:59,89.5,78.1,routine inspection,,ECO-SERVICE-1,closed,False,False,False
DOP-0003425,AVL-FNM,DEV-AVLFNM-1,2024-11-01T00:00:00,2024-11-30T23:59:59,83.0,75.2,routine inspection,,ECO-SERVICE-1,closed,False,False,False
DOP-0003426,AVL-FNM,DEV-AVLFNM-1,2024-12-01T00:00:00,2024-12-31T23:59:59,98.2,76.7,routine inspection,,ECO-SERVICE-1,closed,False,False,False
DOP-0003427,AVL-FNM,DEV-AVLFNM-1,2025-01-01T00:00:00,2025-01-31T23:59:59,92.5,70.7,routine inspection,,ECO-SERVICE-1,closed,False,False,False
DOP-0003428,AVL-FNM,DEV-AVLFNM-1,2025-02-01T00:00:00,2025-02-28T23:59:59,93.5,75.7,routine inspection,,ECO-SERVICE-1,closed,False,False,False
DOP-0003429,AVL-FNM,DEV-AVLFNM-1,2025-03-01T00:00:00,2025-03-31T23:59:59,88.7,86.4,routine inspection,,ECO-SERVICE-1,closed,False,False,False
DOP-0003430,AVL-FNM,DEV-AVLFNM-1,2025-04-01T00:00:00,2025-04-30T23:59:59,94.5,89.5,routine inspection,,ECO-SERVICE-1,closed,False,False,False
DOP-0003431,AVL-FNM,DEV-AVLFNM-1,2025-05-01T00:00:00,2025-05-31T23:59:59,94.7,83.4,routine inspection,,ECO-SERVICE-1,closed,False,False,False
DOP-0003432,AVL-FNM,DEV-AVLFNM-1,2025-06-01T00:00:00,2025-06-30T23:59:59,91.8,74.9,routine inspection,,ECO-SERVICE-1,closed,False,False,False
DOP-0003433,AVL-NMQ,DEV-AVLNMQ-2,2019-01-01T00:00:00,2019-01-31T23:59:59,99.3,83.9,routine inspection,,ECO-SERVICE-2,closed,False,False,False
DOP-0003434,AVL-NMQ,DEV-AVLNMQ-2,2019-02-01T00:00:00,2019-02-28T23:59:59,100.0,86.3,routine inspection,,ECO-SERVICE-2,closed,False,False,False
DOP-0003435,AVL-NMQ,DEV-AVLNMQ-2,2019-03-01T00:00:00,2019-03-31T23:59:59,89.8,86.2,routine inspection,,ECO-SERVICE-2,closed,False,False,False
DOP-0003436,AVL-NMQ,DEV-AVLNMQ-2,2019-04-01T00:00:00,2019-04-30T23:59:59,97.9,81.6,routine inspection,,ECO-SERVICE-2,closed,False,False,False
DOP-0003437,AVL-NMQ,DEV-AVLNMQ-2,2019-05-01T00:00:00,2019-05-31T23:59:59,89.6,77.0,routine inspection,,ECO-SERVICE-2,closed,False,False,False
DOP-0003438,AVL-NMQ,DEV-AVLNMQ-2,2019-06-01T00:00:00,2019-06-30T23:59:59,90.1,76.9,Routine Inspection,,ECO-SERVICE-2,closed,False,False,False
DOP-0003439,AVL-NMQ,DEV-AVLNMQ-2,2019-07-01T00:00:00,2019-07-31T23:59:59,90.6,80.4,routine inspection,,ECO-SERVICE-2,closed,False,False,False
DOP-0003440,AVL-NMQ,DEV-AVLNMQ-2,2019-08-01T00:00:00,2019-08-31T23:59:59,91.8,74.9,routine inspection,,ECO-SERVICE-2,closed,False,False,False
DOP-0003441,AVL-NMQ,DEV-AVLNMQ-2,2019-09-01T00:00:00,2019-09-30T23:59:59,98.7,76.7,routine inspection,,ECO-SERVICE-2,closed,False,False,False
DOP-0003442,AVL-NMQ,DEV-AVLNMQ-2,2019-10-01T00:00:00,2019-10-31T23:59:59,95.5,78.2,routine inspection,,ECO-SERVICE-2,closed,False,False,False
DOP-0003443,AVL-NMQ,DEV-AVLNMQ-2,2019-11-01T00:00:00,2019-11-30T23:59:59,100.0,67.9,routine inspection,,ECO-SERVICE-2,closed,False,False,False
DOP-0003444,AVL-NMQ,DEV-AVLNMQ-2,2019-12-01T00:00:00,2019-12-31T23:59:59,90.9,78.4,routine inspection,,ECO-SERVICE-2,closed,False,False,False
DOP-0003445,AVL-NMQ,DEV-AVLNMQ-2,2020-01-01T00:00:00,2020-01-31T23:59:59,95.5,81.0,routine inspection,,ECO-SERVICE-2,closed,False,False,False
DOP-0003446,AVL-NMQ,DEV-AVLNMQ-2,2020-02-01T00:00:00,2020-02-29T23:59:59,100.0,77.6,routine inspection,,ECO-SERVICE-2,closed,False,False,False
DOP-0003447,AVL-NMQ,DEV-AVLNMQ-2,2020-03-01T00:00:00,2020-03-31T23:59:59,97.9,80.3,routine inspection,,ECO-SERVICE-2,closed,False,False,False
DOP-0003448,AVL-NMQ,DEV-AVLNMQ-2,2020-04-01T00:00:00,2020-04-30T23:59:59,96.5,80.4,routine inspection,,ECO-SERVICE-2,closed,False,False,False
DOP-0003449,AVL-NMQ,DEV-AVLNMQ-2,2020-05-01T00:00:00,2020-05-31T23:59:59,93.7,81.8,routine inspection,,ECO-SERVICE-2,closed,False,False,False
DOP-0003450,AVL-NMQ,DEV-AVLNMQ-2,2020-06-01T00:00:00,2020-06-30T23:59:59,99.8,81.3,routine inspection,,ECO-SERVICE-2,closed,False,False,False
DOP-0003451,AVL-NMQ,DEV-AVLNMQ-2,2020-07-01T00:00:00,2020-07-31T23:59:59,91.4,78.5,routine inspection,,ECO-SERVICE-2,closed,False,False,False
DOP-0003452,AVL-NMQ,DEV-AVLNMQ-2,2020-08-01T00:00:00,2020-08-31T23:59:59,98.5,75.3,routine inspection,,ECO-SERVICE-2,closed,False,False,False
DOP-0003453,AVL-NMQ,DEV-AVLNMQ-2,2020-09-01T00:00:00,2020-09-30T23:59:59,97.8,66.2,routine inspection,,ECO-SERVICE-2,closed,False,False,False
DOP-0003454,AVL-NMQ,DEV-AVLNMQ-2,2020-10-01T00:00:00,2020-10-31T23:59:59,88.6,74.1,routine inspection,,ECO-SERVICE-2,closed,False,False,False
DOP-0003455,AVL-NMQ,DEV-AVLNMQ-2,2020-11-01T00:00:00,2020-11-30T23:59:59,99.1,77.5,routine inspection,,ECO-SERVICE-2,closed,False,False,False
DOP-0003456,AVL-NMQ,DEV-AVLNMQ-2,2020-12-01T00:00:00,2020-12-31T23:59:59,92.3,90.3,routine inspection,,ECO-SERVICE-2,closed,False,False,False
DOP-0003457,AVL-NMQ,DEV-AVLNMQ-2,2021-01-01T00:00:00,2021-01-31T23:59:59,88.2,75.7,routine inspection,,ECO-SERVICE-2,closed,False,False,False
DOP-0003458,AVL-NMQ,DEV-AVLNMQ-2,2021-02-01T00:00:00,2021-02-28T23:59:59,98.3,88.4,routine inspection,,ECO-SERVICE-2,closed,False,False,False
DOP-0003459,AVL-NMQ,DEV-AVLNMQ-2,2021-03-01T00:00:00,2021-03-31T23:59:59,99.3,94.0,routine inspection,,ECO-SERVICE-2,closed,False,False,False
DOP-0003460,AVL-NMQ,DEV-AVLNMQ-2,2021-04-01T00:00:00,2021-04-30T23:59:59,87.7,83.4,routine inspection,,ECO-SERVICE-2,closed,False,False,False
DOP-0003461,AVL-NMQ,DEV-AVLNMQ-2,2021-05-01T00:00:00,2021-05-31T23:59:59,91.3,94.1,routine inspection,,ECO-SERVICE-2,closed,False,False,False
DOP-0003462,AVL-NMQ,DEV-AVLNMQ-2,2021-06-01T00:00:00,2021-06-30T23:59:59,100.0,73.1,routine inspection,,ECO-SERVICE-2,closed,False,False,False
DOP-0003463,AVL-NMQ,DEV-AVLNMQ-2,2021-07-01T00:00:00,2021-07-31T23:59:59,94.5,82.6,routine inspection,,ECO-SERVICE-2,closed,False,False,False
DOP-0003464,AVL-NMQ,DEV-AVLNMQ-2,2021-08-01T00:00:00,2021-08-31T23:59:59,97.0,73.9,routine inspection,,ECO-SERVICE-2,closed,False,False,False
DOP-0003465,AVL-NMQ,DEV-AVLNMQ-2,2021-09-01T00:00:00,2021-09-30T23:59:59,100.0,73.3,routine inspection,,ECO-SERVICE-2,closed,False,False,False
DOP-0003466,AVL-NMQ,DEV-AVLNMQ-2,2021-10-01T00:00:00,2021-10-31T23:59:59,86.6,74.4,routine inspection,,ECO-SERVICE-2,closed,False,False,False
DOP-0003467,AVL-NMQ,DEV-AVLNMQ-2,2021-11-01T00:00:00,2021-11-30T23:59:59,99.2,72.2,routine inspection,,ECO-SERVICE-2,closed,False,False,False
DOP-0003468,AVL-NMQ,DEV-AVLNMQ-2,2021-12-01T00:00:00,2021-12-31T23:59:59,90.6,71.6,routine inspection,,ECO-SERVICE-2,closed,False,False,False
DOP-0003469,AVL-NMQ,DEV-AVLNMQ-2,2022-01-01T00:00:00,2022-01-31T23:59:59,92.5,73.1,routine inspection,,ECO-SERVICE-2,closed,False,False,False
DOP-0003470,AVL-NMQ,DEV-AVLNMQ-2,2022-02-01T00:00:00,2022-02-28T23:59:59,88.5,93.9,routine inspection,,ECO-SERVICE-2,closed,False,False,False
DOP-0003471,AVL-NMQ,DEV-AVLNMQ-2,2022-03-01T00:00:00,2022-03-31T23:59:59,90.5,68.0,routine inspection,,ECO-SERVICE-2,closed,False,False,False
DOP-0003472,AVL-NMQ,DEV-AVLNMQ-2,2022-04-01T00:00:00,2022-04-30T23:59:59,93.6,71.2,routine inspection,,ECO-SERVICE-2,closed,False,False,False
DOP-0003473,AVL-NMQ,DEV-AVLNMQ-2,2022-05-01T00:00:00,2022-05-31T23:59:59,87.7,87.0,routine inspection,,ECO-SERVICE-2,closed,False,False,False
DOP-0003474,AVL-NMQ,DEV-AVLNMQ-2,2022-06-01T00:00:00,2022-06-30T23:59:59,91.6,87.4,ROUTINE INSPECTION,,ECO-SERVICE-2,closed,False,False,False
DOP-0003475,AVL-NMQ,DEV-AVLNMQ-2,2022-07-01T00:00:00,2022-07-31T23:59:59,96.1,91.2,routine inspection,,ECO-SERVICE-2,closed,False,False,False
DOP-0003476,AVL-NMQ,DEV-AVLNMQ-2,2022-08-01T00:00:00,2022-08-31T23:59:59,95.1,73.8,routine inspection,,ECO-SERVICE-2,closed,False,False,False
DOP-0003477,AVL-NMQ,DEV-AVLNMQ-2,2022-09-01T00:00:00,2022-09-30T23:59:59,98.2,82.7,routine inspection,,ECO-SERVICE-2,closed,False,False,False
DOP-0003478,AVL-NMQ,DEV-AVLNMQ-2,2022-10-01T00:00:00,2022-10-31T23:59:59,92.4,78.3,routine inspection,,ECO-SERVICE-2,closed,False,False,False
DOP-0003479,AVL-NMQ,DEV-AVLNMQ-2,2022-11-01T00:00:00,2022-11-30T23:59:59,89.7,78.5,routine inspection,,ECO-SERVICE-2,closed,False,False,False
DOP-0003480,AVL-NMQ,DEV-AVLNMQ-2,2022-12-01T00:00:00,2022-12-31T23:59:59,90.2,74.8,routine inspection,,ECO-SERVICE-2,closed,False,False,False
DOP-0003481,AVL-NMQ,DEV-AVLNMQ-2,2023-01-01T00:00:00,2023-01-31T23:59:59,97.5,83.9,routine inspection,,ECO-SERVICE-2,closed,False,False,False
DOP-0003482,AVL-NMQ,DEV-AVLNMQ-2,2023-02-01T00:00:00,2023-02-28T23:59:59,100.0,75.7,routine inspection,,ECO-SERVICE-2,closed,False,False,False
DOP-0003483,AVL-NMQ,DEV-AVLNMQ-2,2023-03-01T00:00:00,2023-03-31T23:59:59,90.8,68.4,routine inspection,,ECO-SERVICE-2,closed,False,False,False
DOP-0003484,AVL-NMQ,DEV-AVLNMQ-2,2023-04-01T00:00:00,2023-04-30T23:59:59,94.5,72.8,routine inspection,,ECO-SERVICE-2,closed,False,False,False
DOP-0003485,AVL-NMQ,DEV-AVLNMQ-2,2023-05-01T00:00:00,2023-05-31T23:59:59,94.5,77.5,routine inspection,,ECO-SERVICE-2,closed,False,False,False
DOP-0003486,AVL-NMQ,DEV-AVLNMQ-2,2023-06-01T00:00:00,2023-06-30T23:59:59,86.8,84.3,routine inspection,,ECO-SERVICE-2,closed,False,False,False
DOP-0003487,AVL-NMQ,DEV-AVLNMQ-2,2023-07-01T00:00:00,2023-07-31T23:59:59,91.4,73.5,routine inspection,,ECO-SERVICE-2,closed,False,False,False
DOP-0003488,AVL-NMQ,DEV-AVLNMQ-2,2023-08-01T00:00:00,2023-08-31T23:59:59,95.7,68.8,routine inspection,,ECO-SERVICE-2,closed,False,False,False
DOP-0003489,AVL-NMQ,DEV-AVLNMQ-2,2023-09-01T00:00:00,2023-09-30T23:59:59,88.6,79.2,routine inspection,,ECO-SERVICE-2,closed,False,False,False
DOP-0003490,AVL-NMQ,DEV-AVLNMQ-2,2023-10-01T00:00:00,2023-10-31T23:59:59,100.0,83.3,routine inspection,,ECO-SERVICE-2,closed,False,False,False
DOP-0003491,AVL-NMQ,DEV-AVLNMQ-2,2023-11-01T00:00:00,2023-11-30T23:59:59,92.3,75.6,routine inspection,,ECO-SERVICE-2,closed,False,False,False
DOP-0003492,AVL-NMQ,DEV-AVLNMQ-2,2023-12-01T00:00:00,2023-12-31T23:59:59,88.4,81.0,routine inspection,,ECO-SERVICE-2,closed,False,False,False
DOP-0003493,AVL-NMQ,DEV-AVLNMQ-2,2024-01-01T00:00:00,2024-01-31T23:59:59,100.0,91.3,routine inspection,,ECO-SERVICE-2,closed,False,False,False
DOP-0003494,AVL-NMQ,DEV-AVLNMQ-2,2024-02-01T00:00:00,2024-02-29T23:59:59,94.2,70.7,routine inspection,,ECO-SERVICE-2,closed,False,False,False
DOP-0003495,AVL-NMQ,DEV-AVLNMQ-2,2024-03-01T00:00:00,2024-03-31T23:59:59,93.9,84.0,routine inspection,,ECO-SERVICE-2,closed,False,False,False
DOP-0003496,AVL-NMQ,DEV-AVLNMQ-2,2024-04-01T00:00:00,2024-04-30T23:59:59,92.8,96.7,routine inspection,,ECO-SERVICE-2,closed,False,False,False
DOP-0003497,AVL-NMQ,DEV-AVLNMQ-2,2024-05-01T00:00:00,2024-05-31T23:59:59,93.4,92.2,routine inspection,,ECO-SERVICE-2,closed,False,False,False
DOP-0003498,AVL-NMQ,DEV-AVLNMQ-2,2024-06-01T00:00:00,2024-06-30T23:59:59,99.3,68.8,routine inspection,,ECO-SERVICE-2,closed,False,False,False
DOP-0003499,AVL-NMQ,DEV-AVLNMQ-2,2024-07-01T00:00:00,2024-07-31T23:59:59,91.1,74.4,routine inspection,,ECO-SERVICE-2,closed,False,False,False
DOP-0003500,AVL-NMQ,DEV-AVLNMQ-2,2024-08-01T00:00:00,2024-08-31T23:59:59,95.9,77.2,routine inspection,,ECO-SERVICE-2,closed,False,False,False
DOP-0003501,AVL-NMQ,DEV-AVLNMQ-2,2024-09-01T00:00:00,2024-09-30T23:59:59,100.0,77.5,routine inspection,,ECO-SERVICE-2,closed,False,False,False
DOP-0003502,AVL-NMQ,DEV-AVLNMQ-2,2024-10-01T00:00:00,2024-10-31T23:59:59,94.0,79.7,routine inspection,,ECO-SERVICE-2,closed,False,False,False
DOP-0003503,AVL-NMQ,DEV-AVLNMQ-2,2024-11-01T00:00:00,2024-11-30T23:59:59,89.2,81.7,routine inspection,,ECO-SERVICE-2,closed,False,False,False
DOP-0003504,AVL-NMQ,DEV-AVLNMQ-2,2024-12-01T00:00:00,2024-12-31T23:59:59,91.7,77.9,routine inspection,,ECO-SERVICE-2,closed,False,False,False
DOP-0003505,AVL-NMQ,DEV-AVLNMQ-2,2025-01-01T00:00:00,2025-01-31T23:59:59,86.0,87.9,routine inspection,,ECO-SERVICE-2,closed,False,False,False
DOP-0003506,AVL-NMQ,DEV-AVLNMQ-2,2025-02-01T00:00:00,2025-02-28T23:59:59,89.5,80.6,routine inspection,,ECO-SERVICE-2,closed,False,False,False
DOP-0003507,AVL-NMQ,DEV-AVLNMQ-2,2025-03-01T00:00:00,2025-03-31T23:59:59,98.1,92.3,routine inspection,,ECO-SERVICE-2,closed,False,False,False
DOP-0003508,AVL-NMQ,DEV-AVLNMQ-2,2025-04-01T00:00:00,2025-04-30T23:59:59,93.9,75.4,routine inspection,,ECO-SERVICE-2,closed,False,False,False
DOP-0003509,AVL-NMQ,DEV-AVLNMQ-2,2025-05-01T00:00:00,2025-05-31T23:59:59,96.1,76.0,routine inspection,,ECO-SERVICE-2,closed,False,False,False
DOP-0003510,AVL-NMQ,DEV-AVLNMQ-2,2025-06-01T00:00:00,2025-06-30T23:59:59,97.1,80.1,routine inspection,,ECO-SERVICE-2,closed,False,False,False
DOP-0003511,AVL-FNQ,DEV-AVLFNQ-3,2019-01-01T00:00:00,2019-01-31T23:59:59,95.4,74.4,routine inspection,,ECO-SERVICE-3,closed,False,False,False
DOP-0003512,AVL-FNQ,DEV-AVLFNQ-3,2019-02-01T00:00:00,2019-02-28T23:59:59,95.9,82.6,routine inspection,,ECO-SERVICE-3,closed,False,False,False
DOP-0003513,AVL-FNQ,DEV-AVLFNQ-3,2019-03-01T00:00:00,2019-03-31T23:59:59,100.0,65.7,routine inspection,,ECO-SERVICE-3,closed,False,False,False
DOP-0003514,AVL-FNQ,DEV-AVLFNQ-3,2019-04-01T00:00:00,2019-04-30T23:59:59,96.1,92.2,routine inspection,,ECO-SERVICE-3,closed,False,False,False
DOP-0003515,AVL-FNQ,DEV-AVLFNQ-3,2019-05-01T00:00:00,2019-05-31T23:59:59,92.6,71.2,routine inspection,,ECO-SERVICE-3,closed,False,False,False
DOP-0003516,AVL-FNQ,DEV-AVLFNQ-3,2019-06-01T00:00:00,2019-06-30T23:59:59,95.5,85.8,routine inspection,,ECO-SERVICE-3,closed,False,False,False
DOP-0003517,AVL-FNQ,DEV-AVLFNQ-3,2019-07-01T00:00:00,2019-07-31T23:59:59,94.2,63.8,routine inspection,,ECO-SERVICE-3,closed,False,False,False
DOP-0003518,AVL-FNQ,DEV-AVLFNQ-3,2019-08-01T00:00:00,2019-08-31T23:59:59,100.0,84.6,routine inspection,,ECO-SERVICE-3,closed,False,False,False
DOP-0003519,AVL-FNQ,DEV-AVLFNQ-3,2019-09-01T00:00:00,2019-09-30T23:59:59,93.0,82.0,routine inspection,,ECO-SERVICE-3,closed,False,False,False
DOP-0003520,AVL-FNQ,DEV-AVLFNQ-3,2019-10-01T00:00:00,2019-10-31T23:59:59,100.0,54.2,routine inspection,,ECO-SERVICE-3,closed,False,False,False
DOP-0003521,AVL-FNQ,DEV-AVLFNQ-3,2019-11-01T00:00:00,2019-11-30T23:59:59,100.0,72.8,routine inspection,,ECO-SERVICE-3,closed,False,False,False
DOP-0003522,AVL-FNQ,DEV-AVLFNQ-3,2019-12-01T00:00:00,2019-12-31T23:59:59,91.7,68.1,routine inspection,,ECO-SERVICE-3,closed,False,False,False
DOP-0003523,AVL-FNQ,DEV-AVLFNQ-3,2020-01-01T00:00:00,2020-01-31T23:59:59,91.3,80.9,routine inspection,,ECO-SERVICE-3,closed,False,False,False
DOP-0003524,AVL-FNQ,DEV-AVLFNQ-3,2020-02-01T00:00:00,2020-02-29T23:59:59,99.4,94.1,routine inspection,,ECO-SERVICE-3,closed,False,False,False
DOP-0003525,AVL-FNQ,DEV-AVLFNQ-3,2020-03-01T00:00:00,2020-03-31T23:59:59,92.4,70.1,routine inspection,,ECO-SERVICE-3,closed,False,False,False
DOP-0003526,AVL-FNQ,DEV-AVLFNQ-3,2020-04-01T00:00:00,2020-04-30T23:59:59,89.7,93.0,routine inspection,,ECO-SERVICE-3,closed,False,False,False
DOP-0003527,AVL-FNQ,DEV-AVLFNQ-3,2020-05-01T00:00:00,2020-05-31T23:59:59,92.2,85.5,routine inspection,,ECO-SERVICE-3,closed,False,False,False
DOP-0003528,AVL-FNQ,DEV-AVLFNQ-3,2020-06-01T00:00:00,2020-06-30T23:59:59,98.8,80.7,routine inspection,,ECO-SERVICE-3,closed,False,False,False
DOP-0003529,AVL-FNQ,DEV-AVLFNQ-3,2020-07-01T00:00:00,2020-07-31T23:59:59,100.0,93.2,routine inspection,,ECO-SERVICE-3,closed,False,False,False
DOP-0003530,AVL-FNQ,DEV-AVLFNQ-3,2020-08-01T00:00:00,2020-08-31T23:59:59,84.4,64.1,routine inspection,,ECO-SERVICE-3,closed,False,False,False
DOP-0003531,AVL-FNQ,DEV-AVLFNQ-3,2020-09-01T00:00:00,2020-09-30T23:59:59,96.8,79.7,routine inspection,,ECO-SERVICE-3,closed,False,False,False
DOP-0003532,AVL-FNQ,DEV-AVLFNQ-3,2020-10-01T00:00:00,2020-10-31T23:59:59,91.8,67.9,routine inspection,,ECO-SERVICE-3,closed,False,False,False
DOP-0003533,AVL-FNQ,DEV-AVLFNQ-3,2020-11-01T00:00:00,2020-11-30T23:59:59,91.7,91.4,routine inspection,,ECO-SERVICE-3,closed,False,False,False
DOP-0003534,AVL-FNQ,DEV-AVLFNQ-3,2020-12-01T00:00:00,2020-12-31T23:59:59,100.0,65.5,routine inspection,,ECO-SERVICE-3,closed,False,False,False
DOP-0003535,AVL-FNQ,DEV-AVLFNQ-3,2021-01-01T00:00:00,2021-01-31T23:59:59,87.8,65.3,routine inspection,,ECO-SERVICE-3,closed,False,False,False
DOP-0003536,AVL-FNQ,DEV-AVLFNQ-3,2021-02-01T00:00:00,2021-02-28T23:59:59,95.3,82.2,routine inspection,,ECO-SERVICE-3,closed,False,False,False
DOP-0003537,AVL-FNQ,DEV-AVLFNQ-3,2021-03-01T00:00:00,2021-03-31T23:59:59,99.8,90.4,routine inspection,,ECO-SERVICE-3,closed,False,False,False
DOP-0003538,AVL-FNQ,DEV-AVLFNQ-3,2021-04-01T00:00:00,2021-04-30T23:59:59,90.8,91.4,routine inspection,,ECO-SERVICE-3,closed,False,False,False
DOP-0003539,AVL-FNQ,DEV-AVLFNQ-3,2021-05-01T00:00:00,2021-05-31T23:59:59,96.6,81.6,routine inspection,,ECO-SERVICE-3,closed,False,False,False
DOP-0003540,AVL-FNQ,DEV-AVLFNQ-3,2021-06-01T00:00:00,2021-06-30T23:59:59,99.1,82.6,routine inspection,,ECO-SERVICE-3,closed,False,False,False
DOP-0003541,AVL-FNQ,DEV-AVLFNQ-3,2021-07-01T00:00:00,2021-07-31T23:59:59,99.9,79.2,routine inspection,,ECO-SERVICE-3,closed,False,False,False
DOP-0003542,AVL-FNQ,DEV-AVLFNQ-3,2021-08-01T00:00:00,2021-08-31T23:59:59,100.0,71.4,routine inspection,,ECO-SERVICE-3,closed,False,False,False
DOP-0003543,AVL-FNQ,DEV-AVLFNQ-3,2021-09-01T00:00:00,2021-09-30T23:59:59,91.2,67.6,routine inspection,,ECO-SERVICE-3,closed,False,False,False
DOP-0003544,AVL-FNQ,DEV-AVLFNQ-3,2021-10-01T00:00:00,2021-10-31T23:59:59,98.7,78.2,routine inspection,,ECO-SERVICE-3,closed,False,False,False
DOP-0003545,AVL-FNQ,DEV-AVLFNQ-3,2021-11-01T00:00:00,2021-11-30T23:59:59,100.0,63.4,routine inspection,,ECO-SERVICE-3,closed,False,False,False
DOP-0003546,AVL-FNQ,DEV-AVLFNQ-3,2021-12-01T00:00:00,2021-12-31T23:59:59,87.1,73.3,routine inspection,,ECO-SERVICE-3,closed,False,False,False
DOP-0003547,AVL-FNQ,DEV-AVLFNQ-3,2022-01-01T00:00:00,2022-01-31T23:59:59,88.5,75.1,routine inspection,,ECO-SERVICE-3,closed,False,False,False
DOP-0003548,AVL-FNQ,DEV-AVLFNQ-3,2022-02-01T00:00:00,2022-02-28T23:59:59,93.0,80.3,routine inspection,,ECO-SERVICE-3,closed,False,False,False
DOP-0003549,AVL-FNQ,DEV-AVLFNQ-3,2022-03-01T00:00:00,2022-03-31T23:59:59,96.1,85.3,routine inspection,,ECO-SERVICE-3,closed,False,False,False
DOP-0003550,AVL-FNQ,DEV-AVLFNQ-3,2022-04-01T00:00:00,2022-04-30T23:59:59,89.3,83.0,routine inspection,,ECO-SERVICE-3,closed,False,False,False
DOP-0003551,AVL-FNQ,DEV-AVLFNQ-3,2022-05-01T00:00:00,2022-05-31T23:59:59,92.3,79.7,routine inspection,,ECO-SERVICE-3,closed,False,False,False
DOP-0003552,AVL-FNQ,DEV-AVLFNQ-3,2022-06-01T00:00:00,2022-06-30T23:59:59,100.0,85.7,routine inspection,,ECO-SERVICE-3,closed,False,False,False
DOP-0003553,AVL-FNQ,DEV-AVLFNQ-3,2022-07-01T00:00:00,2022-07-31T23:59:59,98.7,71.0,routine inspection,,ECO-SERVICE-3,closed,False,False,False
DOP-0003554,AVL-FNQ,DEV-AVLFNQ-3,2022-08-01T00:00:00,2022-08-31T23:59:59,94.8,73.6,routine inspection,,ECO-SERVICE-3,closed,False,False,False
DOP-0003555,AVL-FNQ,DEV-AVLFNQ-3,2022-09-01T00:00:00,2022-09-30T23:59:59,95.2,80.4,routine inspection,,ECO-SERVICE-3,closed,False,False,False
DOP-0003556,AVL-FNQ,DEV-AVLFNQ-3,2022-10-01T00:00:00,2022-10-31T23:59:59,99.8,46.3,routine inspection,,ECO-SERVICE-3,closed,False,False,False
DOP-0003557,AVL-FNQ,DEV-AVLFNQ-3,2022-11-01T00:00:00,2022-11-30T23:59:59,100.0,72.6,routine inspection,,ECO-SERVICE-3,closed,False,False,False
DOP-0003558,AVL-FNQ,DEV-AVLFNQ-3,2022-12-01T00:00:00,2022-12-31T23:59:59,96.6,67.9,routine inspection,,ECO-SERVICE-3,closed,False,False,False
DOP-0003559,AVL-FNQ,DEV-AVLFNQ-3,2023-01-01T00:00:00,2023-01-31T23:59:59,90.6,78.7,routine inspection,,ECO-SERVICE-3,closed,False,False,False
DOP-0003560,AVL-FNQ,DEV-AVLFNQ-3,2023-02-01T00:00:00,2023-02-28T23:59:59,98.5,89.5,routine inspection,,ECO-SERVICE-3,closed,False,False,False
DOP-0003561,AVL-FNQ,DEV-AVLFNQ-3,2023-03-01T00:00:00,2023-03-31T23:59:59,98.4,69.9,routine inspection,,ECO-SERVICE-3,closed,False,False,False
DOP-0003562,AVL-FNQ,DEV-AVLFNQ-3,2023-04-01T00:00:00,2023-04-30T23:59:59,95.8,87.2,routine inspection,,ECO-SERVICE-3,closed,False,False,False
DOP-0003563,AVL-FNQ,DEV-AVLFNQ-3,2023-05-01T00:00:00,2023-05-31T23:59:59,88.2,67.5,routine inspection,,ECO-SERVICE-3,closed,False,False,False
DOP-0003564,AVL-FNQ,DEV-AVLFNQ-3,2023-06-01T00:00:00,2023-06-30T23:59:59,100.0,89.4,routine inspection,,ECO-SERVICE-3,closed,False,False,False
DOP-0003565,AVL-FNQ,DEV-AVLFNQ-3,2023-07-01T00:00:00,2023-07-31T23:59:59,94.6,80.8,routine inspection,,ECO-SERVICE-3,closed,False,False,False
DOP-0003566,AVL-FNQ,DEV-AVLFNQ-3,2023-08-01T00:00:00,2023-08-31T23:59:59,86.4,68.6,routine inspection,,ECO-SERVICE-3,closed,False,False,False
DOP-0003567,AVL-FNQ,DEV-AVLFNQ-3,2023-09-01T00:00:00,2023-09-30T23:59:59,93.8,80.6,routine inspection,,ECO-SERVICE-3,closed,False,False,False
DOP-0003568,AVL-FNQ,DEV-AVLFNQ-3,2023-10-01T00:00:00,2023-10-31T23:59:59,100.0,51.2,routine inspection,,ECO-SERVICE-3,closed,False,False,False
DOP-0003569,AVL-FNQ,DEV-AVLFNQ-3,2023-11-01T00:00:00,2023-11-30T23:59:59,89.0,72.7,routine inspection,,ECO-SERVICE-3,closed,False,False,False
DOP-0003570,AVL-FNQ,DEV-AVLFNQ-3,2023-12-01T00:00:00,2023-12-31T23:59:59,58.5,70.5,corrective maintenance,MICROPHONE_DRIFT,ECO-SERVICE-3,closed,True,False,False
DOP-0003571,AVL-FNQ,DEV-AVLFNQ-3,2024-01-01T00:00:00,2024-01-31T23:59:59,91.2,66.6,routine inspection,,ECO-SERVICE-3,closed,False,False,False
DOP-0003572,AVL-FNQ,DEV-AVLFNQ-3,2024-02-01T00:00:00,2024-02-29T23:59:59,94.8,81.9,routine inspection,,ECO-SERVICE-3,closed,False,False,False
DOP-0003573,AVL-FNQ,DEV-AVLFNQ-3,2024-03-01T00:00:00,2024-03-31T23:59:59,92.9,71.1,routine inspection,,ECO-SERVICE-3,closed,False,False,False
DOP-0003574,AVL-FNQ,DEV-AVLFNQ-3,2024-04-01T00:00:00,2024-04-30T23:59:59,100.0,79.3,routine inspection,,ECO-SERVICE-3,closed,False,False,False
DOP-0003575,AVL-FNQ,DEV-AVLFNQ-3,2024-05-01T00:00:00,2024-05-31T23:59:59,98.6,71.3,routine inspection,,ECO-SERVICE-3,closed,False,False,False
DOP-0003576,AVL-FNQ,DEV-AVLFNQ-3,2024-06-01T00:00:00,2024-06-30T23:59:59,93.8,82.5,routine inspection,,ECO-SERVICE-3,closed,False,False,False
DOP-0003577,AVL-FNQ,DEV-AVLFNQ-3,2024-07-01T00:00:00,2024-07-31T23:59:59,91.0,72.4,routine inspection,,ECO-SERVICE-3,closed,False,False,False
DOP-0003578,AVL-FNQ,DEV-AVLFNQ-3,2024-08-01T00:00:00,2024-08-31T23:59:59,94.3,75.7,routine inspection,,ECO-SERVICE-3,closed,False,False,False
DOP-0003579,AVL-FNQ,DEV-AVLFNQ-3,2024-09-01T00:00:00,2024-09-30T23:59:59,94.9,76.0,routine inspection,,ECO-SERVICE-3,closed,False,False,False
DOP-0003580,AVL-FNQ,DEV-AVLFNQ-3,2024-10-01T00:00:00,2024-10-31T23:59:59,93.8,66.0,routine inspection,,ECO-SERVICE-3,closed,False,False,False
DOP-0003581,AVL-FNQ,DEV-AVLFNQ-3,2024-11-01T00:00:00,2024-11-30T23:59:59,86.4,70.7,routine inspection,,ECO-SERVICE-3,closed,False,False,False
DOP-0003582,AVL-FNQ,DEV-AVLFNQ-3,2024-12-01T00:00:00,2024-12-31T23:59:59,96.9,71.4,routine inspection,,ECO-SERVICE-3,closed,False,False,False
DOP-0003583,AVL-FNQ,DEV-AVLFNQ-3,2025-01-01T00:00:00,2025-01-31T23:59:59,100.0,69.8,routine inspection,,ECO-SERVICE-3,closed,False,False,False
DOP-0003584,AVL-FNQ,DEV-AVLFNQ-3,2025-02-01T00:00:00,2025-02-28T23:59:59,94.6,85.2,routine inspection,,ECO-SERVICE-3,closed,False,False,False
DOP-0003585,AVL-FNQ,DEV-AVLFNQ-3,2025-03-01T00:00:00,2025-03-31T23:59:59,100.0,87.8,routine inspection,,ECO-SERVICE-3,closed,False,False,False
DOP-0003586,AVL-FNQ,DEV-AVLFNQ-3,2025-04-01T00:00:00,2025-04-30T23:59:59,91.1,71.6,routine inspection,,ECO-SERVICE-3,closed,False,False,False
DOP-0003587,AVL-FNQ,DEV-AVLFNQ-3,2025-05-01T00:00:00,2025-05-31T23:59:59,100.0,74.7,routine inspection,,ECO-SERVICE-3,closed,False,False,False
DOP-0003588,AVL-FNQ,DEV-AVLFNQ-3,2025-06-01T00:00:00,2025-06-30T23:59:59,86.8,85.9,routine inspection,,ECO-SERVICE-3,closed,False,False,False
DOP-0003589,TMB-HVD,DEV-TMBHVD-1,2019-01-01T00:00:00,2019-01-31T23:59:59,93.5,78.0,routine inspection,,ECO-SERVICE-4,closed,False,False,False
DOP-0003590,TMB-HVD,DEV-TMBHVD-1,2019-02-01T00:00:00,2019-02-28T23:59:59,94.0,87.5,routine inspection,,ECO-SERVICE-4,closed,False,False,False
DOP-0003591,TMB-HVD,DEV-TMBHVD-1,2019-03-01T00:00:00,2019-03-31T23:59:59,86.4,78.2,routine inspection,,ECO-SERVICE-4,closed,False,False,False
DOP-0003592,TMB-HVD,DEV-TMBHVD-1,2019-04-01T00:00:00,2019-04-30T23:59:59,88.3,77.4,routine inspection,,ECO-SERVICE-4,closed,False,False,False
DOP-0003593,TMB-HVD,DEV-TMBHVD-1,2019-05-01T00:00:00,2019-05-31T23:59:59,88.5,92.8,routine inspection,,ECO-SERVICE-4,closed,False,False,False
DOP-0003594,TMB-HVD,DEV-TMBHVD-1,2019-06-01T00:00:00,2019-06-30T23:59:59,100.0,83.1,routine inspection,,ECO-SERVICE-4,closed,False,False,False
DOP-0003595,TMB-HVD,DEV-TMBHVD-1,2019-07-01T00:00:00,2019-07-31T23:59:59,88.5,89.6,routine inspection,,ECO-SERVICE-4,closed,False,False,False
DOP-0003596,TMB-HVD,DEV-TMBHVD-1,2019-08-01T00:00:00,2019-08-31T23:59:59,83.5,75.2,routine inspection,,ECO-SERVICE-4,closed,False,False,False
DOP-0003597,TMB-HVD,DEV-TMBHVD-1,2019-09-01T00:00:00,2019-09-30T23:59:59,96.5,72.1,routine inspection,,ECO-SERVICE-4,closed,False,False,False
DOP-0003598,TMB-HVD,DEV-TMBHVD-1,2019-10-01T00:00:00,2019-10-31T23:59:59,91.1,86.5,routine inspection,,ECO-SERVICE-4,closed,False,False,False
DOP-0003599,TMB-HVD,DEV-TMBHVD-1,2019-11-01T00:00:00,2019-11-30T23:59:59,97.3,61.2,routine inspection,,ECO-SERVICE-4,closed,False,False,False
DOP-0003600,TMB-HVD,DEV-TMBHVD-1,2019-12-01T00:00:00,2019-12-31T23:59:59,92.7,68.3,routine inspection,,ECO-SERVICE-4,closed,False,False,False
DOP-0003601,TMB-HVD,DEV-TMBHVD-1,2020-01-01T00:00:00,2020-01-31T23:59:59,100.0,81.7,routine inspection,,ECO-SERVICE-4,closed,False,False,False
DOP-0003602,TMB-HVD,DEV-TMBHVD-1,2020-02-01T00:00:00,2020-02-29T23:59:59,97.8,78.9,routine inspection,,ECO-SERVICE-4,closed,False,False,False
DOP-0003603,TMB-HVD,DEV-TMBHVD-1,2020-03-01T00:00:00,2020-03-31T23:59:59,89.3,76.8,routine inspection,,ECO-SERVICE-4,closed,False,False,False
DOP-0003604,TMB-HVD,DEV-TMBHVD-1,2020-04-01T00:00:00,2020-04-30T23:59:59,96.2,84.3,routine inspection,,,closed,False,False,False
DOP-0003605,TMB-HVD,DEV-TMBHVD-1,2020-05-01T00:00:00,2020-05-31T23:59:59,86.8,84.8,routine inspection,,ECO-SERVICE-4,closed,False,False,False
DOP-0003606,TMB-HVD,DEV-TMBHVD-1,2020-06-01T00:00:00,2020-06-30T23:59:59,97.0,89.5,routine inspection,,ECO-SERVICE-4,closed,False,False,False
DOP-0003607,TMB-HVD,DEV-TMBHVD-1,2020-07-01T00:00:00,2020-07-31T23:59:59,81.9,69.8,corrective maintenance,STORAGE_LIMIT,ECO-SERVICE-4,closed,False,False,True
DOP-0003608,TMB-HVD,DEV-TMBHVD-1,2020-08-01T00:00:00,2020-08-31T23:59:59,92.7,73.5,routine inspection,,ECO-SERVICE-4,closed,False,False,False
DOP-0003609,TMB-HVD,DEV-TMBHVD-1,2020-09-01T00:00:00,2020-09-30T23:59:59,92.9,80.4,routine inspection,,ECO-SERVICE-4,closed,False,False,False
DOP-0003610,TMB-HVD,DEV-TMBHVD-1,2020-10-01T00:00:00,2020-10-31T23:59:59,98.7,74.7,routine inspection,,ECO-SERVICE-4,closed,False,False,False
DOP-0003611,TMB-HVD,DEV-TMBHVD-1,2020-11-01T00:00:00,2020-11-30T23:59:59,100.0,80.5,routine inspection,,ECO-SERVICE-4,closed,False,False,False
DOP-0003612,TMB-HVD,DEV-TMBHVD-1,2020-12-01T00:00:00,2020-12-31T23:59:59,87.5,90.8,ROUTINE INSPECTION,,ECO-SERVICE-4,closed,False,False,False
DOP-0003613,TMB-HVD,DEV-TMBHVD-1,2021-01-01T00:00:00,2021-01-31T23:59:59,89.9,72.4,routine inspection,,ECO-SERVICE-4,closed,False,False,False
DOP-0003614,TMB-HVD,DEV-TMBHVD-1,2021-02-01T00:00:00,2021-02-28T23:59:59,87.9,79.9,routine inspection,,ECO-SERVICE-4,closed,False,False,False
DOP-0003615,TMB-HVD,DEV-TMBHVD-1,2021-03-01T00:00:00,2021-03-31T23:59:59,99.9,80.3,routine inspection,,ECO-SERVICE-4,closed,False,False,False
DOP-0003616,TMB-HVD,DEV-TMBHVD-1,2021-04-01T00:00:00,2021-04-30T23:59:59,91.7,91.8,routine inspection,,ECO-SERVICE-4,closed,False,False,False
DOP-0003617,TMB-HVD,DEV-TMBHVD-1,2021-05-01T00:00:00,2021-05-31T23:59:59,89.6,83.6,routine inspection,,ECO-SERVICE-4,closed,False,False,False
DOP-0003618,TMB-HVD,DEV-TMBHVD-1,2021-06-01T00:00:00,2021-06-30T23:59:59,88.7,88.6,routine inspection,,ECO-SERVICE-4,closed,False,False,False
DOP-0003619,TMB-HVD,DEV-TMBHVD-1,2021-07-01T00:00:00,2021-07-31T23:59:59,94.2,65.3,routine inspection,,ECO-SERVICE-4,closed,False,False,False
DOP-0003620,TMB-HVD,DEV-TMBHVD-1,2021-08-01T00:00:00,2021-08-31T23:59:59,90.5,84.8,routine inspection,,ECO-SERVICE-4,closed,False,False,False
DOP-0003621,TMB-HVD,DEV-TMBHVD-1,2021-09-01T00:00:00,2021-09-30T23:59:59,95.2,68.4,routine inspection,,ECO-SERVICE-4,closed,False,False,False
DOP-0003622,TMB-HVD,DEV-TMBHVD-1,2021-10-01T00:00:00,2021-10-31T23:59:59,93.8,66.3,routine inspection,,ECO-SERVICE-4,closed,False,False,False
DOP-0003623,TMB-HVD,DEV-TMBHVD-1,2021-11-01T00:00:00,2021-11-30T23:59:59,89.0,86.2,routine inspection,,ECO-SERVICE-4,closed,False,False,False
DOP-0003624,TMB-HVD,DEV-TMBHVD-1,2021-12-01T00:00:00,2021-12-31T23:59:59,95.0,93.4,routine inspection,,ECO-SERVICE-4,closed,False,False,False
DOP-0003625,TMB-HVD,DEV-TMBHVD-1,2022-01-01T00:00:00,2022-01-31T23:59:59,100.0,80.0,routine inspection,,ECO-SERVICE-4,closed,False,False,False
DOP-0003626,TMB-HVD,DEV-TMBHVD-1,2022-02-01T00:00:00,2022-02-28T23:59:59,89.9,77.6,routine inspection,,ECO-SERVICE-4,closed,False,False,False
DOP-0003627,TMB-HVD,DEV-TMBHVD-1,2022-03-01T00:00:00,2022-03-31T23:59:59,100.0,73.3,routine inspection,,ECO-SERVICE-4,closed,False,False,False
DOP-0003628,TMB-HVD,DEV-TMBHVD-1,2022-04-01T00:00:00,2022-04-30T23:59:59,89.9,75.0,routine inspection,,ECO-SERVICE-4,closed,False,False,False
DOP-0003629,TMB-HVD,DEV-TMBHVD-1,2022-05-01T00:00:00,2022-05-31T23:59:59,83.0,82.8,routine inspection,,ECO-SERVICE-4,closed,False,False,False
DOP-0003630,TMB-HVD,DEV-TMBHVD-1,2022-06-01T00:00:00,2022-06-30T23:59:59,98.6,86.7,routine inspection,,ECO-SERVICE-4,closed,False,False,False
DOP-0003631,TMB-HVD,DEV-TMBHVD-1,2022-07-01T00:00:00,2022-07-31T23:59:59,94.5,88.1,routine inspection,,ECO-SERVICE-4,closed,False,False,False
DOP-0003632,TMB-HVD,DEV-TMBHVD-1,2022-08-01T00:00:00,2022-08-31T23:59:59,97.8,82.7,routine inspection,,ECO-SERVICE-4,closed,False,False,False
DOP-0003633,TMB-HVD,DEV-TMBHVD-1,2022-09-01T00:00:00,2022-09-30T23:59:59,95.0,76.4,routine inspection,,ECO-SERVICE-4,closed,False,False,False
DOP-0003634,TMB-HVD,DEV-TMBHVD-1,2022-10-01T00:00:00,2022-10-31T23:59:59,90.7,71.5,routine inspection,,ECO-SERVICE-4,closed,False,False,False
DOP-0003635,TMB-HVD,DEV-TMBHVD-1,2022-11-01T00:00:00,2022-11-30T23:59:59,99.2,78.3,routine inspection,,ECO-SERVICE-4,closed,False,False,False
DOP-0003636,TMB-HVD,DEV-TMBHVD-1,2022-12-01T00:00:00,2022-12-31T23:59:59,90.4,79.7,routine inspection,,ECO-SERVICE-4,closed,False,False,False
DOP-0003637,TMB-HVD,DEV-TMBHVD-1,2023-01-01T00:00:00,2023-01-31T23:59:59,95.3,85.0,routine inspection,,ECO-SERVICE-4,closed,False,False,False
DOP-0003638,TMB-HVD,DEV-TMBHVD-1,2023-02-01T00:00:00,2023-02-28T23:59:59,100.0,85.6,routine inspection,,ECO-SERVICE-4,closed,False,False,False
DOP-0003639,TMB-HVD,DEV-TMBHVD-1,2023-03-01T00:00:00,2023-03-31T23:59:59,98.3,73.5,routine inspection,,ECO-SERVICE-4,closed,False,False,False
DOP-0003640,TMB-HVD,DEV-TMBHVD-1,2023-04-01T00:00:00,2023-04-30T23:59:59,87.5,87.0,routine inspection,,ECO-SERVICE-4,closed,False,False,False
DOP-0003641,TMB-HVD,DEV-TMBHVD-1,2023-05-01T00:00:00,2023-05-31T23:59:59,93.8,81.7,routine inspection,,ECO-SERVICE-4,closed,False,False,False
DOP-0003642,TMB-HVD,DEV-TMBHVD-1,2023-06-01T00:00:00,2023-06-30T23:59:59,90.7,85.4,routine inspection,,ECO-SERVICE-4,closed,False,False,False
DOP-0003643,TMB-HVD,DEV-TMBHVD-1,2023-07-01T00:00:00,2023-07-31T23:59:59,87.0,83.1,routine inspection,,ECO-SERVICE-4,closed,False,False,False
DOP-0003644,TMB-HVD,DEV-TMBHVD-1,2023-08-01T00:00:00,2023-08-31T23:59:59,93.5,89.0,routine inspection,,ECO-SERVICE-4,closed,False,False,False
DOP-0003645,TMB-HVD,DEV-TMBHVD-1,2023-09-01T00:00:00,2023-09-30T23:59:59,99.1,75.1,routine inspection,,ECO-SERVICE-4,closed,False,False,False
DOP-0003646,TMB-HVD,DEV-TMBHVD-1,2023-10-01T00:00:00,2023-10-31T23:59:59,100.0,74.1,routine inspection,,ECO-SERVICE-4,closed,False,False,False
DOP-0003647,TMB-HVD,DEV-TMBHVD-1,2023-11-01T00:00:00,2023-11-30T23:59:59,96.6,89.1,routine inspection,,ECO-SERVICE-4,closed,False,False,False
DOP-0003648,TMB-HVD,DEV-TMBHVD-1,2023-12-01T00:00:00,2023-12-31T23:59:59,96.6,60.0,routine inspection,,ECO-SERVICE-4,closed,False,False,False
DOP-0003649,TMB-HVD,DEV-TMBHVD-1,2024-01-01T00:00:00,2024-01-31T23:59:59,90.0,69.7,routine inspection,,ECO-SERVICE-4,closed,False,False,False
DOP-0003650,TMB-HVD,DEV-TMBHVD-1,2024-02-01T00:00:00,2024-02-29T23:59:59,88.0,82.3,routine inspection,,,closed,False,False,False
DOP-0003651,TMB-HVD,DEV-TMBHVD-1,2024-03-01T00:00:00,2024-03-31T23:59:59,90.2,80.5,routine inspection,,ECO-SERVICE-4,closed,False,False,False
DOP-0003652,TMB-HVD,DEV-TMBHVD-1,2024-04-01T00:00:00,2024-04-30T23:59:59,100.0,76.5,routine inspection,,ECO-SERVICE-4,closed,False,False,False
DOP-0003653,TMB-HVD,DEV-TMBHVD-1,2024-05-01T00:00:00,2024-05-31T23:59:59,85.8,77.7,routine inspection,,ECO-SERVICE-4,closed,False,False,False
DOP-0003654,TMB-HVD,DEV-TMBHVD-1,2024-06-01T00:00:00,2024-06-30T23:59:59,62.0,65.5,corrective maintenance,MICROPHONE_DRIFT,ECO-SERVICE-4,closed,True,False,False
DOP-0003655,TMB-HVD,DEV-TMBHVD-1,2024-07-01T00:00:00,2024-07-31T23:59:59,91.6,83.9,routine inspection,,ECO-SERVICE-4,closed,False,False,False
DOP-0003656,TMB-HVD,DEV-TMBHVD-1,2024-08-01T00:00:00,2024-08-31T23:59:59,100.0,85.3,routine inspection,,ECO-SERVICE-4,closed,False,False,False
DOP-0003657,TMB-HVD,DEV-TMBHVD-1,2024-09-01T00:00:00,2024-09-30T23:59:59,92.1,82.7,routine inspection,,ECO-SERVICE-4,closed,False,False,False
DOP-0003658,TMB-HVD,DEV-TMBHVD-1,2024-10-01T00:00:00,2024-10-31T23:59:59,84.4,70.4,routine inspection,,ECO-SERVICE-4,closed,False,False,False
DOP-0003659,TMB-HVD,DEV-TMBHVD-1,2024-11-01T00:00:00,2024-11-30T23:59:59,94.4,81.4,routine inspection,,ECO-SERVICE-4,closed,False,False,False
DOP-0003660,TMB-HVD,DEV-TMBHVD-1,2024-12-01T00:00:00,2024-12-31T23:59:59,89.2,71.3,routine inspection,,ECO-SERVICE-4,closed,False,False,False
DOP-0003661,TMB-HVD,DEV-TMBHVD-1,2025-01-01T00:00:00,2025-01-31T23:59:59,85.0,73.6,routine inspection,,ECO-SERVICE-4,closed,False,False,False
DOP-0003662,TMB-HVD,DEV-TMBHVD-1,2025-02-01T00:00:00,2025-02-28T23:59:59,86.3,77.7,routine inspection,,ECO-SERVICE-4,CLOSED,False,False,False
DOP-0003663,TMB-HVD,DEV-TMBHVD-1,2025-03-01T00:00:00,2025-03-31T23:59:59,94.4,78.0,routine inspection,,ECO-SERVICE-4,closed,False,False,False
DOP-0003664,TMB-HVD,DEV-TMBHVD-1,2025-04-01T00:00:00,2025-04-30T23:59:59,92.9,72.4,routine inspection,,ECO-SERVICE-4,closed,False,False,False
DOP-0003665,TMB-HVD,DEV-TMBHVD-1,2025-05-01T00:00:00,2025-05-31T23:59:59,98.5,76.6,routine inspection,,,closed,False,False,False
DOP-0003666,TMB-HVD,DEV-TMBHVD-1,2025-06-01T00:00:00,2025-06-30T23:59:59,90.7,75.1,routine inspection,,ECO-SERVICE-4,closed,False,False,False
DOP-0003667,TMB-VZT,DEV-TMBVZT-2,2019-01-01T00:00:00,2019-01-31T23:59:59,91.1,76.4,routine inspection,,ECO-SERVICE-1,closed,False,False,False
DOP-0003668,TMB-VZT,DEV-TMBVZT-2,2019-02-01T00:00:00,2019-02-28T23:59:59,85.3,79.9,routine inspection,,ECO-SERVICE-1,closed,False,False,False
DOP-0003669,TMB-VZT,DEV-TMBVZT-2,2019-03-01T00:00:00,2019-03-31T23:59:59,91.2,81.3,routine inspection,,ECO-SERVICE-1,closed,False,False,False
DOP-0003670,TMB-VZT,DEV-TMBVZT-2,2019-04-01T00:00:00,2019-04-30T23:59:59,88.8,70.3,routine inspection,,ECO-SERVICE-1,closed,False,False,False
DOP-0003671,TMB-VZT,DEV-TMBVZT-2,2019-05-01T00:00:00,2019-05-31T23:59:59,94.4,89.9,routine inspection,,ECO-SERVICE-1,closed,False,False,False
DOP-0003672,TMB-VZT,DEV-TMBVZT-2,2019-06-01T00:00:00,2019-06-30T23:59:59,99.0,84.2,routine inspection,,ECO-SERVICE-1,closed,False,False,False
DOP-0003673,TMB-VZT,DEV-TMBVZT-2,2019-07-01T00:00:00,2019-07-31T23:59:59,96.9,80.4,routine inspection,,ECO-SERVICE-1,closed,False,False,False
DOP-0003674,TMB-VZT,DEV-TMBVZT-2,2019-08-01T00:00:00,2019-08-31T23:59:59,96.6,77.4,routine inspection,,ECO-SERVICE-1,closed,False,False,False
DOP-0003675,TMB-VZT,DEV-TMBVZT-2,2019-09-01T00:00:00,2019-09-30T23:59:59,93.7,74.0,routine inspection,,ECO-SERVICE-1,closed,False,False,False
DOP-0003676,TMB-VZT,DEV-TMBVZT-2,2019-10-01T00:00:00,2019-10-31T23:59:59,97.6,87.4,routine inspection,,ECO-SERVICE-1,closed,False,False,False
DOP-0003677,TMB-VZT,DEV-TMBVZT-2,2019-11-01T00:00:00,2019-11-30T23:59:59,97.9,90.2,routine inspection,,ECO-SERVICE-1,closed,False,False,False
DOP-0003678,TMB-VZT,DEV-TMBVZT-2,2019-12-01T00:00:00,2019-12-31T23:59:59,100.0,88.4,routine inspection,,ECO-SERVICE-1,closed,False,False,False
DOP-0003679,TMB-VZT,DEV-TMBVZT-2,2020-01-01T00:00:00,2020-01-31T23:59:59,90.7,81.6,routine inspection,,ECO-SERVICE-1,closed,False,False,False
DOP-0003680,TMB-VZT,DEV-TMBVZT-2,2020-02-01T00:00:00,2020-02-29T23:59:59,91.7,60.3,routine inspection,,ECO-SERVICE-1,closed,False,False,False
DOP-0003681,TMB-VZT,DEV-TMBVZT-2,2020-03-01T00:00:00,2020-03-31T23:59:59,97.5,70.7,routine inspection,,ECO-SERVICE-1,closed,False,False,False
DOP-0003682,TMB-VZT,DEV-TMBVZT-2,2020-04-01T00:00:00,2020-04-30T23:59:59,95.2,70.5,routine inspection,,ECO-SERVICE-1,closed,False,False,False
DOP-0003683,TMB-VZT,DEV-TMBVZT-2,2020-05-01T00:00:00,2020-05-31T23:59:59,93.1,70.9,routine inspection,,ECO-SERVICE-1,closed,False,False,False
DOP-0003684,TMB-VZT,DEV-TMBVZT-2,2020-06-01T00:00:00,2020-06-30T23:59:59,64.4,71.6,corrective maintenance,POWER_INTERRUPTION,ECO-SERVICE-1,closed,False,True,False
DOP-0003685,TMB-VZT,DEV-TMBVZT-2,2020-07-01T00:00:00,2020-07-31T23:59:59,93.7,88.8,routine inspection,,ECO-SERVICE-1,closed,False,False,False
DOP-0003686,TMB-VZT,DEV-TMBVZT-2,2020-08-01T00:00:00,2020-08-31T23:59:59,94.5,75.5,routine inspection,,ECO-SERVICE-1,closed,False,False,False
DOP-0003687,TMB-VZT,DEV-TMBVZT-2,2020-09-01T00:00:00,2020-09-30T23:59:59,100.0,90.9,routine inspection,,ECO-SERVICE-1,closed,False,False,False
DOP-0003688,TMB-VZT,DEV-TMBVZT-2,2020-10-01T00:00:00,2020-10-31T23:59:59,83.1,75.2,routine inspection,,ECO-SERVICE-1,closed,False,False,False
DOP-0003689,TMB-VZT,DEV-TMBVZT-2,2020-11-01T00:00:00,2020-11-30T23:59:59,91.2,75.8,routine inspection,,ECO-SERVICE-1,closed,False,False,False
DOP-0003690,TMB-VZT,DEV-TMBVZT-2,2020-12-01T00:00:00,2020-12-31T23:59:59,94.3,68.7,routine inspection,,ECO-SERVICE-1,closed,False,False,False
DOP-0003691,TMB-VZT,DEV-TMBVZT-2,2021-01-01T00:00:00,2021-01-31T23:59:59,96.2,68.5,routine inspection,,ECO-SERVICE-1,closed,False,False,False
DOP-0003692,TMB-VZT,DEV-TMBVZT-2,2021-02-01T00:00:00,2021-02-28T23:59:59,77.8,70.1,corrective maintenance,POWER_INTERRUPTION,ECO-SERVICE-1,closed,False,True,False
DOP-0003693,TMB-VZT,DEV-TMBVZT-2,2021-03-01T00:00:00,2021-03-31T23:59:59,93.5,81.1,routine inspection,,ECO-SERVICE-1,closed,False,False,False
DOP-0003694,TMB-VZT,DEV-TMBVZT-2,2021-04-01T00:00:00,2021-04-30T23:59:59,91.2,80.5,routine inspection,,ECO-SERVICE-1,closed,False,False,False
DOP-0003695,TMB-VZT,DEV-TMBVZT-2,2021-05-01T00:00:00,2021-05-31T23:59:59,94.6,72.4,routine inspection,,ECO-SERVICE-1,closed,False,False,False
DOP-0003696,TMB-VZT,DEV-TMBVZT-2,2021-06-01T00:00:00,2021-06-30T23:59:59,93.3,68.0,routine inspection,,ECO-SERVICE-1,closed,False,False,False
DOP-0003697,TMB-VZT,DEV-TMBVZT-2,2021-07-01T00:00:00,2021-07-31T23:59:59,100.0,82.0,routine inspection,,ECO-SERVICE-1,closed,False,False,False
DOP-0003698,TMB-VZT,DEV-TMBVZT-2,2021-08-01T00:00:00,2021-08-31T23:59:59,95.5,76.1,routine inspection,,ECO-SERVICE-1,closed,False,False,False
DOP-0003699,TMB-VZT,DEV-TMBVZT-2,2021-09-01T00:00:00,2021-09-30T23:59:59,83.0,75.0,routine inspection,,ECO-SERVICE-1,closed,False,False,False
DOP-0003700,TMB-VZT,DEV-TMBVZT-2,2021-10-01T00:00:00,2021-10-31T23:59:59,92.8,71.4,routine inspection,,ECO-SERVICE-1,closed,False,False,False
DOP-0003701,TMB-VZT,DEV-TMBVZT-2,2021-11-01T00:00:00,2021-11-30T23:59:59,90.2,72.5,routine inspection,,ECO-SERVICE-1,closed,False,False,False
DOP-0003702,TMB-VZT,DEV-TMBVZT-2,2021-12-01T00:00:00,2021-12-31T23:59:59,93.3,75.7,routine inspection,,ECO-SERVICE-1,closed,False,False,False
DOP-0003703,TMB-VZT,DEV-TMBVZT-2,2022-01-01T00:00:00,2022-01-31T23:59:59,94.4,74.7,routine inspection,,ECO-SERVICE-1,closed,False,False,False
DOP-0003704,TMB-VZT,DEV-TMBVZT-2,2022-02-01T00:00:00,2022-02-28T23:59:59,98.8,77.1,routine inspection,,ECO-SERVICE-1,closed,False,False,False
DOP-0003705,TMB-VZT,DEV-TMBVZT-2,2022-03-01T00:00:00,2022-03-31T23:59:59,91.7,75.9,routine inspection,,ECO-SERVICE-1,closed,False,False,False
DOP-0003706,TMB-VZT,DEV-TMBVZT-2,2022-04-01T00:00:00,2022-04-30T23:59:59,96.8,87.3,routine inspection,,ECO-SERVICE-1,closed,False,False,False
DOP-0003707,TMB-VZT,DEV-TMBVZT-2,2022-05-01T00:00:00,2022-05-31T23:59:59,88.5,74.8,routine inspection,,ECO-SERVICE-1,closed,False,False,False
DOP-0003708,TMB-VZT,DEV-TMBVZT-2,2022-06-01T00:00:00,2022-06-30T23:59:59,85.3,98.3,routine inspection,,ECO-SERVICE-1,closed,False,False,False
DOP-0003709,TMB-VZT,DEV-TMBVZT-2,2022-07-01T00:00:00,2022-07-31T23:59:59,96.9,84.6,routine inspection,,ECO-SERVICE-1,closed,False,False,False
DOP-0003710,TMB-VZT,DEV-TMBVZT-2,2022-08-01T00:00:00,2022-08-31T23:59:59,92.0,76.9,routine inspection,,ECO-SERVICE-1,closed,False,False,False
DOP-0003711,TMB-VZT,DEV-TMBVZT-2,2022-09-01T00:00:00,2022-09-30T23:59:59,86.3,83.5,routine inspection,,ECO-SERVICE-1,closed,False,False,False
DOP-0003712,TMB-VZT,DEV-TMBVZT-2,2022-10-01T00:00:00,2022-10-31T23:59:59,89.6,68.7,routine inspection,,ECO-SERVICE-1,closed,False,False,False
DOP-0003713,TMB-VZT,DEV-TMBVZT-2,2022-11-01T00:00:00,2022-11-30T23:59:59,96.0,82.6,routine inspection,,ECO-SERVICE-1,closed,False,False,False
DOP-0003714,TMB-VZT,DEV-TMBVZT-2,2022-12-01T00:00:00,2022-12-31T23:59:59,95.6,76.2,routine inspection,,ECO-SERVICE-1,closed,False,False,False
DOP-0003715,TMB-VZT,DEV-TMBVZT-2,2023-01-01T00:00:00,2023-01-31T23:59:59,94.4,72.5,routine inspection,,ECO-SERVICE-1,closed,False,False,False
DOP-0003716,TMB-VZT,DEV-TMBVZT-2,2023-02-01T00:00:00,2023-02-28T23:59:59,97.8,77.9,routine inspection,,ECO-SERVICE-1,closed,False,False,False
DOP-0003717,TMB-VZT,DEV-TMBVZT-2,2023-03-01T00:00:00,2023-03-31T23:59:59,100.0,83.9,routine inspection,,ECO-SERVICE-1,closed,False,False,False
DOP-0003718,TMB-VZT,DEV-TMBVZT-2,2023-04-01T00:00:00,2023-04-30T23:59:59,92.4,76.3,routine inspection,,ECO-SERVICE-1,closed,False,False,False
DOP-0003719,TMB-VZT,DEV-TMBVZT-2,2023-05-01T00:00:00,2023-05-31T23:59:59,99.8,81.1,routine inspection,,ECO-SERVICE-1,closed,False,False,False
DOP-0003720,TMB-VZT,DEV-TMBVZT-2,2023-06-01T00:00:00,2023-06-30T23:59:59,84.0,65.7,corrective maintenance,POWER_INTERRUPTION,ECO-SERVICE-1,closed,False,True,False
DOP-0003721,TMB-VZT,DEV-TMBVZT-2,2023-07-01T00:00:00,2023-07-31T23:59:59,92.1,82.1,routine inspection,,ECO-SERVICE-1,closed,False,False,False
DOP-0003722,TMB-VZT,DEV-TMBVZT-2,2023-08-01T00:00:00,2023-08-31T23:59:59,88.8,82.1,routine inspection,,ECO-SERVICE-1,closed,False,False,False
DOP-0003723,TMB-VZT,DEV-TMBVZT-2,2023-09-01T00:00:00,2023-09-30T23:59:59,94.1,77.2,routine inspection,,ECO-SERVICE-1,closed,False,False,False
DOP-0003724,TMB-VZT,DEV-TMBVZT-2,2023-10-01T00:00:00,2023-10-31T23:59:59,92.5,86.7,routine inspection,,ECO-SERVICE-1,closed,False,False,False
DOP-0003725,TMB-VZT,DEV-TMBVZT-2,2023-11-01T00:00:00,2023-11-30T23:59:59,91.4,73.5,routine inspection,,ECO-SERVICE-1,closed,False,False,False
DOP-0003726,TMB-VZT,DEV-TMBVZT-2,2023-12-01T00:00:00,2023-12-31T23:59:59,99.9,84.7,routine inspection,,ECO-SERVICE-1,closed,False,False,False
DOP-0003727,TMB-VZT,DEV-TMBVZT-2,2024-01-01T00:00:00,2024-01-31T23:59:59,100.0,75.2,routine inspection,,ECO-SERVICE-1,closed,False,False,False
DOP-0003728,TMB-VZT,DEV-TMBVZT-2,2024-02-01T00:00:00,2024-02-29T23:59:59,82.8,69.6,routine inspection,,ECO-SERVICE-1,closed,False,False,False
DOP-0003729,TMB-VZT,DEV-TMBVZT-2,2024-03-01T00:00:00,2024-03-31T23:59:59,92.5,67.3,routine inspection,,ECO-SERVICE-1,closed,False,False,False
DOP-0003730,TMB-VZT,DEV-TMBVZT-2,2024-04-01T00:00:00,2024-04-30T23:59:59,94.7,90.3,routine inspection,,ECO-SERVICE-1,closed,False,False,False
DOP-0003731,TMB-VZT,DEV-TMBVZT-2,2024-05-01T00:00:00,2024-05-31T23:59:59,90.0,81.0,routine inspection,,ECO-SERVICE-1,closed,False,False,False
DOP-0003732,TMB-VZT,DEV-TMBVZT-2,2024-06-01T00:00:00,2024-06-30T23:59:59,99.6,74.3,routine inspection,,ECO-SERVICE-1,closed,False,False,False
DOP-0003733,TMB-VZT,DEV-TMBVZT-2,2024-07-01T00:00:00,2024-07-31T23:59:59,95.5,72.6,routine inspection,,ECO-SERVICE-1,closed,False,False,False
DOP-0003734,TMB-VZT,DEV-TMBVZT-2,2024-08-01T00:00:00,2024-08-31T23:59:59,91.8,74.4,routine inspection,,ECO-SERVICE-1,closed,False,False,False
DOP-0003735,TMB-VZT,DEV-TMBVZT-2,2024-09-01T00:00:00,2024-09-30T23:59:59,98.2,89.9,routine inspection,,ECO-SERVICE-1,closed,False,False,False
DOP-0003736,TMB-VZT,DEV-TMBVZT-2,2024-10-01T00:00:00,2024-10-31T23:59:59,86.4,77.0,routine inspection,,ECO-SERVICE-1,closed,False,False,False
DOP-0003737,TMB-VZT,DEV-TMBVZT-2,2024-11-01T00:00:00,2024-11-30T23:59:59,90.1,76.8,routine inspection,,ECO-SERVICE-1,closed,False,False,False
DOP-0003738,TMB-VZT,DEV-TMBVZT-2,2024-12-01T00:00:00,2024-12-31T23:59:59,98.1,70.5,routine inspection,,ECO-SERVICE-1,closed,False,False,False
DOP-0003739,TMB-VZT,DEV-TMBVZT-2,2025-01-01T00:00:00,2025-01-31T23:59:59,100.0,69.3,routine inspection,,ECO-SERVICE-1,closed,False,False,False
DOP-0003740,TMB-VZT,DEV-TMBVZT-2,2025-02-01T00:00:00,2025-02-28T23:59:59,87.5,79.2,routine inspection,,ECO-SERVICE-1,closed,False,False,False
DOP-0003741,TMB-VZT,DEV-TMBVZT-2,2025-03-01T00:00:00,2025-03-31T23:59:59,93.7,73.2,routine inspection,,ECO-SERVICE-1,closed,False,False,False
DOP-0003742,TMB-VZT,DEV-TMBVZT-2,2025-04-01T00:00:00,2025-04-30T23:59:59,87.5,81.9,routine inspection,,ECO-SERVICE-1,closed,False,False,False
DOP-0003743,TMB-VZT,DEV-TMBVZT-2,2025-05-01T00:00:00,2025-05-31T23:59:59,99.1,73.2,routine inspection,,ECO-SERVICE-1,closed,False,False,False
DOP-0003744,TMB-VZT,DEV-TMBVZT-2,2025-06-01T00:00:00,2025-06-30T23:59:59,98.7,86.8,routine inspection,,ECO-SERVICE-1,closed,False,False,False
DOP-0003745,TMB-CKU,DEV-TMBCKU-3,2019-01-01T00:00:00,2019-01-31T23:59:59,84.3,72.3,routine inspection,,ECO-SERVICE-2,closed,False,False,False
DOP-0003746,TMB-CKU,DEV-TMBCKU-3,2019-02-01T00:00:00,2019-02-28T23:59:59,79.9,82.7,routine inspection,,ECO-SERVICE-2,closed,False,False,False
DOP-0003747,TMB-CKU,DEV-TMBCKU-3,2019-03-01T00:00:00,2019-03-31T23:59:59,96.7,94.4,ROUTINE INSPECTION,,ECO-SERVICE-2,closed,False,False,False
DOP-0003748,TMB-CKU,DEV-TMBCKU-3,2019-04-01T00:00:00,2019-04-30T23:59:59,89.7,82.6,routine inspection,,ECO-SERVICE-2,closed,False,False,False
DOP-0003749,TMB-CKU,DEV-TMBCKU-3,2019-05-01T00:00:00,2019-05-31T23:59:59,100.0,88.2,routine inspection,,ECO-SERVICE-2,closed,False,False,False
DOP-0003750,TMB-CKU,DEV-TMBCKU-3,2019-06-01T00:00:00,2019-06-30T23:59:59,100.0,92.9,routine inspection,,ECO-SERVICE-2,closed,False,False,False
DOP-0003751,TMB-CKU,DEV-TMBCKU-3,2019-07-01T00:00:00,2019-07-31T23:59:59,100.0,85.4,routine inspection,,ECO-SERVICE-2,closed,False,False,False
DOP-0003752,TMB-CKU,DEV-TMBCKU-3,2019-08-01T00:00:00,2019-08-31T23:59:59,94.0,74.9,routine inspection,,ECO-SERVICE-2,closed,False,False,False
DOP-0003753,TMB-CKU,DEV-TMBCKU-3,2019-09-01T00:00:00,2019-09-30T23:59:59,89.5,88.9,routine inspection,,ECO-SERVICE-2,closed,False,False,False
DOP-0003754,TMB-CKU,DEV-TMBCKU-3,2019-10-01T00:00:00,2019-10-31T23:59:59,100.0,90.0,routine inspection,,ECO-SERVICE-2,closed,False,False,False
DOP-0003755,TMB-CKU,DEV-TMBCKU-3,2019-11-01T00:00:00,2019-11-30T23:59:59,94.5,82.0,routine inspection,,ECO-SERVICE-2,closed,False,False,False
DOP-0003756,TMB-CKU,DEV-TMBCKU-3,2019-12-01T00:00:00,2019-12-31T23:59:59,94.1,74.0,routine inspection,,ECO-SERVICE-2,closed,False,False,False
DOP-0003757,TMB-CKU,DEV-TMBCKU-3,2020-01-01T00:00:00,2020-01-31T23:59:59,98.9,71.1,routine inspection,,ECO-SERVICE-2,closed,False,False,False
DOP-0003758,TMB-CKU,DEV-TMBCKU-3,2020-02-01T00:00:00,2020-02-29T23:59:59,98.1,75.9,routine inspection,,ECO-SERVICE-2,closed,False,False,False
DOP-0003759,TMB-CKU,DEV-TMBCKU-3,2020-03-01T00:00:00,2020-03-31T23:59:59,98.5,75.8,routine inspection,,ECO-SERVICE-2,closed,False,False,False
DOP-0003760,TMB-CKU,DEV-TMBCKU-3,2020-04-01T00:00:00,2020-04-30T23:59:59,89.0,85.1,routine inspection,,ECO-SERVICE-2,closed,False,False,False
DOP-0003761,TMB-CKU,DEV-TMBCKU-3,2020-05-01T00:00:00,2020-05-31T23:59:59,87.5,73.5,routine inspection,,ECO-SERVICE-2,closed,False,False,False
DOP-0003762,TMB-CKU,DEV-TMBCKU-3,2020-06-01T00:00:00,2020-06-30T23:59:59,100.0,93.3,routine inspection,,ECO-SERVICE-2,closed,False,False,False
DOP-0003763,TMB-CKU,DEV-TMBCKU-3,2020-07-01T00:00:00,2020-07-31T23:59:59,94.2,80.9,routine inspection,,ECO-SERVICE-2,closed,False,False,False
DOP-0003764,TMB-CKU,DEV-TMBCKU-3,2020-08-01T00:00:00,2020-08-31T23:59:59,90.4,87.3,routine inspection,,ECO-SERVICE-2,closed,False,False,False
DOP-0003765,TMB-CKU,DEV-TMBCKU-3,2020-09-01T00:00:00,2020-09-30T23:59:59,95.1,89.8,routine inspection,,ECO-SERVICE-2,closed,False,False,False
DOP-0003766,TMB-CKU,DEV-TMBCKU-3,2020-10-01T00:00:00,2020-10-31T23:59:59,91.9,89.5,routine inspection,,ECO-SERVICE-2,closed,False,False,False
DOP-0003767,TMB-CKU,DEV-TMBCKU-3,2020-11-01T00:00:00,2020-11-30T23:59:59,92.6,86.1,routine inspection,,ECO-SERVICE-2,closed,False,False,False
DOP-0003768,TMB-CKU,DEV-TMBCKU-3,2020-12-01T00:00:00,2020-12-31T23:59:59,59.1,73.3,corrective maintenance,STORAGE_LIMIT,ECO-SERVICE-2,closed,False,False,True
DOP-0003769,TMB-CKU,DEV-TMBCKU-3,2021-01-01T00:00:00,2021-01-31T23:59:59,82.5,76.9,routine inspection,,ECO-SERVICE-2,closed,False,False,False
DOP-0003770,TMB-CKU,DEV-TMBCKU-3,2021-02-01T00:00:00,2021-02-28T23:59:59,90.4,74.7,routine inspection,,ECO-SERVICE-2,closed,False,False,False
DOP-0003771,TMB-CKU,DEV-TMBCKU-3,2021-03-01T00:00:00,2021-03-31T23:59:59,98.1,80.2,routine inspection,,ECO-SERVICE-2,closed,False,False,False
DOP-0003772,TMB-CKU,DEV-TMBCKU-3,2021-04-01T00:00:00,2021-04-30T23:59:59,87.3,83.7,routine inspection,,ECO-SERVICE-2,closed,False,False,False
DOP-0003773,TMB-CKU,DEV-TMBCKU-3,2021-05-01T00:00:00,2021-05-31T23:59:59,95.3,81.3,routine inspection,,ECO-SERVICE-2,closed,False,False,False
DOP-0003774,TMB-CKU,DEV-TMBCKU-3,2021-06-01T00:00:00,2021-06-30T23:59:59,91.3,82.8,routine inspection,,ECO-SERVICE-2,closed,False,False,False
DOP-0003775,TMB-CKU,DEV-TMBCKU-3,2021-07-01T00:00:00,2021-07-31T23:59:59,90.0,78.5,routine inspection,,ECO-SERVICE-2,closed,False,False,False
DOP-0003776,TMB-CKU,DEV-TMBCKU-3,2021-08-01T00:00:00,2021-08-31T23:59:59,88.0,88.7,routine inspection,,ECO-SERVICE-2,closed,False,False,False
DOP-0003777,TMB-CKU,DEV-TMBCKU-3,2021-09-01T00:00:00,2021-09-30T23:59:59,94.7,78.6,routine inspection,,ECO-SERVICE-2,closed,False,False,False
DOP-0003778,TMB-CKU,DEV-TMBCKU-3,2021-10-01T00:00:00,2021-10-31T23:59:59,87.9,80.7,routine inspection,,ECO-SERVICE-2,closed,False,False,False
DOP-0003779,TMB-CKU,DEV-TMBCKU-3,2021-11-01T00:00:00,2021-11-30T23:59:59,71.1,76.7,corrective maintenance,STORAGE_LIMIT,ECO-SERVICE-2,closed,False,False,True
DOP-0003780,TMB-CKU,DEV-TMBCKU-3,2021-12-01T00:00:00,2021-12-31T23:59:59,93.0,93.2,routine inspection,,ECO-SERVICE-2,closed,False,False,False
DOP-0003781,TMB-CKU,DEV-TMBCKU-3,2022-01-01T00:00:00,2022-01-31T23:59:59,92.8,77.9,routine inspection,,ECO-SERVICE-2,closed,False,False,False
DOP-0003782,TMB-CKU,DEV-TMBCKU-3,2022-02-01T00:00:00,2022-02-28T23:59:59,96.7,73.0,routine inspection,,ECO-SERVICE-2,closed,False,False,False
DOP-0003783,TMB-CKU,DEV-TMBCKU-3,2022-03-01T00:00:00,2022-03-31T23:59:59,96.9,79.6,routine inspection,,ECO-SERVICE-2,closed,False,False,False
DOP-0003784,TMB-CKU,DEV-TMBCKU-3,2022-04-01T00:00:00,2022-04-30T23:59:59,93.6,61.9,routine inspection,,ECO-SERVICE-2,closed,False,False,False
DOP-0003785,TMB-CKU,DEV-TMBCKU-3,2022-05-01T00:00:00,2022-05-31T23:59:59,91.2,80.7,routine inspection,,ECO-SERVICE-2,closed,False,False,False
DOP-0003786,TMB-CKU,DEV-TMBCKU-3,2022-06-01T00:00:00,2022-06-30T23:59:59,100.0,73.6,routine inspection,,ECO-SERVICE-2,closed,False,False,False
DOP-0003787,TMB-CKU,DEV-TMBCKU-3,2022-07-01T00:00:00,2022-07-31T23:59:59,95.4,84.1,routine inspection,,ECO-SERVICE-2,closed,False,False,False
DOP-0003788,TMB-CKU,DEV-TMBCKU-3,2022-08-01T00:00:00,2022-08-31T23:59:59,97.2,88.3,routine inspection,,ECO-SERVICE-2,closed,False,False,False
DOP-0003789,TMB-CKU,DEV-TMBCKU-3,2022-09-01T00:00:00,2022-09-30T23:59:59,99.3,82.5,routine inspection,,ECO-SERVICE-2,closed,False,False,False
DOP-0003790,TMB-CKU,DEV-TMBCKU-3,2022-10-01T00:00:00,2022-10-31T23:59:59,93.4,82.2,routine inspection,,ECO-SERVICE-2,closed,False,False,False
DOP-0003791,TMB-CKU,DEV-TMBCKU-3,2022-11-01T00:00:00,2022-11-30T23:59:59,93.1,66.9,routine inspection,,ECO-SERVICE-2,closed,False,False,False
DOP-0003792,TMB-CKU,DEV-TMBCKU-3,2022-12-01T00:00:00,2022-12-31T23:59:59,92.2,89.7,routine inspection,,ECO-SERVICE-2,closed,False,False,False
DOP-0003793,TMB-CKU,DEV-TMBCKU-3,2023-01-01T00:00:00,2023-01-31T23:59:59,96.9,92.5,routine inspection,,ECO-SERVICE-2,closed,False,False,False
DOP-0003794,TMB-CKU,DEV-TMBCKU-3,2023-02-01T00:00:00,2023-02-28T23:59:59,96.2,79.6,routine inspection,,ECO-SERVICE-2,closed,False,False,False
DOP-0003795,TMB-CKU,DEV-TMBCKU-3,2023-03-01T00:00:00,2023-03-31T23:59:59,97.9,78.8,routine inspection,,ECO-SERVICE-2,closed,False,False,False
DOP-0003796,TMB-CKU,DEV-TMBCKU-3,2023-04-01T00:00:00,2023-04-30T23:59:59,90.8,82.5,routine inspection,,ECO-SERVICE-2,closed,False,False,False
DOP-0003797,TMB-CKU,DEV-TMBCKU-3,2023-05-01T00:00:00,2023-05-31T23:59:59,99.4,88.8,routine inspection,,ECO-SERVICE-2,closed,False,False,False
DOP-0003798,TMB-CKU,DEV-TMBCKU-3,2023-06-01T00:00:00,2023-06-30T23:59:59,100.0,76.3,routine inspection,,ECO-SERVICE-2,closed,False,False,False
DOP-0003799,TMB-CKU,DEV-TMBCKU-3,2023-07-01T00:00:00,2023-07-31T23:59:59,100.0,74.2,routine inspection,,ECO-SERVICE-2,closed,False,False,False
DOP-0003800,TMB-CKU,DEV-TMBCKU-3,2023-08-01T00:00:00,31/08/2023 23:59:59,96.2,75.7,routine inspection,,ECO-SERVICE-2,closed,False,False,False
DOP-0003801,TMB-CKU,DEV-TMBCKU-3,2023-09-01T00:00:00,2023-09-30T23:59:59,85.1,77.1,routine inspection,,ECO-SERVICE-2,closed,False,False,False
DOP-0003802,TMB-CKU,DEV-TMBCKU-3,2023-10-01T00:00:00,2023-10-31T23:59:59,94.9,79.3,routine inspection,,ECO-SERVICE-2,closed,False,False,False
DOP-0003803,TMB-CKU,DEV-TMBCKU-3,2023-11-01T00:00:00,2023-11-30T23:59:59,90.9,75.3,routine inspection,,ECO-SERVICE-2,closed,False,False,False
DOP-0003804,TMB-CKU,DEV-TMBCKU-3,2023-12-01T00:00:00,2023-12-31T23:59:59,93.9,76.1,routine inspection,,ECO-SERVICE-2,closed,False,False,False
DOP-0003805,TMB-CKU,DEV-TMBCKU-3,2024-01-01T00:00:00,2024-01-31T23:59:59,89.0,63.1,routine inspection,,ECO-SERVICE-2,closed,False,False,False
DOP-0003806,TMB-CKU,DEV-TMBCKU-3,2024-02-01T00:00:00,2024-02-29T23:59:59,87.2,88.9,routine inspection,,ECO-SERVICE-2,closed,False,False,False
DOP-0003807,TMB-CKU,DEV-TMBCKU-3,2024-03-01T00:00:00,2024-03-31T23:59:59,100.0,74.3,routine inspection,,ECO-SERVICE-2,closed,False,False,False
DOP-0003808,TMB-CKU,DEV-TMBCKU-3,2024-04-01T00:00:00,2024-04-30T23:59:59,94.6,81.5,routine inspection,,ECO-SERVICE-2,closed,False,False,False
DOP-0003809,TMB-CKU,DEV-TMBCKU-3,2024-05-01T00:00:00,2024-05-31T23:59:59,96.5,84.8,routine inspection,,ECO-SERVICE-2,closed,False,False,False
DOP-0003810,TMB-CKU,DEV-TMBCKU-3,2024-06-01T00:00:00,2024-06-30T23:59:59,95.7,88.5,routine inspection,,ECO-SERVICE-2,closed,False,False,False
DOP-0003811,TMB-CKU,DEV-TMBCKU-3,2024-07-01T00:00:00,2024-07-31T23:59:59,100.0,76.5,routine inspection,,ECO-SERVICE-2,closed,False,False,False
DOP-0003812,TMB-CKU,DEV-TMBCKU-3,2024-08-01T00:00:00,2024-08-31T23:59:59,97.6,88.3,routine inspection,,ECO-SERVICE-2,closed,False,False,False
DOP-0003813,TMB-CKU,DEV-TMBCKU-3,2024-09-01T00:00:00,2024-09-30T23:59:59,90.0,81.7,routine inspection,,ECO-SERVICE-2,closed,False,False,False
DOP-0003814,TMB-CKU,DEV-TMBCKU-3,2024-10-01T00:00:00,2024-10-31T23:59:59,88.3,80.4,routine inspection,,ECO-SERVICE-2,closed,False,False,False
DOP-0003815,TMB-CKU,DEV-TMBCKU-3,2024-11-01T00:00:00,2024-11-30T23:59:59,92.8,83.6,routine inspection,,ECO-SERVICE-2,closed,False,False,False
DOP-0003816,TMB-CKU,DEV-TMBCKU-3,2024-12-01T00:00:00,2024-12-31T23:59:59,89.7,83.7,routine inspection,,ECO-SERVICE-2,closed,False,False,False
DOP-0003817,TMB-CKU,DEV-TMBCKU-3,2025-01-01T00:00:00,2025-01-31T23:59:59,100.0,78.8,routine inspection,,ECO-SERVICE-2,closed,False,False,False
DOP-0003818,TMB-CKU,DEV-TMBCKU-3,2025-02-01T00:00:00,2025-02-28T23:59:59,97.0,78.6,routine inspection,,ECO-SERVICE-2,closed,False,False,False
DOP-0003819,TMB-CKU,DEV-TMBCKU-3,2025-03-01T00:00:00,2025-03-31T23:59:59,94.4,77.4,routine inspection,,ECO-SERVICE-2,closed,False,False,False
DOP-0003820,TMB-CKU,DEV-TMBCKU-3,2025-04-01T00:00:00,2025-04-30T23:59:59,100.0,76.4,routine inspection,,ECO-SERVICE-2,closed,False,False,False
DOP-0003821,TMB-CKU,DEV-TMBCKU-3,2025-05-01T00:00:00,2025-05-31T23:59:59,98.1,82.9,routine inspection,,ECO-SERVICE-2,closed,False,False,False
DOP-0003822,TMB-CKU,DEV-TMBCKU-3,2025-06-01T00:00:00,2025-06-30T23:59:59,84.2,90.6,routine inspection,,ECO-SERVICE-2,closed,False,False,False
DOP-0003823,TMB-WYT,DEV-TMBWYT-1,2019-01-01T00:00:00,31/01/2019 23:59:59,100.0,60.8,routine inspection,,ECO-SERVICE-3,closed,False,False,False
DOP-0003824,TMB-WYT,DEV-TMBWYT-1,2019-02-01T00:00:00,2019-02-28T23:59:59,99.2,88.0,routine inspection,,ECO-SERVICE-3,closed,False,False,False
DOP-0003825,TMB-WYT,DEV-TMBWYT-1,2019-03-01T00:00:00,2019-03-31T23:59:59,97.7,70.9,routine inspection,,ECO-SERVICE-3,closed,False,False,False
DOP-0003826,TMB-WYT,DEV-TMBWYT-1,2019-04-01T00:00:00,2019-04-30T23:59:59,91.4,80.6,routine inspection,,ECO-SERVICE-3,closed,False,False,False
DOP-0003827,TMB-WYT,DEV-TMBWYT-1,2019-05-01T00:00:00,2019-05-31T23:59:59,97.1,82.4,routine inspection,,ECO-SERVICE-3,closed,False,False,False
DOP-0003828,TMB-WYT,DEV-TMBWYT-1,2019-06-01T00:00:00,2019-06-30T23:59:59,97.4,86.1,routine inspection,,ECO-SERVICE-3,closed,False,False,False
DOP-0003829,TMB-WYT,DEV-TMBWYT-1,2019-07-01T00:00:00,2019-07-31T23:59:59,89.0,95.8,routine inspection,,ECO-SERVICE-3,closed,False,False,False
DOP-0003830,TMB-WYT,DEV-TMBWYT-1,2019-08-01T00:00:00,2019-08-31T23:59:59,100.0,66.1,routine inspection,,ECO-SERVICE-3,closed,False,False,False
DOP-0003831,TMB-WYT,DEV-TMBWYT-1,2019-09-01T00:00:00,2019-09-30T23:59:59,90.3,69.2,routine inspection,,ECO-SERVICE-3,closed,False,False,False
DOP-0003832,TMB-WYT,DEV-TMBWYT-1,2019-10-01T00:00:00,2019-10-31T23:59:59,96.8,87.3,routine inspection,,ECO-SERVICE-3,closed,False,False,False
DOP-0003833,TMB-WYT,DEV-TMBWYT-1,2019-11-01T00:00:00,2019-11-30T23:59:59,96.7,73.6,routine inspection,,ECO-SERVICE-3,closed,False,False,False
DOP-0003834,TMB-WYT,DEV-TMBWYT-1,2019-12-01T00:00:00,2019-12-31T23:59:59,95.1,64.8,routine inspection,,ECO-SERVICE-3,closed,False,False,False
DOP-0003835,TMB-WYT,DEV-TMBWYT-1,2020-01-01T00:00:00,2020-01-31T23:59:59,93.6,74.2,routine inspection,,ECO-SERVICE-3,closed,False,False,False
DOP-0003836,TMB-WYT,DEV-TMBWYT-1,2020-02-01T00:00:00,2020-02-29T23:59:59,90.5,73.7,routine inspection,,ECO-SERVICE-3,closed,False,False,False
DOP-0003837,TMB-WYT,DEV-TMBWYT-1,2020-03-01T00:00:00,2020-03-31T23:59:59,91.3,82.8,routine inspection,,ECO-SERVICE-3,closed,False,False,False
DOP-0003838,TMB-WYT,DEV-TMBWYT-1,2020-04-01T00:00:00,2020-04-30T23:59:59,96.3,69.7,routine inspection,,ECO-SERVICE-3,closed,False,False,False
DOP-0003839,TMB-WYT,DEV-TMBWYT-1,2020-05-01T00:00:00,2020-05-31T23:59:59,78.5,74.5,corrective maintenance,STORAGE_LIMIT,ECO-SERVICE-3,closed,False,False,True
DOP-0003840,TMB-WYT,DEV-TMBWYT-1,2020-06-01T00:00:00,2020-06-30T23:59:59,79.5,96.4,routine inspection,,ECO-SERVICE-3,closed,False,False,False
DOP-0003841,TMB-WYT,DEV-TMBWYT-1,2020-07-01T00:00:00,2020-07-31T23:59:59,89.9,83.5,routine inspection,,ECO-SERVICE-3,closed,False,False,False
DOP-0003842,TMB-WYT,DEV-TMBWYT-1,2020-08-01T00:00:00,2020-08-31T23:59:59,94.5,71.9,routine inspection,,ECO-SERVICE-3,closed,False,False,False
DOP-0003843,TMB-WYT,DEV-TMBWYT-1,2020-09-01T00:00:00,2020-09-30T23:59:59,88.9,72.3,routine inspection,,ECO-SERVICE-3,closed,False,False,False
DOP-0003844,TMB-WYT,DEV-TMBWYT-1,2020-10-01T00:00:00,2020-10-31T23:59:59,99.5,69.7,routine inspection,,ECO-SERVICE-3,closed,False,False,False
DOP-0003845,TMB-WYT,DEV-TMBWYT-1,2020-11-01T00:00:00,2020-11-30T23:59:59,100.0,80.9,routine inspection,,ECO-SERVICE-3,closed,False,False,False
DOP-0003846,TMB-WYT,DEV-TMBWYT-1,2020-12-01T00:00:00,2020-12-31T23:59:59,96.4,64.3,routine inspection,,ECO-SERVICE-3,closed,False,False,False
DOP-0003847,TMB-WYT,DEV-TMBWYT-1,2021-01-01T00:00:00,2021-01-31T23:59:59,92.0,78.6,routine inspection,,ECO-SERVICE-3,closed,False,False,False
DOP-0003848,TMB-WYT,DEV-TMBWYT-1,2021-02-01T00:00:00,2021-02-28T23:59:59,98.4,83.3,routine inspection,,ECO-SERVICE-3,closed,False,False,False
DOP-0003849,TMB-WYT,DEV-TMBWYT-1,2021-03-01T00:00:00,2021-03-31T23:59:59,92.7,86.0,routine inspection,,ECO-SERVICE-3,closed,False,False,False
DOP-0003850,TMB-WYT,DEV-TMBWYT-1,2021-04-01T00:00:00,2021-04-30T23:59:59,97.1,67.7,routine inspection,,ECO-SERVICE-3,closed,False,False,False
DOP-0003851,TMB-WYT,DEV-TMBWYT-1,2021-05-01T00:00:00,2021-05-31T23:59:59,94.4,78.3,routine inspection,,ECO-SERVICE-3,closed,False,False,False
DOP-0003852,TMB-WYT,DEV-TMBWYT-1,2021-06-01T00:00:00,2021-06-30T23:59:59,86.3,73.2,routine inspection,,ECO-SERVICE-3,closed,False,False,False
DOP-0003853,TMB-WYT,DEV-TMBWYT-1,2021-07-01T00:00:00,2021-07-31T23:59:59,87.0,96.7,routine inspection,,ECO-SERVICE-3,closed,False,False,False
DOP-0003854,TMB-WYT,DEV-TMBWYT-1,2021-08-01T00:00:00,2021-08-31T23:59:59,93.1,69.7,routine inspection,,ECO-SERVICE-3,closed,False,False,False
DOP-0003855,TMB-WYT,DEV-TMBWYT-1,2021-09-01T00:00:00,2021-09-30T23:59:59,97.7,76.9,routine inspection,,ECO-SERVICE-3,closed,False,False,False
DOP-0003856,TMB-WYT,DEV-TMBWYT-1,2021-10-01T00:00:00,2021-10-31T23:59:59,91.3,81.6,routine inspection,,ECO-SERVICE-3,closed,False,False,False
DOP-0003857,TMB-WYT,DEV-TMBWYT-1,2021-11-01T00:00:00,2021-11-30T23:59:59,97.5,76.9,Routine Inspection,,ECO-SERVICE-3,closed,False,False,False
DOP-0003858,TMB-WYT,DEV-TMBWYT-1,2021-12-01T00:00:00,2021-12-31T23:59:59,89.2,80.2,routine inspection,,ECO-SERVICE-3,closed,False,False,False
DOP-0003859,TMB-WYT,DEV-TMBWYT-1,2022-01-01T00:00:00,2022-01-31T23:59:59,93.8,80.1,routine inspection,,ECO-SERVICE-3,closed,False,False,False
DOP-0003860,TMB-WYT,DEV-TMBWYT-1,2022-02-01T00:00:00,2022-02-28T23:59:59,94.4,76.6,routine inspection,,ECO-SERVICE-3,closed,False,False,False
DOP-0003861,TMB-WYT,DEV-TMBWYT-1,2022-03-01T00:00:00,2022-03-31T23:59:59,98.1,91.1,ROUTINE INSPECTION,,ECO-SERVICE-3,closed,False,False,False
DOP-0003862,TMB-WYT,DEV-TMBWYT-1,2022-04-01T00:00:00,2022-04-30T23:59:59,88.2,72.7,routine inspection,,ECO-SERVICE-3,closed,False,False,False
DOP-0003863,TMB-WYT,DEV-TMBWYT-1,2022-05-01T00:00:00,2022-05-31T23:59:59,100.0,84.2,routine inspection,,ECO-SERVICE-3,closed,False,False,False
DOP-0003864,TMB-WYT,DEV-TMBWYT-1,2022-06-01T00:00:00,2022-06-30T23:59:59,96.1,77.0,routine inspection,,ECO-SERVICE-3,closed,False,False,False
DOP-0003865,TMB-WYT,DEV-TMBWYT-1,2022-07-01T00:00:00,2022-07-31T23:59:59,87.9,76.2,routine inspection,,ECO-SERVICE-3,closed,False,False,False
DOP-0003866,TMB-WYT,DEV-TMBWYT-1,2022-08-01T00:00:00,2022-08-31T23:59:59,94.5,86.8,routine inspection,,ECO-SERVICE-3,closed,False,False,False
DOP-0003867,TMB-WYT,DEV-TMBWYT-1,2022-09-01T00:00:00,2022-09-30T23:59:59,66.7,69.1,corrective maintenance,POWER_INTERRUPTION,ECO-SERVICE-3,closed,False,True,False
DOP-0003868,TMB-WYT,DEV-TMBWYT-1,2022-10-01T00:00:00,2022-10-31T23:59:59,92.6,85.7,routine inspection,,ECO-SERVICE-3,closed,False,False,False
DOP-0003869,TMB-WYT,DEV-TMBWYT-1,2022-11-01T00:00:00,2022-11-30T23:59:59,99.2,87.4,routine inspection,,ECO-SERVICE-3,closed,False,False,False
DOP-0003870,TMB-WYT,DEV-TMBWYT-1,2022-12-01T00:00:00,2022-12-31T23:59:59,100.0,72.9,routine inspection,,ECO-SERVICE-3,closed,False,False,False
DOP-0003871,TMB-WYT,DEV-TMBWYT-1,2023-01-01T00:00:00,2023-01-31T23:59:59,90.1,65.9,routine inspection,,ECO-SERVICE-3,closed,False,False,False
DOP-0003872,TMB-WYT,DEV-TMBWYT-1,2023-02-01T00:00:00,2023-02-28T23:59:59,98.5,84.9,routine inspection,,ECO-SERVICE-3,closed,False,False,False
DOP-0003873,TMB-WYT,DEV-TMBWYT-1,2023-03-01T00:00:00,2023-03-31T23:59:59,91.6,73.7,routine inspection,,ECO-SERVICE-3,closed,False,False,False
DOP-0003874,TMB-WYT,DEV-TMBWYT-1,2023-04-01T00:00:00,2023-04-30T23:59:59,100.0,81.2,routine inspection,,ECO-SERVICE-3,closed,False,False,False
DOP-0003875,TMB-WYT,DEV-TMBWYT-1,2023-05-01T00:00:00,2023-05-31T23:59:59,96.0,78.8,routine inspection,,ECO-SERVICE-3,closed,False,False,False
DOP-0003876,TMB-WYT,DEV-TMBWYT-1,2023-06-01T00:00:00,2023-06-30T23:59:59,99.4,73.4,routine inspection,,ECO-SERVICE-3,closed,False,False,False
DOP-0003877,TMB-WYT,DEV-TMBWYT-1,2023-07-01T00:00:00,2023-07-31T23:59:59,95.2,81.4,routine inspection,,ECO-SERVICE-3,closed,False,False,False
DOP-0003878,TMB-WYT,DEV-TMBWYT-1,2023-08-01T00:00:00,2023-08-31T23:59:59,94.7,87.0,routine inspection,,ECO-SERVICE-3,closed,False,False,False
DOP-0003879,TMB-WYT,DEV-TMBWYT-1,2023-09-01T00:00:00,2023-09-30T23:59:59,95.2,77.0,routine inspection,,ECO-SERVICE-3,closed,False,False,False
DOP-0003880,TMB-WYT,DEV-TMBWYT-1,2023-10-01T00:00:00,2023-10-31T23:59:59,94.3,83.2,routine inspection,,ECO-SERVICE-3,closed,False,False,False
DOP-0003881,TMB-WYT,DEV-TMBWYT-1,2023-11-01T00:00:00,2023-11-30T23:59:59,96.3,81.6,routine inspection,,ECO-SERVICE-3,closed,False,False,False
DOP-0003882,TMB-WYT,DEV-TMBWYT-1,2023-12-01T00:00:00,2023-12-31T23:59:59,89.9,86.9,routine inspection,,ECO-SERVICE-3,closed,False,False,False
DOP-0003883,TMB-WYT,DEV-TMBWYT-1,2024-01-01T00:00:00,2024-01-31T23:59:59,100.0,78.3,routine inspection,,ECO-SERVICE-3,closed,False,False,False
DOP-0003884,TMB-WYT,DEV-TMBWYT-1,2024-02-01T00:00:00,2024-02-29T23:59:59,98.5,68.7,routine inspection,,ECO-SERVICE-3,closed,False,False,False
DOP-0003885,TMB-WYT,DEV-TMBWYT-1,2024-03-01T00:00:00,2024-03-31T23:59:59,94.9,78.0,routine inspection,,ECO-SERVICE-3,closed,False,False,False
DOP-0003886,TMB-WYT,DEV-TMBWYT-1,2024-04-01T00:00:00,2024-04-30T23:59:59,88.0,71.3,routine inspection,,ECO-SERVICE-3,closed,False,False,False
DOP-0003887,TMB-WYT,DEV-TMBWYT-1,2024-05-01T00:00:00,2024-05-31T23:59:59,81.3,85.1,routine inspection,,ECO-SERVICE-3,closed,False,False,False
DOP-0003888,TMB-WYT,DEV-TMBWYT-1,2024-06-01T00:00:00,2024-06-30T23:59:59,99.4,87.0,routine inspection,,ECO-SERVICE-3,closed,False,False,False
DOP-0003889,TMB-WYT,DEV-TMBWYT-1,2024-07-01T00:00:00,2024-07-31T23:59:59,93.0,83.8,routine inspection,,ECO-SERVICE-3,closed,False,False,False
DOP-0003890,TMB-WYT,DEV-TMBWYT-1,2024-08-01T00:00:00,2024-08-31T23:59:59,95.4,67.0,routine inspection,,ECO-SERVICE-3,closed,False,False,False
DOP-0003891,TMB-WYT,DEV-TMBWYT-1,2024-09-01T00:00:00,2024-09-30T23:59:59,87.9,89.2,routine inspection,,ECO-SERVICE-3,closed,False,False,False
DOP-0003892,TMB-WYT,DEV-TMBWYT-1,2024-10-01T00:00:00,2024-10-31T23:59:59,86.9,82.8,routine inspection,,ECO-SERVICE-3,closed,False,False,False
DOP-0003893,TMB-WYT,DEV-TMBWYT-1,2024-11-01T00:00:00,2024-11-30T23:59:59,94.0,81.1,routine inspection,,ECO-SERVICE-3,closed,False,False,False
DOP-0003894,TMB-WYT,DEV-TMBWYT-1,2024-12-01T00:00:00,2024-12-31T23:59:59,75.7,57.4,corrective maintenance,STORAGE_LIMIT,ECO-SERVICE-3,closed,False,False,True
DOP-0003895,TMB-WYT,DEV-TMBWYT-1,2025-01-01T00:00:00,2025-01-31T23:59:59,94.8,61.8,ROUTINE INSPECTION,,ECO-SERVICE-3,closed,False,False,False
DOP-0003896,TMB-WYT,DEV-TMBWYT-1,2025-02-01T00:00:00,2025-02-28T23:59:59,92.6,81.2,routine inspection,,ECO-SERVICE-3,closed,False,False,False
DOP-0003897,TMB-WYT,DEV-TMBWYT-1,2025-03-01T00:00:00,2025-03-31T23:59:59,97.2,78.1,routine inspection,,ECO-SERVICE-3,closed,False,False,False
DOP-0003898,TMB-WYT,DEV-TMBWYT-1,2025-04-01T00:00:00,2025-04-30T23:59:59,98.2,88.0,routine inspection,,ECO-SERVICE-3,closed,False,False,False
DOP-0003899,TMB-WYT,DEV-TMBWYT-1,2025-05-01T00:00:00,2025-05-31T23:59:59,92.5,80.8,routine inspection,,ECO-SERVICE-3,closed,False,False,False
DOP-0003900,TMB-WYT,DEV-TMBWYT-1,2025-06-01T00:00:00,2025-06-30T23:59:59,94.7,75.8,routine inspection,,ECO-SERVICE-3,closed,False,False,False
DOP-0003901,TMB-GWP,DEV-TMBGWP-2,2019-01-01T00:00:00,2019-01-31T23:59:59,100.0,66.0,routine inspection,,ECO-SERVICE-4,closed,False,False,False
DOP-0003902,TMB-GWP,DEV-TMBGWP-2,2019-02-01T00:00:00,2019-02-28T23:59:59,94.5,68.9,routine inspection,,ECO-SERVICE-4,closed,False,False,False
DOP-0003903,TMB-GWP,DEV-TMBGWP-2,2019-03-01T00:00:00,2019-03-31T23:59:59,100.0,80.9,routine inspection,,ECO-SERVICE-4,closed,False,False,False
DOP-0003904,TMB-GWP,DEV-TMBGWP-2,2019-04-01T00:00:00,2019-04-30T23:59:59,83.6,80.3,routine inspection,,ECO-SERVICE-4,closed,False,False,False
DOP-0003905,TMB-GWP,DEV-TMBGWP-2,2019-05-01T00:00:00,2019-05-31T23:59:59,99.7,74.6,routine inspection,,ECO-SERVICE-4,closed,False,False,False
DOP-0003906,TMB-GWP,DEV-TMBGWP-2,2019-06-01T00:00:00,2019-06-30T23:59:59,100.0,73.5,routine inspection,,ECO-SERVICE-4,closed,False,False,False
DOP-0003907,TMB-GWP,DEV-TMBGWP-2,2019-07-01T00:00:00,2019-07-31T23:59:59,95.2,87.4,routine inspection,,ECO-SERVICE-4,closed,False,False,False
DOP-0003908,TMB-GWP,DEV-TMBGWP-2,2019-08-01T00:00:00,2019-08-31T23:59:59,94.1,97.5,routine inspection,,ECO-SERVICE-4,closed,False,False,False
DOP-0003909,TMB-GWP,DEV-TMBGWP-2,2019-09-01T00:00:00,2019-09-30T23:59:59,92.8,87.3,routine inspection,,ECO-SERVICE-4,closed,False,False,False
DOP-0003910,TMB-GWP,DEV-TMBGWP-2,2019-10-01T00:00:00,2019-10-31T23:59:59,93.2,73.5,routine inspection,,ECO-SERVICE-4,closed,False,False,False
DOP-0003911,TMB-GWP,DEV-TMBGWP-2,2019-11-01T00:00:00,2019-11-30T23:59:59,91.0,78.5,routine inspection,,ECO-SERVICE-4,closed,False,False,False
DOP-0003912,TMB-GWP,DEV-TMBGWP-2,2019-12-01T00:00:00,2019-12-31T23:59:59,90.5,71.5,routine inspection,,ECO-SERVICE-4,closed,False,False,False
DOP-0003913,TMB-GWP,DEV-TMBGWP-2,2020-01-01T00:00:00,2020-01-31T23:59:59,90.7,72.0,routine inspection,,ECO-SERVICE-4,closed,False,False,False
DOP-0003914,TMB-GWP,DEV-TMBGWP-2,2020-02-01T00:00:00,2020-02-29T23:59:59,100.0,65.6,routine inspection,,ECO-SERVICE-4,closed,False,False,False
DOP-0003915,TMB-GWP,DEV-TMBGWP-2,2020-03-01T00:00:00,2020-03-31T23:59:59,91.4,82.1,routine inspection,,ECO-SERVICE-4,closed,False,False,False
DOP-0003916,TMB-GWP,DEV-TMBGWP-2,2020-04-01T00:00:00,2020-04-30T23:59:59,91.4,75.5,routine inspection,,ECO-SERVICE-4,closed,False,False,False
DOP-0003917,TMB-GWP,DEV-TMBGWP-2,2020-05-01T00:00:00,2020-05-31T23:59:59,97.1,84.5,routine inspection,,ECO-SERVICE-4,closed,False,False,False
DOP-0003918,TMB-GWP,DEV-TMBGWP-2,2020-06-01T00:00:00,2020-06-30T23:59:59,100.0,70.6,routine inspection,,ECO-SERVICE-4,closed,False,False,False
DOP-0003919,TMB-GWP,DEV-TMBGWP-2,2020-07-01T00:00:00,2020-07-31T23:59:59,96.1,90.2,routine inspection,,ECO-SERVICE-4,closed,False,False,False
DOP-0003920,TMB-GWP,DEV-TMBGWP-2,2020-08-01T00:00:00,2020-08-31T23:59:59,91.3,76.9,routine inspection,,ECO-SERVICE-4,closed,False,False,False
DOP-0003921,TMB-GWP,DEV-TMBGWP-2,2020-09-01T00:00:00,2020-09-30T23:59:59,97.8,99.4,routine inspection,,ECO-SERVICE-4,closed,False,False,False
DOP-0003922,TMB-GWP,DEV-TMBGWP-2,2020-10-01T00:00:00,2020-10-31T23:59:59,95.6,72.1,routine inspection,,ECO-SERVICE-4,closed,False,False,False
DOP-0003923,TMB-GWP,DEV-TMBGWP-2,2020-11-01T00:00:00,2020-11-30T23:59:59,99.2,80.2,routine inspection,,ECO-SERVICE-4,closed,False,False,False
DOP-0003924,TMB-GWP,DEV-TMBGWP-2,2020-12-01T00:00:00,2020-12-31T23:59:59,98.9,58.2,routine inspection,,ECO-SERVICE-4,closed,False,False,False
DOP-0003925,TMB-GWP,DEV-TMBGWP-2,2021-01-01T00:00:00,2021-01-31T23:59:59,83.2,68.0,routine inspection,,ECO-SERVICE-4,closed,False,False,False
DOP-0003926,TMB-GWP,DEV-TMBGWP-2,2021-02-01T00:00:00,2021-02-28T23:59:59,100.0,86.1,routine inspection,,ECO-SERVICE-4,closed,False,False,False
DOP-0003927,TMB-GWP,DEV-TMBGWP-2,2021-03-01T00:00:00,2021-03-31T23:59:59,95.1,73.5,routine inspection,,ECO-SERVICE-4,closed,False,False,False
DOP-0003928,TMB-GWP,DEV-TMBGWP-2,2021-04-01T00:00:00,2021-04-30T23:59:59,92.1,81.1,routine inspection,,ECO-SERVICE-4,CLOSED,False,False,False
DOP-0003929,TMB-GWP,DEV-TMBGWP-2,2021-05-01T00:00:00,2021-05-31T23:59:59,96.1,77.3,routine inspection,,ECO-SERVICE-4,closed,False,False,False
DOP-0003930,TMB-GWP,DEV-TMBGWP-2,2021-06-01T00:00:00,2021-06-30T23:59:59,96.3,82.8,routine inspection,,ECO-SERVICE-4,closed,False,False,False
DOP-0003931,TMB-GWP,DEV-TMBGWP-2,2021-07-01T00:00:00,2021-07-31T23:59:59,94.2,86.6,routine inspection,,ECO-SERVICE-4,closed,False,False,False
DOP-0003932,TMB-GWP,DEV-TMBGWP-2,2021-08-01T00:00:00,2021-08-31T23:59:59,92.4,89.8,routine inspection,,ECO-SERVICE-4,closed,False,False,False
DOP-0003933,TMB-GWP,DEV-TMBGWP-2,2021-09-01T00:00:00,2021-09-30T23:59:59,86.7,88.0,routine inspection,,ECO-SERVICE-4,closed,False,False,False
DOP-0003934,TMB-GWP,DEV-TMBGWP-2,2021-10-01T00:00:00,2021-10-31T23:59:59,91.7,67.6,routine inspection,,ECO-SERVICE-4,closed,False,False,False
DOP-0003935,TMB-GWP,DEV-TMBGWP-2,2021-11-01T00:00:00,2021-11-30T23:59:59,95.3,69.8,routine inspection,,ECO-SERVICE-4,closed,False,False,False
DOP-0003936,TMB-GWP,DEV-TMBGWP-2,2021-12-01T00:00:00,2021-12-31T23:59:59,85.3,89.0,routine inspection,,ECO-SERVICE-4,closed,False,False,False
DOP-0003937,TMB-GWP,DEV-TMBGWP-2,2022-01-01T00:00:00,2022-01-31T23:59:59,96.4,59.8,routine inspection,,ECO-SERVICE-4,CLOSED,False,False,False
DOP-0003938,TMB-GWP,DEV-TMBGWP-2,2022-02-01T00:00:00,2022-02-28T23:59:59,91.0,74.8,routine inspection,,ECO-SERVICE-4,closed,False,False,False
DOP-0003939,TMB-GWP,DEV-TMBGWP-2,2022-03-01T00:00:00,2022-03-31T23:59:59,100.0,74.5,routine inspection,,ECO-SERVICE-4,closed,False,False,False
DOP-0003940,TMB-GWP,DEV-TMBGWP-2,2022-04-01T00:00:00,2022-04-30T23:59:59,98.3,75.6,routine inspection,,ECO-SERVICE-4,closed,False,False,False
DOP-0003941,TMB-GWP,DEV-TMBGWP-2,2022-05-01T00:00:00,2022-05-31T23:59:59,92.8,86.4,routine inspection,,ECO-SERVICE-4,closed,False,False,False
DOP-0003942,TMB-GWP,DEV-TMBGWP-2,2022-06-01T00:00:00,2022-06-30T23:59:59,90.7,62.8,routine inspection,,ECO-SERVICE-4,closed,False,False,False
DOP-0003943,TMB-GWP,DEV-TMBGWP-2,2022-07-01T00:00:00,2022-07-31T23:59:59,94.3,91.5,routine inspection,,ECO-SERVICE-4,closed,False,False,False
DOP-0003944,TMB-GWP,DEV-TMBGWP-2,2022-08-01T00:00:00,2022-08-31T23:59:59,95.8,79.7,routine inspection,,ECO-SERVICE-4,closed,False,False,False
DOP-0003945,TMB-GWP,DEV-TMBGWP-2,2022-09-01T00:00:00,2022-09-30T23:59:59,100.0,82.4,routine inspection,,ECO-SERVICE-4,closed,False,False,False
DOP-0003946,TMB-GWP,DEV-TMBGWP-2,2022-10-01T00:00:00,2022-10-31T23:59:59,96.5,82.3,routine inspection,,ECO-SERVICE-4,closed,False,False,False
DOP-0003947,TMB-GWP,DEV-TMBGWP-2,2022-11-01T00:00:00,2022-11-30T23:59:59,94.4,60.7,routine inspection,,ECO-SERVICE-4,closed,False,False,False
DOP-0003948,TMB-GWP,DEV-TMBGWP-2,2022-12-01T00:00:00,2022-12-31T23:59:59,62.8,69.7,corrective maintenance,MICROPHONE_DRIFT,ECO-SERVICE-4,closed,True,False,False
DOP-0003949,TMB-GWP,DEV-TMBGWP-2,2023-01-01T00:00:00,2023-01-31T23:59:59,92.6,60.8,routine inspection,,ECO-SERVICE-4,closed,False,False,False
DOP-0003950,TMB-GWP,DEV-TMBGWP-2,2023-02-01T00:00:00,2023-02-28T23:59:59,100.0,78.1,routine inspection,,ECO-SERVICE-4,closed,False,False,False
DOP-0003951,TMB-GWP,DEV-TMBGWP-2,2023-03-01T00:00:00,2023-03-31T23:59:59,100.0,80.5,routine inspection,,ECO-SERVICE-4,closed,False,False,False
DOP-0003952,TMB-GWP,DEV-TMBGWP-2,2023-04-01T00:00:00,2023-04-30T23:59:59,89.6,70.3,routine inspection,,ECO-SERVICE-4,closed,False,False,False
DOP-0003953,TMB-GWP,DEV-TMBGWP-2,2023-05-01T00:00:00,2023-05-31T23:59:59,86.7,70.1,routine inspection,,ECO-SERVICE-4,closed,False,False,False
DOP-0003954,TMB-GWP,DEV-TMBGWP-2,2023-06-01T00:00:00,2023-06-30T23:59:59,97.2,83.8,routine inspection,,ECO-SERVICE-4,closed,False,False,False
DOP-0003955,TMB-GWP,DEV-TMBGWP-2,2023-07-01T00:00:00,2023-07-31T23:59:59,100.0,78.1,routine inspection,,ECO-SERVICE-4,closed,False,False,False
DOP-0003956,TMB-GWP,DEV-TMBGWP-2,2023-08-01T00:00:00,2023-08-31T23:59:59,96.5,91.5,routine inspection,,ECO-SERVICE-4,closed,False,False,False
DOP-0003957,TMB-GWP,DEV-TMBGWP-2,2023-09-01T00:00:00,2023-09-30T23:59:59,96.7,87.5,routine inspection,,ECO-SERVICE-4,closed,False,False,False
DOP-0003958,TMB-GWP,DEV-TMBGWP-2,2023-10-01T00:00:00,2023-10-31T23:59:59,96.6,69.2,routine inspection,,ECO-SERVICE-4,closed,False,False,False
DOP-0003959,TMB-GWP,DEV-TMBGWP-2,2023-11-01T00:00:00,2023-11-30T23:59:59,94.9,79.6,routine inspection,,ECO-SERVICE-4,closed,False,False,False
DOP-0003960,TMB-GWP,DEV-TMBGWP-2,2023-12-01T00:00:00,2023-12-31T23:59:59,94.8,64.2,routine inspection,,ECO-SERVICE-4,closed,False,False,False
DOP-0003961,TMB-GWP,DEV-TMBGWP-2,2024-01-01T00:00:00,2024-01-31T23:59:59,88.8,69.2,routine inspection,,ECO-SERVICE-4,closed,False,False,False
DOP-0003962,TMB-GWP,DEV-TMBGWP-2,2024-02-01T00:00:00,2024-02-29T23:59:59,81.2,66.7,routine inspection,,ECO-SERVICE-4,closed,False,False,False
DOP-0003963,TMB-GWP,DEV-TMBGWP-2,2024-03-01T00:00:00,2024-03-31T23:59:59,95.3,77.8,routine inspection,,ECO-SERVICE-4,closed,False,False,False
DOP-0003964,TMB-GWP,DEV-TMBGWP-2,2024-04-01T00:00:00,2024-04-30T23:59:59,91.6,74.9,routine inspection,,ECO-SERVICE-4,closed,False,False,False
DOP-0003965,TMB-GWP,DEV-TMBGWP-2,2024-05-01T00:00:00,2024-05-31T23:59:59,96.1,90.8,routine inspection,,ECO-SERVICE-4,closed,False,False,False
DOP-0003966,TMB-GWP,DEV-TMBGWP-2,2024-06-01T00:00:00,2024-06-30T23:59:59,96.9,92.7,routine inspection,,ECO-SERVICE-4,closed,False,False,False
DOP-0003967,TMB-GWP,DEV-TMBGWP-2,2024-07-01T00:00:00,2024-07-31T23:59:59,94.8,87.2,routine inspection,,ECO-SERVICE-4,closed,False,False,False
DOP-0003968,TMB-GWP,DEV-TMBGWP-2,2024-08-01T00:00:00,2024-08-31T23:59:59,90.1,83.6,routine inspection,,ECO-SERVICE-4,closed,False,False,False
DOP-0003969,TMB-GWP,DEV-TMBGWP-2,2024-09-01T00:00:00,2024-09-30T23:59:59,94.7,83.6,routine inspection,,ECO-SERVICE-4,closed,False,False,False
DOP-0003970,TMB-GWP,DEV-TMBGWP-2,2024-10-01T00:00:00,2024-10-31T23:59:59,93.6,66.1,routine inspection,,ECO-SERVICE-4,closed,False,False,False
DOP-0003971,TMB-GWP,DEV-TMBGWP-2,2024-11-01T00:00:00,2024-11-30T23:59:59,98.0,74.8,routine inspection,,ECO-SERVICE-4,closed,False,False,False
DOP-0003972,TMB-GWP,DEV-TMBGWP-2,2024-12-01T00:00:00,2024-12-31T23:59:59,87.2,63.6,routine inspection,,ECO-SERVICE-4,closed,False,False,False
DOP-0003973,TMB-GWP,DEV-TMBGWP-2,2025-01-01T00:00:00,31-Jan-2025 23:59:59,85.9,64.0,routine inspection,,ECO-SERVICE-4,closed,False,False,False
DOP-0003974,TMB-GWP,DEV-TMBGWP-2,2025-02-01T00:00:00,2025-02-28T23:59:59,88.9,66.8,routine inspection,,ECO-SERVICE-4,closed,False,False,False
DOP-0003975,TMB-GWP,DEV-TMBGWP-2,2025-03-01T00:00:00,2025-03-31T23:59:59,89.5,66.1,routine inspection,,ECO-SERVICE-4,closed,False,False,False
DOP-0003976,TMB-GWP,DEV-TMBGWP-2,2025-04-01T00:00:00,2025-04-30T23:59:59,82.8,84.0,routine inspection,,ECO-SERVICE-4,closed,False,False,False
DOP-0003977,TMB-GWP,DEV-TMBGWP-2,2025-05-01T00:00:00,2025-05-31T23:59:59,100.0,78.4,routine inspection,,ECO-SERVICE-4,closed,False,False,False
DOP-0003978,TMB-GWP,DEV-TMBGWP-2,2025-06-01T00:00:00,2025-06-30T23:59:59,100.0,79.7,routine inspection,,ECO-SERVICE-4,closed,False,False,False
DOP-0003979,TMB-BRC,DEV-TMBBRC-3,2019-01-01T00:00:00,2019-01-31T23:59:59,94.8,76.3,routine inspection,,ECO-SERVICE-1,closed,False,False,False
DOP-0003980,TMB-BRC,DEV-TMBBRC-3,2019-02-01T00:00:00,2019-02-28T23:59:59,93.1,72.4,routine inspection,,ECO-SERVICE-1,closed,False,False,False
DOP-0003981,TMB-BRC,DEV-TMBBRC-3,2019-03-01T00:00:00,2019-03-31T23:59:59,89.7,87.8,routine inspection,,ECO-SERVICE-1,closed,False,False,False
DOP-0003982,TMB-BRC,DEV-TMBBRC-3,2019-04-01T00:00:00,2019-04-30T23:59:59,80.1,72.0,routine inspection,,ECO-SERVICE-1,closed,False,False,False
DOP-0003983,TMB-BRC,DEV-TMBBRC-3,2019-05-01T00:00:00,2019-05-31T23:59:59,89.2,72.9,routine inspection,,ECO-SERVICE-1,closed,False,False,False
DOP-0003984,TMB-BRC,DEV-TMBBRC-3,2019-06-01T00:00:00,2019-06-30T23:59:59,97.2,91.7,routine inspection,,ECO-SERVICE-1,closed,False,False,False
DOP-0003985,TMB-BRC,DEV-TMBBRC-3,2019-07-01T00:00:00,2019-07-31T23:59:59,92.9,67.1,routine inspection,,ECO-SERVICE-1,closed,False,False,False
DOP-0003986,TMB-BRC,DEV-TMBBRC-3,2019-08-01T00:00:00,2019-08-31T23:59:59,92.6,75.8,routine inspection,,ECO-SERVICE-1,closed,False,False,False
DOP-0003987,TMB-BRC,DEV-TMBBRC-3,2019-09-01T00:00:00,2019-09-30T23:59:59,94.2,76.3,routine inspection,,ECO-SERVICE-1,closed,False,False,False
DOP-0003988,TMB-BRC,DEV-TMBBRC-3,2019-10-01T00:00:00,2019-10-31T23:59:59,98.0,84.1,routine inspection,,ECO-SERVICE-1,closed,False,False,False
DOP-0003989,TMB-BRC,DEV-TMBBRC-3,2019-11-01T00:00:00,2019-11-30T23:59:59,98.3,79.7,routine inspection,,ECO-SERVICE-1,closed,False,False,False
DOP-0003990,TMB-BRC,DEV-TMBBRC-3,2019-12-01T00:00:00,2019-12-31T23:59:59,93.9,81.4,routine inspection,,ECO-SERVICE-1,closed,False,False,False
DOP-0003991,TMB-BRC,DEV-TMBBRC-3,2020-01-01T00:00:00,2020-01-31T23:59:59,94.2,71.8,routine inspection,,ECO-SERVICE-1,closed,False,False,False
DOP-0003992,TMB-BRC,DEV-TMBBRC-3,2020-02-01T00:00:00,2020-02-29T23:59:59,98.9,79.1,routine inspection,,ECO-SERVICE-1,closed,False,False,False
DOP-0003993,TMB-BRC,DEV-TMBBRC-3,2020-03-01T00:00:00,2020-03-31T23:59:59,95.1,75.0,routine inspection,,ECO-SERVICE-1,closed,False,False,False
DOP-0003994,TMB-BRC,DEV-TMBBRC-3,2020-04-01T00:00:00,2020-04-30T23:59:59,90.4,75.5,routine inspection,,ECO-SERVICE-1,closed,False,False,False
DOP-0003995,TMB-BRC,DEV-TMBBRC-3,2020-05-01T00:00:00,2020-05-31T23:59:59,100.0,79.0,routine inspection,,ECO-SERVICE-1,closed,False,False,False
DOP-0003996,TMB-BRC,DEV-TMBBRC-3,2020-06-01T00:00:00,2020-06-30T23:59:59,93.6,97.5,routine inspection,,ECO-SERVICE-1,closed,False,False,False
DOP-0003997,TMB-BRC,DEV-TMBBRC-3,2020-07-01T00:00:00,2020-07-31T23:59:59,95.8,100.0,routine inspection,,ECO-SERVICE-1,closed,False,False,False
DOP-0003998,TMB-BRC,DEV-TMBBRC-3,2020-08-01T00:00:00,2020-08-31T23:59:59,97.6,77.8,routine inspection,,ECO-SERVICE-1,closed,False,False,False
DOP-0003999,TMB-BRC,DEV-TMBBRC-3,2020-09-01T00:00:00,2020-09-30T23:59:59,87.5,74.3,routine inspection,,ECO-SERVICE-1,closed,False,False,False
DOP-0004000,TMB-BRC,DEV-TMBBRC-3,2020-10-01T00:00:00,2020-10-31T23:59:59,93.0,86.8,routine inspection,,ECO-SERVICE-1,closed,False,False,False
DOP-0004001,TMB-BRC,DEV-TMBBRC-3,2020-11-01T00:00:00,2020-11-30T23:59:59,84.7,81.7,routine inspection,,ECO-SERVICE-1,closed,False,False,False
DOP-0004002,TMB-BRC,DEV-TMBBRC-3,2020-12-01T00:00:00,2020-12-31T23:59:59,92.0,82.9,routine inspection,,ECO-SERVICE-1,closed,False,False,False
DOP-0004003,TMB-BRC,DEV-TMBBRC-3,2021-01-01T00:00:00,2021-01-31T23:59:59,87.9,82.0,routine inspection,,ECO-SERVICE-1,closed,False,False,False
DOP-0004004,TMB-BRC,DEV-TMBBRC-3,2021-02-01T00:00:00,2021-02-28T23:59:59,96.8,80.8,routine inspection,,ECO-SERVICE-1,closed,False,False,False
DOP-0004005,TMB-BRC,DEV-TMBBRC-3,2021-03-01T00:00:00,2021-03-31T23:59:59,88.5,88.2,routine inspection,,ECO-SERVICE-1,closed,False,False,False
DOP-0004006,TMB-BRC,DEV-TMBBRC-3,2021-04-01T00:00:00,2021-04-30T23:59:59,95.6,82.5,routine inspection,,ECO-SERVICE-1,closed,False,False,False
DOP-0004007,TMB-BRC,DEV-TMBBRC-3,2021-05-01T00:00:00,2021-05-31T23:59:59,100.0,85.4,routine inspection,,ECO-SERVICE-1,closed,False,False,False
DOP-0004008,TMB-BRC,DEV-TMBBRC-3,2021-06-01T00:00:00,2021-06-30T23:59:59,99.7,71.8,routine inspection,,ECO-SERVICE-1,closed,False,False,False
DOP-0004009,TMB-BRC,DEV-TMBBRC-3,2021-07-01T00:00:00,2021-07-31T23:59:59,99.5,83.6,routine inspection,,ECO-SERVICE-1,closed,False,False,False
DOP-0004010,TMB-BRC,DEV-TMBBRC-3,2021-08-01T00:00:00,2021-08-31T23:59:59,89.3,76.0,routine inspection,,ECO-SERVICE-1,closed,False,False,False
DOP-0004011,TMB-BRC,DEV-TMBBRC-3,2021-09-01T00:00:00,2021-09-30T23:59:59,92.9,79.6,routine inspection,,ECO-SERVICE-1,closed,False,False,False
DOP-0004012,TMB-BRC,DEV-TMBBRC-3,2021-10-01T00:00:00,2021-10-31T23:59:59,92.1,69.6,routine inspection,,ECO-SERVICE-1,closed,False,False,False
DOP-0004013,TMB-BRC,DEV-TMBBRC-3,2021-11-01T00:00:00,2021-11-30T23:59:59,100.0,75.4,routine inspection,,ECO-SERVICE-1,closed,False,False,False
DOP-0004014,TMB-BRC,DEV-TMBBRC-3,2021-12-01T00:00:00,2021-12-31T23:59:59,90.0,67.8,routine inspection,,ECO-SERVICE-1,closed,False,False,False
DOP-0004015,TMB-BRC,DEV-TMBBRC-3,2022-01-01T00:00:00,2022-01-31T23:59:59,94.8,60.9,routine inspection,,ECO-SERVICE-1,closed,False,False,False
DOP-0004016,TMB-BRC,DEV-TMBBRC-3,2022-02-01T00:00:00,2022-02-28T23:59:59,87.3,78.3,routine inspection,,ECO-SERVICE-1,closed,False,False,False
DOP-0004017,TMB-BRC,DEV-TMBBRC-3,2022-03-01T00:00:00,2022-03-31T23:59:59,92.4,78.5,routine inspection,,ECO-SERVICE-1,closed,False,False,False
DOP-0004018,TMB-BRC,DEV-TMBBRC-3,2022-04-01T00:00:00,2022-04-30T23:59:59,85.9,66.8,routine inspection,,ECO-SERVICE-1,closed,False,False,False
DOP-0004019,TMB-BRC,DEV-TMBBRC-3,2022-05-01T00:00:00,2022-05-31T23:59:59,92.1,72.0,routine inspection,,ECO-SERVICE-1,closed,False,False,False
DOP-0004020,TMB-BRC,DEV-TMBBRC-3,2022-06-01T00:00:00,2022-06-30T23:59:59,93.2,78.7,routine inspection,,ECO-SERVICE-1,closed,False,False,False
DOP-0004021,TMB-BRC,DEV-TMBBRC-3,2022-07-01T00:00:00,2022-07-31T23:59:59,93.5,79.8,routine inspection,,ECO-SERVICE-1,closed,False,False,False
DOP-0004022,TMB-BRC,DEV-TMBBRC-3,2022-08-01T00:00:00,2022-08-31T23:59:59,98.6,83.4,routine inspection,,ECO-SERVICE-1,closed,False,False,False
DOP-0004023,TMB-BRC,DEV-TMBBRC-3,2022-09-01T00:00:00,2022-09-30T23:59:59,94.6,92.9,routine inspection,,ECO-SERVICE-1,closed,False,False,False
DOP-0004024,TMB-BRC,DEV-TMBBRC-3,2022-10-01T00:00:00,2022-10-31T23:59:59,96.0,73.2,routine inspection,,ECO-SERVICE-1,closed,False,False,False
DOP-0004025,TMB-BRC,DEV-TMBBRC-3,2022-11-01T00:00:00,2022-11-30T23:59:59,96.1,71.7,routine inspection,,ECO-SERVICE-1,closed,False,False,False
DOP-0004026,TMB-BRC,DEV-TMBBRC-3,2022-12-01T00:00:00,2022-12-31T23:59:59,89.8,83.2,routine inspection,,ECO-SERVICE-1,closed,False,False,False
DOP-0004027,TMB-BRC,DEV-TMBBRC-3,2023-01-01T00:00:00,2023-01-31T23:59:59,97.6,72.7,routine inspection,,ECO-SERVICE-1,closed,False,False,False
DOP-0004028,TMB-BRC,DEV-TMBBRC-3,2023-02-01T00:00:00,2023-02-28T23:59:59,73.0,60.2,corrective maintenance,STORAGE_LIMIT,ECO-SERVICE-1,closed,False,False,True
DOP-0004029,TMB-BRC,DEV-TMBBRC-3,2023-03-01T00:00:00,2023-03-31T23:59:59,88.2,91.3,routine inspection,,ECO-SERVICE-1,closed,False,False,False
DOP-0004030,TMB-BRC,DEV-TMBBRC-3,2023-04-01T00:00:00,2023-04-30T23:59:59,91.2,89.8,routine inspection,,ECO-SERVICE-1,closed,False,False,False
DOP-0004031,TMB-BRC,DEV-TMBBRC-3,2023-05-01T00:00:00,2023-05-31T23:59:59,98.5,71.2,routine inspection,,ECO-SERVICE-1,closed,False,False,False
DOP-0004032,TMB-BRC,DEV-TMBBRC-3,2023-06-01T00:00:00,2023-06-30T23:59:59,91.3,84.5,routine inspection,,ECO-SERVICE-1,closed,False,False,False
DOP-0004033,TMB-BRC,DEV-TMBBRC-3,2023-07-01T00:00:00,2023-07-31T23:59:59,83.1,88.4,routine inspection,,ECO-SERVICE-1,closed,False,False,False
DOP-0004034,TMB-BRC,DEV-TMBBRC-3,2023-08-01T00:00:00,2023-08-31T23:59:59,100.0,71.5,routine inspection,,ECO-SERVICE-1,closed,False,False,False
DOP-0004035,TMB-BRC,DEV-TMBBRC-3,2023-09-01T00:00:00,2023-09-30T23:59:59,89.6,83.9,routine inspection,,ECO-SERVICE-1,closed,False,False,False
DOP-0004036,TMB-BRC,DEV-TMBBRC-3,2023-10-01T00:00:00,2023-10-31T23:59:59,94.0,69.3,routine inspection,,ECO-SERVICE-1,closed,False,False,False
DOP-0004037,TMB-BRC,DEV-TMBBRC-3,2023-11-01T00:00:00,2023-11-30T23:59:59,92.0,79.5,routine inspection,,ECO-SERVICE-1,closed,False,False,False
DOP-0004038,TMB-BRC,DEV-TMBBRC-3,2023-12-01T00:00:00,2023-12-31T23:59:59,67.4,65.7,corrective maintenance,STORAGE_LIMIT,ECO-SERVICE-1,closed,False,False,True
DOP-0004039,TMB-BRC,DEV-TMBBRC-3,2024-01-01T00:00:00,2024-01-31T23:59:59,84.3,80.9,routine inspection,,ECO-SERVICE-1,closed,False,False,False
DOP-0004040,TMB-BRC,DEV-TMBBRC-3,2024-02-01T00:00:00,2024-02-29T23:59:59,90.0,70.7,routine inspection,,ECO-SERVICE-1,closed,False,False,False
DOP-0004041,TMB-BRC,DEV-TMBBRC-3,2024-03-01T00:00:00,2024-03-31T23:59:59,98.2,83.6,routine inspection,,ECO-SERVICE-1,closed,False,False,False
DOP-0004042,TMB-BRC,DEV-TMBBRC-3,2024-04-01T00:00:00,2024-04-30T23:59:59,94.9,80.0,routine inspection,,ECO-SERVICE-1,closed,False,False,False
DOP-0004043,TMB-BRC,DEV-TMBBRC-3,2024-05-01T00:00:00,2024-05-31T23:59:59,91.9,84.0,routine inspection,,ECO-SERVICE-1,closed,False,False,False
DOP-0004044,TMB-BRC,DEV-TMBBRC-3,2024-06-01T00:00:00,2024-06-30T23:59:59,100.0,77.3,routine inspection,,ECO-SERVICE-1,closed,False,False,False
DOP-0004045,TMB-BRC,DEV-TMBBRC-3,2024-07-01T00:00:00,2024-07-31T23:59:59,99.4,87.8,routine inspection,,ECO-SERVICE-1,closed,False,False,False
DOP-0004046,TMB-BRC,DEV-TMBBRC-3,2024-08-01T00:00:00,2024-08-31T23:59:59,97.9,84.0,routine inspection,,ECO-SERVICE-1,closed,False,False,False
DOP-0004047,TMB-BRC,DEV-TMBBRC-3,2024-09-01T00:00:00,2024-09-30T23:59:59,95.2,78.7,routine inspection,,ECO-SERVICE-1,closed,False,False,False
DOP-0004048,TMB-BRC,DEV-TMBBRC-3,2024-10-01T00:00:00,2024-10-31T23:59:59,97.2,81.5,routine inspection,,ECO-SERVICE-1,closed,False,False,False
DOP-0004049,TMB-BRC,DEV-TMBBRC-3,2024-11-01T00:00:00,2024-11-30T23:59:59,100.0,77.1,routine inspection,,ECO-SERVICE-1,closed,False,False,False
DOP-0004050,TMB-BRC,DEV-TMBBRC-3,2024-12-01T00:00:00,2024-12-31T23:59:59,92.7,72.1,routine inspection,,ECO-SERVICE-1,closed,False,False,False
DOP-0004051,TMB-BRC,DEV-TMBBRC-3,2025-01-01T00:00:00,2025-01-31T23:59:59,94.8,81.1,routine inspection,,ECO-SERVICE-1,closed,False,False,False
DOP-0004052,TMB-BRC,DEV-TMBBRC-3,2025-02-01T00:00:00,2025-02-28T23:59:59,87.5,78.8,routine inspection,,ECO-SERVICE-1,closed,False,False,False
DOP-0004053,TMB-BRC,DEV-TMBBRC-3,2025-03-01T00:00:00,2025-03-31T23:59:59,90.5,70.2,routine inspection,,ECO-SERVICE-1,closed,False,False,False
DOP-0004054,TMB-BRC,DEV-TMBBRC-3,2025-04-01T00:00:00,2025-04-30T23:59:59,91.2,80.1,routine inspection,,ECO-SERVICE-1,closed,False,False,False
DOP-0004055,TMB-BRC,DEV-TMBBRC-3,2025-05-01T00:00:00,2025-05-31T23:59:59,91.2,69.2,routine inspection,,ECO-SERVICE-1,closed,False,False,False
DOP-0004056,TMB-BRC,DEV-TMBBRC-3,2025-06-01T00:00:00,2025-06-30T23:59:59,82.7,86.4,routine inspection,,ECO-SERVICE-1,closed,False,False,False
DOP-0004057,TMB-SKZ,DEV-TMBSKZ-1,2019-01-01T00:00:00,2019-01-31T23:59:59,100.0,70.4,routine inspection,,ECO-SERVICE-2,closed,False,False,False
DOP-0004058,TMB-SKZ,DEV-TMBSKZ-1,2019-02-01T00:00:00,2019-02-28T23:59:59,94.7,87.4,routine inspection,,ECO-SERVICE-2,closed,False,False,False
DOP-0004059,TMB-SKZ,DEV-TMBSKZ-1,2019-03-01T00:00:00,2019-03-31T23:59:59,97.3,78.4,routine inspection,,ECO-SERVICE-2,closed,False,False,False
DOP-0004060,TMB-SKZ,DEV-TMBSKZ-1,2019-04-01T00:00:00,2019-04-30T23:59:59,99.1,77.3,routine inspection,,ECO-SERVICE-2,closed,False,False,False
DOP-0004061,TMB-SKZ,DEV-TMBSKZ-1,2019-05-01T00:00:00,2019-05-31T23:59:59,89.5,91.7,routine inspection,,ECO-SERVICE-2,closed,False,False,False
DOP-0004062,TMB-SKZ,DEV-TMBSKZ-1,2019-06-01T00:00:00,2019-06-30T23:59:59,100.0,88.4,Routine Inspection,,ECO-SERVICE-2,closed,False,False,False
DOP-0004063,TMB-SKZ,DEV-TMBSKZ-1,2019-07-01T00:00:00,2019-07-31T23:59:59,87.1,75.5,routine inspection,,ECO-SERVICE-2,closed,False,False,False
DOP-0004064,TMB-SKZ,DEV-TMBSKZ-1,2019-08-01T00:00:00,2019-08-31T23:59:59,94.4,84.4,routine inspection,,ECO-SERVICE-2,closed,False,False,False
DOP-0004065,TMB-SKZ,DEV-TMBSKZ-1,2019-09-01T00:00:00,2019-09-30T23:59:59,86.4,75.5,routine inspection,,ECO-SERVICE-2,closed,False,False,False
DOP-0004066,TMB-SKZ,DEV-TMBSKZ-1,2019-10-01T00:00:00,2019-10-31T23:59:59,92.4,70.2,routine inspection,,ECO-SERVICE-2,closed,False,False,False
DOP-0004067,TMB-SKZ,DEV-TMBSKZ-1,2019-11-01T00:00:00,2019-11-30T23:59:59,92.1,70.4,routine inspection,,ECO-SERVICE-2,closed,False,False,False
DOP-0004068,TMB-SKZ,DEV-TMBSKZ-1,2019-12-01T00:00:00,2019-12-31T23:59:59,100.0,78.7,routine inspection,,ECO-SERVICE-2,closed,False,False,False
DOP-0004069,TMB-SKZ,DEV-TMBSKZ-1,2020-01-01T00:00:00,2020-01-31T23:59:59,95.5,72.3,routine inspection,,ECO-SERVICE-2,closed,False,False,False
DOP-0004070,TMB-SKZ,DEV-TMBSKZ-1,2020-02-01T00:00:00,2020-02-29T23:59:59,100.0,83.7,routine inspection,,ECO-SERVICE-2,closed,False,False,False
DOP-0004071,TMB-SKZ,DEV-TMBSKZ-1,2020-03-01T00:00:00,2020-03-31T23:59:59,100.0,71.4,routine inspection,,ECO-SERVICE-2,closed,False,False,False
DOP-0004072,TMB-SKZ,DEV-TMBSKZ-1,2020-04-01T00:00:00,2020-04-30T23:59:59,97.3,77.7,routine inspection,,ECO-SERVICE-2,closed,False,False,False
DOP-0004073,TMB-SKZ,DEV-TMBSKZ-1,2020-05-01T00:00:00,2020-05-31T23:59:59,97.2,80.8,routine inspection,,ECO-SERVICE-2,closed,False,False,False
DOP-0004074,TMB-SKZ,DEV-TMBSKZ-1,2020-06-01T00:00:00,2020-06-30T23:59:59,95.1,80.2,routine inspection,,ECO-SERVICE-2,closed,False,False,False
DOP-0004075,TMB-SKZ,DEV-TMBSKZ-1,2020-07-01T00:00:00,2020-07-31T23:59:59,95.6,86.1,routine inspection,,ECO-SERVICE-2,closed,False,False,False
DOP-0004076,TMB-SKZ,DEV-TMBSKZ-1,2020-08-01T00:00:00,2020-08-31T23:59:59,100.0,81.5,routine inspection,,ECO-SERVICE-2,closed,False,False,False
DOP-0004077,TMB-SKZ,DEV-TMBSKZ-1,2020-09-01T00:00:00,2020-09-30T23:59:59,97.0,68.4,routine inspection,,ECO-SERVICE-2,closed,False,False,False
DOP-0004078,TMB-SKZ,DEV-TMBSKZ-1,2020-10-01T00:00:00,2020-10-31T23:59:59,87.8,67.2,routine inspection,,ECO-SERVICE-2,closed,False,False,False
DOP-0004079,TMB-SKZ,DEV-TMBSKZ-1,2020-11-01T00:00:00,2020-11-30T23:59:59,95.5,77.6,routine inspection,,ECO-SERVICE-2,closed,False,False,False
DOP-0004080,TMB-SKZ,DEV-TMBSKZ-1,2020-12-01T00:00:00,2020-12-31T23:59:59,89.8,73.4,routine inspection,,ECO-SERVICE-2,closed,False,False,False
DOP-0004081,TMB-SKZ,DEV-TMBSKZ-1,2021-01-01T00:00:00,2021-01-31T23:59:59,97.4,71.2,ROUTINE INSPECTION,,ECO-SERVICE-2,closed,False,False,False
DOP-0004082,TMB-SKZ,DEV-TMBSKZ-1,2021-02-01T00:00:00,2021-02-28T23:59:59,83.8,66.7,routine inspection,,ECO-SERVICE-2,closed,False,False,False
DOP-0004083,TMB-SKZ,DEV-TMBSKZ-1,2021-03-01T00:00:00,2021-03-31T23:59:59,93.6,74.0,routine inspection,,ECO-SERVICE-2,closed,False,False,False
DOP-0004084,TMB-SKZ,DEV-TMBSKZ-1,2021-04-01T00:00:00,2021-04-30T23:59:59,97.4,80.8,routine inspection,,ECO-SERVICE-2,closed,False,False,False
DOP-0004085,TMB-SKZ,DEV-TMBSKZ-1,2021-05-01T00:00:00,2021-05-31T23:59:59,86.8,93.3,routine inspection,,ECO-SERVICE-2,closed,False,False,False
DOP-0004086,TMB-SKZ,DEV-TMBSKZ-1,2021-06-01T00:00:00,2021-06-30T23:59:59,97.4,86.1,routine inspection,,ECO-SERVICE-2,closed,False,False,False
DOP-0004087,TMB-SKZ,DEV-TMBSKZ-1,2021-07-01T00:00:00,2021-07-31T23:59:59,89.8,87.5,routine inspection,,ECO-SERVICE-2,closed,False,False,False
DOP-0004088,TMB-SKZ,DEV-TMBSKZ-1,2021-08-01T00:00:00,2021-08-31T23:59:59,95.9,82.1,routine inspection,,ECO-SERVICE-2,closed,False,False,False
DOP-0004089,TMB-SKZ,DEV-TMBSKZ-1,2021-09-01T00:00:00,2021-09-30T23:59:59,98.0,74.7,ROUTINE INSPECTION,,ECO-SERVICE-2,closed,False,False,False
DOP-0004090,TMB-SKZ,DEV-TMBSKZ-1,2021-10-01T00:00:00,2021-10-31T23:59:59,100.0,74.9,routine inspection,,ECO-SERVICE-2,closed,False,False,False
DOP-0004091,TMB-SKZ,DEV-TMBSKZ-1,2021-11-01T00:00:00,2021-11-30T23:59:59,100.0,61.7,routine inspection,,ECO-SERVICE-2,closed,False,False,False
DOP-0004092,TMB-SKZ,DEV-TMBSKZ-1,2021-12-01T00:00:00,2021-12-31T23:59:59,100.0,84.2,routine inspection,,ECO-SERVICE-2,closed,False,False,False
DOP-0004093,TMB-SKZ,DEV-TMBSKZ-1,2022-01-01T00:00:00,2022-01-31T23:59:59,95.3,69.1,routine inspection,,ECO-SERVICE-2,closed,False,False,False
DOP-0004094,TMB-SKZ,DEV-TMBSKZ-1,2022-02-01T00:00:00,2022-02-28T23:59:59,92.5,74.2,routine inspection,,,closed,False,False,False
DOP-0004095,TMB-SKZ,DEV-TMBSKZ-1,2022-03-01T00:00:00,2022-03-31T23:59:59,100.0,69.8,routine inspection,,ECO-SERVICE-2,closed,False,False,False
DOP-0004096,TMB-SKZ,DEV-TMBSKZ-1,2022-04-01T00:00:00,2022-04-30T23:59:59,89.4,75.2,routine inspection,,ECO-SERVICE-2,closed,False,False,False
DOP-0004097,TMB-SKZ,DEV-TMBSKZ-1,2022-05-01T00:00:00,2022-05-31T23:59:59,100.0,67.5,routine inspection,,ECO-SERVICE-2,closed,False,False,False
DOP-0004098,TMB-SKZ,DEV-TMBSKZ-1,2022-06-01T00:00:00,2022-06-30T23:59:59,90.5,81.0,routine inspection,,ECO-SERVICE-2,closed,False,False,False
DOP-0004099,TMB-SKZ,DEV-TMBSKZ-1,2022-07-01T00:00:00,2022-07-31T23:59:59,91.9,76.0,routine inspection,,ECO-SERVICE-2,closed,False,False,False
DOP-0004100,TMB-SKZ,DEV-TMBSKZ-1,2022-08-01T00:00:00,2022-08-31T23:59:59,96.3,79.1,routine inspection,,ECO-SERVICE-2,closed,False,False,False
DOP-0004101,TMB-SKZ,DEV-TMBSKZ-1,2022-09-01T00:00:00,2022-09-30T23:59:59,92.5,72.5,routine inspection,,ECO-SERVICE-2,closed,False,False,False
DOP-0004102,TMB-SKZ,DEV-TMBSKZ-1,2022-10-01T00:00:00,2022-10-31T23:59:59,96.2,76.8,routine inspection,,ECO-SERVICE-2,closed,False,False,False
DOP-0004103,TMB-SKZ,DEV-TMBSKZ-1,2022-11-01T00:00:00,2022-11-30T23:59:59,91.3,71.6,routine inspection,,ECO-SERVICE-2,closed,False,False,False
DOP-0004104,TMB-SKZ,DEV-TMBSKZ-1,2022-12-01T00:00:00,2022-12-31T23:59:59,100.0,82.4,routine inspection,,ECO-SERVICE-2,closed,False,False,False
DOP-0004105,TMB-SKZ,DEV-TMBSKZ-1,2023-01-01T00:00:00,2023-01-31T23:59:59,92.7,85.5,routine inspection,,ECO-SERVICE-2,closed,False,False,False
DOP-0004106,TMB-SKZ,DEV-TMBSKZ-1,2023-02-01T00:00:00,2023-02-28T23:59:59,94.7,77.5,routine inspection,,ECO-SERVICE-2,closed,False,False,False
DOP-0004107,TMB-SKZ,DEV-TMBSKZ-1,2023-03-01T00:00:00,2023-03-31T23:59:59,100.0,77.0,routine inspection,,ECO-SERVICE-2,closed,False,False,False
DOP-0004108,TMB-SKZ,DEV-TMBSKZ-1,2023-04-01T00:00:00,2023-04-30T23:59:59,66.9,76.8,corrective maintenance,MICROPHONE_DRIFT,ECO-SERVICE-2,closed,True,False,False
DOP-0004109,TMB-SKZ,DEV-TMBSKZ-1,2023-05-01T00:00:00,2023-05-31T23:59:59,90.5,70.5,routine inspection,,ECO-SERVICE-2,closed,False,False,False
DOP-0004110,TMB-SKZ,DEV-TMBSKZ-1,2023-06-01T00:00:00,2023-06-30T23:59:59,94.2,72.7,routine inspection,,ECO-SERVICE-2,closed,False,False,False
DOP-0004111,TMB-SKZ,DEV-TMBSKZ-1,2023-07-01T00:00:00,2023-07-31T23:59:59,90.3,85.5,routine inspection,,ECO-SERVICE-2,closed,False,False,False
DOP-0004112,TMB-SKZ,DEV-TMBSKZ-1,2023-08-01T00:00:00,2023-08-31T23:59:59,91.7,75.1,routine inspection,,ECO-SERVICE-2,closed,False,False,False
DOP-0004113,TMB-SKZ,DEV-TMBSKZ-1,2023-09-01T00:00:00,2023-09-30T23:59:59,90.8,89.0,routine inspection,,ECO-SERVICE-2,closed,False,False,False
DOP-0004114,TMB-SKZ,DEV-TMBSKZ-1,2023-10-01T00:00:00,2023-10-31T23:59:59,91.3,80.9,routine inspection,,ECO-SERVICE-2,closed,False,False,False
DOP-0004115,TMB-SKZ,DEV-TMBSKZ-1,2023-11-01T00:00:00,2023-11-30T23:59:59,95.8,70.8,routine inspection,,ECO-SERVICE-2,closed,False,False,False
DOP-0004116,TMB-SKZ,DEV-TMBSKZ-1,2023-12-01T00:00:00,2023-12-31T23:59:59,97.4,78.5,routine inspection,,ECO-SERVICE-2,closed,False,False,False
DOP-0004117,TMB-SKZ,DEV-TMBSKZ-1,2024-01-01T00:00:00,2024-01-31T23:59:59,85.3,64.6,routine inspection,,ECO-SERVICE-2,closed,False,False,False
DOP-0004118,TMB-SKZ,DEV-TMBSKZ-1,2024-02-01T00:00:00,2024-02-29T23:59:59,85.3,79.6,routine inspection,,ECO-SERVICE-2,closed,False,False,False
DOP-0004119,TMB-SKZ,DEV-TMBSKZ-1,2024-03-01T00:00:00,2024-03-31T23:59:59,88.4,73.8,routine inspection,,ECO-SERVICE-2,closed,False,False,False
DOP-0004120,TMB-SKZ,DEV-TMBSKZ-1,2024-04-01T00:00:00,2024-04-30T23:59:59,98.2,78.8,routine inspection,,ECO-SERVICE-2,closed,False,False,False
DOP-0004121,TMB-SKZ,DEV-TMBSKZ-1,2024-05-01T00:00:00,2024-05-31T23:59:59,96.9,82.1,routine inspection,,ECO-SERVICE-2,closed,False,False,False
DOP-0004122,TMB-SKZ,DEV-TMBSKZ-1,2024-06-01T00:00:00,2024-06-30T23:59:59,93.5,80.8,routine inspection,,ECO-SERVICE-2,closed,False,False,False
DOP-0004123,TMB-SKZ,DEV-TMBSKZ-1,2024-07-01T00:00:00,2024-07-31T23:59:59,90.8,89.1,routine inspection,,ECO-SERVICE-2,closed,False,False,False
DOP-0004124,TMB-SKZ,DEV-TMBSKZ-1,2024-08-01T00:00:00,2024-08-31T23:59:59,96.0,97.2,routine inspection,,ECO-SERVICE-2,closed,False,False,False
DOP-0004125,TMB-SKZ,DEV-TMBSKZ-1,2024-09-01T00:00:00,2024-09-30T23:59:59,89.5,75.6,routine inspection,,ECO-SERVICE-2,closed,False,False,False
DOP-0004126,TMB-SKZ,DEV-TMBSKZ-1,2024-10-01T00:00:00,2024-10-31T23:59:59,96.7,78.3,routine inspection,,ECO-SERVICE-2,closed,False,False,False
DOP-0004127,TMB-SKZ,DEV-TMBSKZ-1,2024-11-01T00:00:00,2024-11-30T23:59:59,63.3,75.5,corrective maintenance,MICROPHONE_DRIFT,ECO-SERVICE-2,closed,True,False,False
DOP-0004128,TMB-SKZ,DEV-TMBSKZ-1,2024-12-01T00:00:00,2024-12-31T23:59:59,89.4,81.0,routine inspection,,ECO-SERVICE-2,closed,False,False,False
DOP-0004129,TMB-SKZ,DEV-TMBSKZ-1,2025-01-01T00:00:00,2025-01-31T23:59:59,97.0,77.5,routine inspection,,ECO-SERVICE-2,closed,False,False,False
DOP-0004130,TMB-SKZ,DEV-TMBSKZ-1,2025-02-01T00:00:00,2025-02-28T23:59:59,90.0,72.8,routine inspection,,ECO-SERVICE-2,closed,False,False,False
DOP-0004131,TMB-SKZ,DEV-TMBSKZ-1,2025-03-01T00:00:00,2025-03-31T23:59:59,99.1,83.6,routine inspection,,ECO-SERVICE-2,closed,False,False,False
DOP-0004132,TMB-SKZ,DEV-TMBSKZ-1,2025-04-01T00:00:00,2025-04-30T23:59:59,91.9,82.1,routine inspection,,ECO-SERVICE-2,closed,False,False,False
DOP-0004133,TMB-SKZ,DEV-TMBSKZ-1,2025-05-01T00:00:00,2025-05-31T23:59:59,89.8,88.6,routine inspection,,ECO-SERVICE-2,closed,False,False,False
DOP-0004134,TMB-SKZ,DEV-TMBSKZ-1,2025-06-01T00:00:00,2025-06-30T23:59:59,100.0,89.2,routine inspection,,ECO-SERVICE-2,closed,False,False,False
DOP-0004135,TMB-UVF,DEV-TMBUVF-2,2019-01-01T00:00:00,2019-01-31T23:59:59,99.6,70.2,routine inspection,,ECO-SERVICE-3,closed,False,False,False
DOP-0004136,TMB-UVF,DEV-TMBUVF-2,2019-02-01T00:00:00,2019-02-28T23:59:59,100.0,71.3,routine inspection,,ECO-SERVICE-3,closed,False,False,False
DOP-0004137,TMB-UVF,DEV-TMBUVF-2,2019-03-01T00:00:00,2019-03-31T23:59:59,94.1,76.9,routine inspection,,ECO-SERVICE-3,closed,False,False,False
DOP-0004138,TMB-UVF,DEV-TMBUVF-2,2019-04-01T00:00:00,2019-04-30T23:59:59,95.3,87.7,routine inspection,,ECO-SERVICE-3,closed,False,False,False
DOP-0004139,TMB-UVF,DEV-TMBUVF-2,2019-05-01T00:00:00,2019-05-31T23:59:59,97.9,82.1,routine inspection,,ECO-SERVICE-3,closed,False,False,False
DOP-0004140,TMB-UVF,DEV-TMBUVF-2,2019-06-01T00:00:00,2019-06-30T23:59:59,100.0,80.7,routine inspection,,ECO-SERVICE-3,closed,False,False,False
DOP-0004141,TMB-UVF,DEV-TMBUVF-2,2019-07-01T00:00:00,2019-07-31T23:59:59,91.4,78.1,routine inspection,,ECO-SERVICE-3,closed,False,False,False
DOP-0004142,TMB-UVF,DEV-TMBUVF-2,2019-08-01T00:00:00,2019-08-31T23:59:59,79.8,81.0,routine inspection,,ECO-SERVICE-3,closed,False,False,False
DOP-0004143,TMB-UVF,DEV-TMBUVF-2,2019-09-01T00:00:00,2019-09-30T23:59:59,100.0,76.5,routine inspection,,ECO-SERVICE-3,closed,False,False,False
DOP-0004144,TMB-UVF,DEV-TMBUVF-2,2019-10-01T00:00:00,2019-10-31T23:59:59,92.1,83.6,routine inspection,,ECO-SERVICE-3,closed,False,False,False
DOP-0004145,TMB-UVF,DEV-TMBUVF-2,2019-11-01T00:00:00,2019-11-30T23:59:59,99.4,83.8,routine inspection,,ECO-SERVICE-3,closed,False,False,False
DOP-0004146,TMB-UVF,DEV-TMBUVF-2,2019-12-01T00:00:00,2019-12-31T23:59:59,92.2,73.7,routine inspection,,ECO-SERVICE-3,closed,False,False,False
DOP-0004147,TMB-UVF,DEV-TMBUVF-2,2020-01-01T00:00:00,2020-01-31T23:59:59,99.7,76.8,routine inspection,,ECO-SERVICE-3,closed,False,False,False
DOP-0004148,TMB-UVF,DEV-TMBUVF-2,2020-02-01T00:00:00,2020-02-29T23:59:59,89.9,81.3,routine inspection,,ECO-SERVICE-3,closed,False,False,False
DOP-0004149,TMB-UVF,DEV-TMBUVF-2,2020-03-01T00:00:00,2020-03-31T23:59:59,87.3,71.2,routine inspection,,ECO-SERVICE-3,closed,False,False,False
DOP-0004150,TMB-UVF,DEV-TMBUVF-2,2020-04-01T00:00:00,2020-04-30T23:59:59,90.8,77.1,routine inspection,,ECO-SERVICE-3,closed,False,False,False
DOP-0004151,TMB-UVF,DEV-TMBUVF-2,2020-05-01T00:00:00,2020-05-31T23:59:59,91.3,86.6,routine inspection,,ECO-SERVICE-3,closed,False,False,False
DOP-0004152,TMB-UVF,DEV-TMBUVF-2,2020-06-01T00:00:00,2020-06-30T23:59:59,96.8,92.3,routine inspection,,ECO-SERVICE-3,closed,False,False,False
DOP-0004153,TMB-UVF,DEV-TMBUVF-2,2020-07-01T00:00:00,2020-07-31T23:59:59,93.9,96.1,routine inspection,,ECO-SERVICE-3,closed,False,False,False
DOP-0004154,TMB-UVF,DEV-TMBUVF-2,2020-08-01T00:00:00,2020-08-31T23:59:59,97.9,71.9,routine inspection,,ECO-SERVICE-3,closed,False,False,False
DOP-0004155,TMB-UVF,DEV-TMBUVF-2,2020-09-01T00:00:00,2020-09-30T23:59:59,84.1,82.9,routine inspection,,ECO-SERVICE-3,closed,False,False,False
DOP-0004156,TMB-UVF,DEV-TMBUVF-2,2020-10-01T00:00:00,2020-10-31T23:59:59,94.0,79.0,routine inspection,,ECO-SERVICE-3,closed,False,False,False
DOP-0004157,TMB-UVF,DEV-TMBUVF-2,2020-11-01T00:00:00,30/11/2020 23:59:59,86.6,97.4,routine inspection,,ECO-SERVICE-3,closed,False,False,False
DOP-0004158,TMB-UVF,DEV-TMBUVF-2,2020-12-01T00:00:00,2020-12-31T23:59:59,88.3,82.7,routine inspection,,ECO-SERVICE-3,closed,False,False,False
DOP-0004159,TMB-UVF,DEV-TMBUVF-2,2021-01-01T00:00:00,2021-01-31T23:59:59,92.4,76.7,routine inspection,,ECO-SERVICE-3,closed,False,False,False
DOP-0004160,TMB-UVF,DEV-TMBUVF-2,2021-02-01T00:00:00,2021-02-28T23:59:59,100.0,77.2,routine inspection,,ECO-SERVICE-3,closed,False,False,False
DOP-0004161,TMB-UVF,DEV-TMBUVF-2,2021-03-01T00:00:00,2021-03-31T23:59:59,99.9,88.8,routine inspection,,ECO-SERVICE-3,closed,False,False,False
DOP-0004162,TMB-UVF,DEV-TMBUVF-2,2021-04-01T00:00:00,2021-04-30T23:59:59,96.9,68.3,routine inspection,,ECO-SERVICE-3,closed,False,False,False
DOP-0004163,TMB-UVF,DEV-TMBUVF-2,2021-05-01T00:00:00,2021-05-31T23:59:59,100.0,83.1,routine inspection,,,closed,False,False,False
DOP-0004164,TMB-UVF,DEV-TMBUVF-2,2021-06-01T00:00:00,2021-06-30T23:59:59,85.9,95.6,routine inspection,,ECO-SERVICE-3,closed,False,False,False
DOP-0004165,TMB-UVF,DEV-TMBUVF-2,2021-07-01T00:00:00,2021-07-31T23:59:59,91.0,88.4,routine inspection,,ECO-SERVICE-3,closed,False,False,False
DOP-0004166,TMB-UVF,DEV-TMBUVF-2,2021-08-01T00:00:00,2021-08-31T23:59:59,93.5,83.0,routine inspection,,ECO-SERVICE-3,closed,False,False,False
DOP-0004167,TMB-UVF,DEV-TMBUVF-2,2021-09-01T00:00:00,2021-09-30T23:59:59,94.1,78.0,routine inspection,,ECO-SERVICE-3,closed,False,False,False
DOP-0004168,TMB-UVF,DEV-TMBUVF-2,2021-10-01T00:00:00,2021-10-31T23:59:59,76.0,70.7,corrective maintenance,POWER_INTERRUPTION,ECO-SERVICE-3,closed,False,True,False
DOP-0004169,TMB-UVF,DEV-TMBUVF-2,2021-11-01T00:00:00,2021-11-30T23:59:59,82.3,81.0,routine inspection,,ECO-SERVICE-3,closed,False,False,False
DOP-0004170,TMB-UVF,DEV-TMBUVF-2,2021-12-01T00:00:00,2021-12-31T23:59:59,92.1,78.4,routine inspection,,ECO-SERVICE-3,closed,False,False,False
DOP-0004171,TMB-UVF,DEV-TMBUVF-2,2022-01-01T00:00:00,2022-01-31T23:59:59,95.4,76.1,routine inspection,,ECO-SERVICE-3,closed,False,False,False
DOP-0004172,TMB-UVF,DEV-TMBUVF-2,2022-02-01T00:00:00,2022-02-28T23:59:59,99.9,78.4,routine inspection,,ECO-SERVICE-3,closed,False,False,False
DOP-0004173,TMB-UVF,DEV-TMBUVF-2,2022-03-01T00:00:00,2022-03-31T23:59:59,93.6,71.2,routine inspection,,ECO-SERVICE-3,closed,False,False,False
DOP-0004174,TMB-UVF,DEV-TMBUVF-2,2022-04-01T00:00:00,2022-04-30T23:59:59,62.7,54.6,corrective maintenance,POWER_INTERRUPTION,ECO-SERVICE-3,closed,False,True,False
DOP-0004175,TMB-UVF,DEV-TMBUVF-2,2022-05-01T00:00:00,2022-05-31T23:59:59,91.9,88.0,routine inspection,,ECO-SERVICE-3,closed,False,False,False
DOP-0004176,TMB-UVF,DEV-TMBUVF-2,2022-06-01T00:00:00,2022-06-30T23:59:59,88.9,90.0,routine inspection,,ECO-SERVICE-3,closed,False,False,False
DOP-0004177,TMB-UVF,DEV-TMBUVF-2,2022-07-01T00:00:00,2022-07-31T23:59:59,92.2,76.0,routine inspection,,ECO-SERVICE-3,closed,False,False,False
DOP-0004178,TMB-UVF,DEV-TMBUVF-2,2022-08-01T00:00:00,2022-08-31T23:59:59,99.5,88.2,routine inspection,,ECO-SERVICE-3,closed,False,False,False
DOP-0004179,TMB-UVF,DEV-TMBUVF-2,2022-09-01T00:00:00,2022-09-30T23:59:59,90.2,81.6,routine inspection,,ECO-SERVICE-3,closed,False,False,False
DOP-0004180,TMB-UVF,DEV-TMBUVF-2,2022-10-01T00:00:00,2022-10-31T23:59:59,96.1,74.2,routine inspection,,ECO-SERVICE-3,closed,False,False,False
DOP-0004181,TMB-UVF,DEV-TMBUVF-2,2022-11-01T00:00:00,2022-11-30T23:59:59,100.0,68.3,routine inspection,,ECO-SERVICE-3,closed,False,False,False
DOP-0004182,TMB-UVF,DEV-TMBUVF-2,2022-12-01T00:00:00,2022-12-31T23:59:59,91.4,69.3,routine inspection,,ECO-SERVICE-3,closed,False,False,False
DOP-0004183,TMB-UVF,DEV-TMBUVF-2,2023-01-01T00:00:00,2023-01-31T23:59:59,99.3,75.3,routine inspection,,ECO-SERVICE-3,closed,False,False,False
DOP-0004184,TMB-UVF,DEV-TMBUVF-2,2023-02-01T00:00:00,2023-02-28T23:59:59,89.8,72.4,routine inspection,,ECO-SERVICE-3,closed,False,False,False
DOP-0004185,TMB-UVF,DEV-TMBUVF-2,2023-03-01T00:00:00,2023-03-31T23:59:59,89.1,83.8,routine inspection,,ECO-SERVICE-3,closed,False,False,False
DOP-0004186,TMB-UVF,DEV-TMBUVF-2,2023-04-01T00:00:00,2023-04-30T23:59:59,88.6,72.7,routine inspection,,ECO-SERVICE-3,closed,False,False,False
DOP-0004187,TMB-UVF,DEV-TMBUVF-2,2023-05-01T00:00:00,2023-05-31T23:59:59,86.8,85.8,routine inspection,,ECO-SERVICE-3,closed,False,False,False
DOP-0004188,TMB-UVF,DEV-TMBUVF-2,2023-06-01T00:00:00,2023-06-30T23:59:59,85.1,88.5,routine inspection,,ECO-SERVICE-3,closed,False,False,False
DOP-0004189,TMB-UVF,DEV-TMBUVF-2,2023-07-01T00:00:00,2023-07-31T23:59:59,88.3,70.4,routine inspection,,,closed,False,False,False
DOP-0004190,TMB-UVF,DEV-TMBUVF-2,2023-08-01T00:00:00,2023-08-31T23:59:59,88.5,90.0,routine inspection,,ECO-SERVICE-3,closed,False,False,False
DOP-0004191,TMB-UVF,DEV-TMBUVF-2,2023-09-01T00:00:00,2023-09-30T23:59:59,96.4,80.5,routine inspection,,ECO-SERVICE-3,closed,False,False,False
DOP-0004192,TMB-UVF,DEV-TMBUVF-2,2023-10-01T00:00:00,2023-10-31T23:59:59,88.1,77.5,routine inspection,,ECO-SERVICE-3,closed,False,False,False
DOP-0004193,TMB-UVF,DEV-TMBUVF-2,2023-11-01T00:00:00,2023-11-30T23:59:59,93.5,80.1,routine inspection,,ECO-SERVICE-3,closed,False,False,False
DOP-0004194,TMB-UVF,DEV-TMBUVF-2,2023-12-01T00:00:00,2023-12-31T23:59:59,88.9,82.9,routine inspection,,ECO-SERVICE-3,closed,False,False,False
DOP-0004195,TMB-UVF,DEV-TMBUVF-2,2024-01-01T00:00:00,2024-01-31T23:59:59,91.4,88.9,routine inspection,,ECO-SERVICE-3,closed,False,False,False
DOP-0004196,TMB-UVF,DEV-TMBUVF-2,2024-02-01T00:00:00,2024-02-29T23:59:59,100.0,67.7,routine inspection,,ECO-SERVICE-3,closed,False,False,False
DOP-0004197,TMB-UVF,DEV-TMBUVF-2,2024-03-01T00:00:00,2024-03-31T23:59:59,96.7,80.6,routine inspection,,ECO-SERVICE-3,closed,False,False,False
DOP-0004198,TMB-UVF,DEV-TMBUVF-2,2024-04-01T00:00:00,2024-04-30T23:59:59,95.6,84.1,routine inspection,,ECO-SERVICE-3,closed,False,False,False
DOP-0004199,TMB-UVF,DEV-TMBUVF-2,2024-05-01T00:00:00,2024-05-31T23:59:59,97.4,80.7,routine inspection,,ECO-SERVICE-3,closed,False,False,False
DOP-0004200,TMB-UVF,DEV-TMBUVF-2,2024-06-01T00:00:00,2024-06-30T23:59:59,88.7,82.9,routine inspection,,ECO-SERVICE-3,closed,False,False,False
DOP-0004201,TMB-UVF,DEV-TMBUVF-2,2024-07-01T00:00:00,2024-07-31T23:59:59,93.9,79.7,routine inspection,,ECO-SERVICE-3,closed,False,False,False
DOP-0004202,TMB-UVF,DEV-TMBUVF-2,2024-08-01T00:00:00,2024-08-31T23:59:59,92.0,79.4,routine inspection,,ECO-SERVICE-3,closed,False,False,False
DOP-0004203,TMB-UVF,DEV-TMBUVF-2,2024-09-01T00:00:00,2024-09-30T23:59:59,96.7,87.1,routine inspection,,ECO-SERVICE-3,closed,False,False,False
DOP-0004204,TMB-UVF,DEV-TMBUVF-2,2024-10-01T00:00:00,2024-10-31T23:59:59,91.7,76.4,routine inspection,,ECO-SERVICE-3,closed,False,False,False
DOP-0004205,TMB-UVF,DEV-TMBUVF-2,2024-11-01T00:00:00,2024-11-30T23:59:59,90.1,76.0,routine inspection,,ECO-SERVICE-3,closed,False,False,False
DOP-0004206,TMB-UVF,DEV-TMBUVF-2,2024-12-01T00:00:00,2024-12-31T23:59:59,94.4,74.9,routine inspection,,ECO-SERVICE-3,closed,False,False,False
DOP-0004207,TMB-UVF,DEV-TMBUVF-2,2025-01-01T00:00:00,2025-01-31T23:59:59,97.1,63.8,routine inspection,,ECO-SERVICE-3,closed,False,False,False
DOP-0004208,TMB-UVF,DEV-TMBUVF-2,2025-02-01T00:00:00,2025-02-28T23:59:59,94.2,89.2,routine inspection,,ECO-SERVICE-3,closed,False,False,False
DOP-0004209,TMB-UVF,DEV-TMBUVF-2,2025-03-01T00:00:00,2025-03-31T23:59:59,94.9,69.9,routine inspection,,ECO-SERVICE-3,closed,False,False,False
DOP-0004210,TMB-UVF,DEV-TMBUVF-2,2025-04-01T00:00:00,2025-04-30T23:59:59,96.6,93.9,routine inspection,,ECO-SERVICE-3,closed,False,False,False
DOP-0004211,TMB-UVF,DEV-TMBUVF-2,2025-05-01T00:00:00,2025-05-31T23:59:59,100.0,87.6,routine inspection,,ECO-SERVICE-3,closed,False,False,False
DOP-0004212,TMB-UVF,DEV-TMBUVF-2,2025-06-01T00:00:00,2025-06-30T23:59:59,96.1,71.6,routine inspection,,ECO-SERVICE-3,closed,False,False,False
DOP-0004213,TMB-HFR,DEV-TMBHFR-3,2019-01-01T00:00:00,2019-01-31T23:59:59,97.8,64.1,routine inspection,,ECO-SERVICE-4,closed,False,False,False
DOP-0004214,TMB-HFR,DEV-TMBHFR-3,2019-02-01T00:00:00,2019-02-28T23:59:59,99.5,78.1,routine inspection,,ECO-SERVICE-4,closed,False,False,False
DOP-0004215,TMB-HFR,DEV-TMBHFR-3,2019-03-01T00:00:00,2019-03-31T23:59:59,94.1,78.5,routine inspection,,ECO-SERVICE-4,closed,False,False,False
DOP-0004216,TMB-HFR,DEV-TMBHFR-3,2019-04-01T00:00:00,2019-04-30T23:59:59,88.2,81.3,routine inspection,,ECO-SERVICE-4,closed,False,False,False
DOP-0004217,TMB-HFR,DEV-TMBHFR-3,2019-05-01T00:00:00,2019-05-31T23:59:59,90.5,84.5,routine inspection,,ECO-SERVICE-4,closed,False,False,False
DOP-0004218,TMB-HFR,DEV-TMBHFR-3,2019-06-01T00:00:00,2019-06-30T23:59:59,86.8,97.1,routine inspection,,ECO-SERVICE-4,closed,False,False,False
DOP-0004219,TMB-HFR,DEV-TMBHFR-3,2019-07-01T00:00:00,2019-07-31T23:59:59,85.7,86.6,routine inspection,,ECO-SERVICE-4,closed,False,False,False
DOP-0004220,TMB-HFR,DEV-TMBHFR-3,2019-08-01T00:00:00,2019-08-31T23:59:59,88.3,83.4,routine inspection,,ECO-SERVICE-4,closed,False,False,False
DOP-0004221,TMB-HFR,DEV-TMBHFR-3,2019-09-01T00:00:00,2019-09-30T23:59:59,100.0,95.4,routine inspection,,ECO-SERVICE-4,closed,False,False,False
DOP-0004222,TMB-HFR,DEV-TMBHFR-3,2019-10-01T00:00:00,2019-10-31T23:59:59,90.5,77.5,routine inspection,,ECO-SERVICE-4,closed,False,False,False
DOP-0004223,TMB-HFR,DEV-TMBHFR-3,2019-11-01T00:00:00,2019-11-30T23:59:59,99.2,69.2,routine inspection,,ECO-SERVICE-4,closed,False,False,False
DOP-0004224,TMB-HFR,DEV-TMBHFR-3,2019-12-01T00:00:00,2019-12-31T23:59:59,97.7,79.8,routine inspection,,ECO-SERVICE-4,closed,False,False,False
DOP-0004225,TMB-HFR,DEV-TMBHFR-3,2020-01-01T00:00:00,2020-01-31T23:59:59,89.6,71.0,routine inspection,,ECO-SERVICE-4,closed,False,False,False
DOP-0004226,TMB-HFR,DEV-TMBHFR-3,2020-02-01T00:00:00,2020-02-29T23:59:59,91.4,77.1,routine inspection,,ECO-SERVICE-4,closed,False,False,False
DOP-0004227,TMB-HFR,DEV-TMBHFR-3,2020-03-01T00:00:00,2020-03-31T23:59:59,92.0,83.6,routine inspection,,ECO-SERVICE-4,closed,False,False,False
DOP-0004228,TMB-HFR,DEV-TMBHFR-3,2020-04-01T00:00:00,2020-04-30T23:59:59,99.7,70.6,routine inspection,,ECO-SERVICE-4,closed,False,False,False
DOP-0004229,TMB-HFR,DEV-TMBHFR-3,2020-05-01T00:00:00,2020-05-31T23:59:59,92.6,91.1,routine inspection,,ECO-SERVICE-4,closed,False,False,False
DOP-0004230,TMB-HFR,DEV-TMBHFR-3,2020-06-01T00:00:00,2020-06-30T23:59:59,99.2,88.8,routine inspection,,ECO-SERVICE-4,closed,False,False,False
DOP-0004231,TMB-HFR,DEV-TMBHFR-3,2020-07-01T00:00:00,2020-07-31T23:59:59,93.1,90.3,routine inspection,,,closed,False,False,False
DOP-0004232,TMB-HFR,DEV-TMBHFR-3,2020-08-01T00:00:00,2020-08-31T23:59:59,91.0,84.7,routine inspection,,ECO-SERVICE-4,closed,False,False,False
DOP-0004233,TMB-HFR,DEV-TMBHFR-3,2020-09-01T00:00:00,2020-09-30T23:59:59,86.4,87.1,routine inspection,,ECO-SERVICE-4,closed,False,False,False
DOP-0004234,TMB-HFR,DEV-TMBHFR-3,2020-10-01T00:00:00,2020-10-31T23:59:59,96.4,74.5,routine inspection,,ECO-SERVICE-4,closed,False,False,False
DOP-0004235,TMB-HFR,DEV-TMBHFR-3,2020-11-01T00:00:00,2020-11-30T23:59:59,100.0,69.1,routine inspection,,ECO-SERVICE-4,closed,False,False,False
DOP-0004236,TMB-HFR,DEV-TMBHFR-3,2020-12-01T00:00:00,2020-12-31T23:59:59,88.8,61.5,routine inspection,,ECO-SERVICE-4,closed,False,False,False
DOP-0004237,TMB-HFR,DEV-TMBHFR-3,2021-01-01T00:00:00,2021-01-31T23:59:59,91.3,52.3,routine inspection,,ECO-SERVICE-4,closed,False,False,False
DOP-0004238,TMB-HFR,DEV-TMBHFR-3,2021-02-01T00:00:00,2021-02-28T23:59:59,94.6,80.1,routine inspection,,ECO-SERVICE-4,closed,False,False,False
DOP-0004239,TMB-HFR,DEV-TMBHFR-3,2021-03-01T00:00:00,2021-03-31T23:59:59,99.1,75.1,routine inspection,,ECO-SERVICE-4,closed,False,False,False
DOP-0004240,TMB-HFR,DEV-TMBHFR-3,2021-04-01T00:00:00,2021-04-30T23:59:59,97.5,76.8,routine inspection,,ECO-SERVICE-4,closed,False,False,False
DOP-0004241,TMB-HFR,DEV-TMBHFR-3,2021-05-01T00:00:00,2021-05-31T23:59:59,99.0,76.7,routine inspection,,ECO-SERVICE-4,closed,False,False,False
DOP-0004242,TMB-HFR,DEV-TMBHFR-3,2021-06-01T00:00:00,2021-06-30T23:59:59,98.7,77.5,routine inspection,,ECO-SERVICE-4,closed,False,False,False
DOP-0004243,TMB-HFR,DEV-TMBHFR-3,2021-07-01T00:00:00,2021-07-31T23:59:59,90.5,84.6,routine inspection,,ECO-SERVICE-4,closed,False,False,False
DOP-0004244,TMB-HFR,DEV-TMBHFR-3,2021-08-01T00:00:00,2021-08-31T23:59:59,89.0,81.0,routine inspection,,ECO-SERVICE-4,closed,False,False,False
DOP-0004245,TMB-HFR,DEV-TMBHFR-3,2021-09-01T00:00:00,2021-09-30T23:59:59,97.2,88.6,routine inspection,,ECO-SERVICE-4,closed,False,False,False
DOP-0004246,TMB-HFR,DEV-TMBHFR-3,2021-10-01T00:00:00,2021-10-31T23:59:59,92.7,62.5,routine inspection,,ECO-SERVICE-4,closed,False,False,False
DOP-0004247,TMB-HFR,DEV-TMBHFR-3,2021-11-01T00:00:00,2021-11-30T23:59:59,95.4,68.7,routine inspection,,ECO-SERVICE-4,closed,False,False,False
DOP-0004248,TMB-HFR,DEV-TMBHFR-3,2021-12-01T00:00:00,2021-12-31T23:59:59,82.0,66.7,routine inspection,,ECO-SERVICE-4,closed,False,False,False
DOP-0004249,TMB-HFR,DEV-TMBHFR-3,2022-01-01T00:00:00,2022-01-31T23:59:59,92.9,62.1,routine inspection,,ECO-SERVICE-4,closed,False,False,False
DOP-0004250,TMB-HFR,DEV-TMBHFR-3,2022-02-01T00:00:00,2022-02-28T23:59:59,88.0,82.7,routine inspection,,ECO-SERVICE-4,closed,False,False,False
DOP-0004251,TMB-HFR,DEV-TMBHFR-3,2022-03-01T00:00:00,2022-03-31T23:59:59,95.1,81.7,routine inspection,,ECO-SERVICE-4,closed,False,False,False
DOP-0004252,TMB-HFR,DEV-TMBHFR-3,2022-04-01T00:00:00,2022-04-30T23:59:59,92.5,78.7,routine inspection,,ECO-SERVICE-4,closed,False,False,False
DOP-0004253,TMB-HFR,DEV-TMBHFR-3,2022-05-01T00:00:00,2022-05-31T23:59:59,94.3,73.7,routine inspection,,ECO-SERVICE-4,closed,False,False,False
DOP-0004254,TMB-HFR,DEV-TMBHFR-3,2022-06-01T00:00:00,2022-06-30T23:59:59,91.4,76.3,routine inspection,,ECO-SERVICE-4,closed,False,False,False
DOP-0004255,TMB-HFR,DEV-TMBHFR-3,2022-07-01T00:00:00,2022-07-31T23:59:59,93.9,82.9,routine inspection,,ECO-SERVICE-4,closed,False,False,False
DOP-0004256,TMB-HFR,DEV-TMBHFR-3,2022-08-01T00:00:00,2022-08-31T23:59:59,96.0,78.5,routine inspection,,ECO-SERVICE-4,closed,False,False,False
DOP-0004257,TMB-HFR,DEV-TMBHFR-3,2022-09-01T00:00:00,2022-09-30T23:59:59,90.2,82.4,routine inspection,,ECO-SERVICE-4,closed,False,False,False
DOP-0004258,TMB-HFR,DEV-TMBHFR-3,2022-10-01T00:00:00,2022-10-31T23:59:59,92.2,70.8,routine inspection,,ECO-SERVICE-4,closed,False,False,False
DOP-0004259,TMB-HFR,DEV-TMBHFR-3,2022-11-01T00:00:00,2022-11-30T23:59:59,86.5,73.3,routine inspection,,ECO-SERVICE-4,closed,False,False,False
DOP-0004260,TMB-HFR,DEV-TMBHFR-3,2022-12-01T00:00:00,2022-12-31T23:59:59,98.8,72.5,routine inspection,,ECO-SERVICE-4,closed,False,False,False
DOP-0004261,TMB-HFR,DEV-TMBHFR-3,2023-01-01T00:00:00,2023-01-31T23:59:59,91.9,67.9,routine inspection,,ECO-SERVICE-4,closed,False,False,False
DOP-0004262,TMB-HFR,DEV-TMBHFR-3,2023-02-01T00:00:00,2023-02-28T23:59:59,94.1,68.0,routine inspection,,ECO-SERVICE-4,closed,False,False,False
DOP-0004263,TMB-HFR,DEV-TMBHFR-3,2023-03-01T00:00:00,2023-03-31T23:59:59,87.2,60.6,routine inspection,,ECO-SERVICE-4,closed,False,False,False
DOP-0004264,TMB-HFR,DEV-TMBHFR-3,2023-04-01T00:00:00,2023-04-30T23:59:59,91.5,75.1,routine inspection,,ECO-SERVICE-4,CLOSED,False,False,False
DOP-0004265,TMB-HFR,DEV-TMBHFR-3,2023-05-01T00:00:00,2023-05-31T23:59:59,90.4,87.8,routine inspection,,ECO-SERVICE-4,closed,False,False,False
DOP-0004266,TMB-HFR,DEV-TMBHFR-3,2023-06-01T00:00:00,2023-06-30T23:59:59,87.8,77.3,routine inspection,,ECO-SERVICE-4,closed,False,False,False
DOP-0004267,TMB-HFR,DEV-TMBHFR-3,2023-07-01T00:00:00,2023-07-31T23:59:59,81.1,88.4,routine inspection,,ECO-SERVICE-4,closed,False,False,False
DOP-0004268,TMB-HFR,DEV-TMBHFR-3,2023-08-01T00:00:00,2023-08-31T23:59:59,96.9,92.0,routine inspection,,ECO-SERVICE-4,closed,False,False,False
DOP-0004269,TMB-HFR,DEV-TMBHFR-3,2023-09-01T00:00:00,2023-09-30T23:59:59,86.3,80.0,routine inspection,,ECO-SERVICE-4,closed,False,False,False
DOP-0004270,TMB-HFR,DEV-TMBHFR-3,2023-10-01T00:00:00,2023-10-31T23:59:59,91.3,66.0,routine inspection,,ECO-SERVICE-4,closed,False,False,False
DOP-0004271,TMB-HFR,DEV-TMBHFR-3,2023-11-01T00:00:00,2023-11-30T23:59:59,85.7,76.8,routine inspection,,ECO-SERVICE-4,closed,False,False,False
DOP-0004272,TMB-HFR,DEV-TMBHFR-3,2023-12-01T00:00:00,2023-12-31T23:59:59,89.5,59.7,routine inspection,,ECO-SERVICE-4,closed,False,False,False
DOP-0004273,TMB-HFR,DEV-TMBHFR-3,2024-01-01T00:00:00,2024-01-31T23:59:59,95.1,66.3,routine inspection,,ECO-SERVICE-4,closed,False,False,False
DOP-0004274,TMB-HFR,DEV-TMBHFR-3,2024-02-01T00:00:00,2024-02-29T23:59:59,96.3,87.2,routine inspection,,ECO-SERVICE-4,closed,False,False,False
DOP-0004275,TMB-HFR,DEV-TMBHFR-3,2024-03-01T00:00:00,2024-03-31T23:59:59,94.6,81.9,routine inspection,,ECO-SERVICE-4,closed,False,False,False
DOP-0004276,TMB-HFR,DEV-TMBHFR-3,2024-04-01T00:00:00,2024-04-30T23:59:59,96.3,80.8,routine inspection,,ECO-SERVICE-4,closed,False,False,False
DOP-0004277,TMB-HFR,DEV-TMBHFR-3,2024-05-01T00:00:00,2024-05-31T23:59:59,100.0,89.4,routine inspection,,ECO-SERVICE-4,closed,False,False,False
DOP-0004278,TMB-HFR,DEV-TMBHFR-3,2024-06-01T00:00:00,2024-06-30T23:59:59,75.6,54.7,corrective maintenance,STORAGE_LIMIT,ECO-SERVICE-4,closed,False,False,True
DOP-0004279,TMB-HFR,DEV-TMBHFR-3,2024-07-01T00:00:00,2024-07-31T23:59:59,94.3,80.8,routine inspection,,ECO-SERVICE-4,closed,False,False,False
DOP-0004280,TMB-HFR,DEV-TMBHFR-3,2024-08-01T00:00:00,2024-08-31T23:59:59,97.6,75.2,routine inspection,,ECO-SERVICE-4,closed,False,False,False
DOP-0004281,TMB-HFR,DEV-TMBHFR-3,2024-09-01T00:00:00,2024-09-30T23:59:59,98.2,86.7,routine inspection,,ECO-SERVICE-4,closed,False,False,False
DOP-0004282,TMB-HFR,DEV-TMBHFR-3,2024-10-01T00:00:00,2024-10-31T23:59:59,82.8,69.6,routine inspection,,ECO-SERVICE-4,closed,False,False,False
DOP-0004283,TMB-HFR,DEV-TMBHFR-3,2024-11-01T00:00:00,2024-11-30T23:59:59,92.7,88.8,routine inspection,,ECO-SERVICE-4,closed,False,False,False
DOP-0004284,TMB-HFR,DEV-TMBHFR-3,2024-12-01T00:00:00,2024-12-31T23:59:59,98.9,74.0,routine inspection,,ECO-SERVICE-4,closed,False,False,False
DOP-0004285,TMB-HFR,DEV-TMBHFR-3,2025-01-01T00:00:00,2025-01-31T23:59:59,89.7,79.4,routine inspection,,ECO-SERVICE-4,closed,False,False,False
DOP-0004286,TMB-HFR,DEV-TMBHFR-3,2025-02-01T00:00:00,2025-02-28T23:59:59,97.7,72.6,routine inspection,,ECO-SERVICE-4,closed,False,False,False
DOP-0004287,TMB-HFR,DEV-TMBHFR-3,2025-03-01T00:00:00,2025-03-31T23:59:59,90.2,67.3,routine inspection,,ECO-SERVICE-4,closed,False,False,False
DOP-0004288,TMB-HFR,DEV-TMBHFR-3,2025-04-01T00:00:00,2025-04-30T23:59:59,92.0,96.8,routine inspection,,ECO-SERVICE-4,closed,False,False,False
DOP-0004289,TMB-HFR,DEV-TMBHFR-3,2025-05-01T00:00:00,2025-05-31T23:59:59,89.5,62.3,routine inspection,,ECO-SERVICE-4,closed,False,False,False
DOP-0004290,TMB-HFR,DEV-TMBHFR-3,2025-06-01T00:00:00,2025-06-30T23:59:59,89.9,87.0,routine inspection,,ECO-SERVICE-4,closed,False,False,False
DOP-0004291,TMB-GZX,DEV-TMBGZX-1,2019-01-01T00:00:00,2019-01-31T23:59:59,90.3,79.1,routine inspection,,ECO-SERVICE-1,closed,False,False,False
DOP-0004292,TMB-GZX,DEV-TMBGZX-1,2019-02-01T00:00:00,2019-02-28T23:59:59,96.1,89.1,routine inspection,,ECO-SERVICE-1,closed,False,False,False
DOP-0004293,TMB-GZX,DEV-TMBGZX-1,2019-03-01T00:00:00,2019-03-31T23:59:59,100.0,84.1,routine inspection,,ECO-SERVICE-1,closed,False,False,False
DOP-0004294,TMB-GZX,DEV-TMBGZX-1,2019-04-01T00:00:00,2019-04-30T23:59:59,98.3,71.1,routine inspection,,ECO-SERVICE-1,closed,False,False,False
DOP-0004295,TMB-GZX,DEV-TMBGZX-1,2019-05-01T00:00:00,2019-05-31T23:59:59,94.2,75.8,routine inspection,,ECO-SERVICE-1,closed,False,False,False
DOP-0004296,TMB-GZX,DEV-TMBGZX-1,2019-06-01T00:00:00,2019-06-30T23:59:59,92.8,82.0,routine inspection,,ECO-SERVICE-1,closed,False,False,False
DOP-0004297,TMB-GZX,DEV-TMBGZX-1,2019-07-01T00:00:00,2019-07-31T23:59:59,96.0,89.5,routine inspection,,ECO-SERVICE-1,closed,False,False,False
DOP-0004298,TMB-GZX,DEV-TMBGZX-1,2019-08-01T00:00:00,2019-08-31T23:59:59,96.2,94.0,routine inspection,,ECO-SERVICE-1,closed,False,False,False
DOP-0004299,TMB-GZX,DEV-TMBGZX-1,2019-09-01T00:00:00,2019-09-30T23:59:59,100.0,77.4,routine inspection,,ECO-SERVICE-1,closed,False,False,False
DOP-0004300,TMB-GZX,DEV-TMBGZX-1,2019-10-01T00:00:00,2019-10-31T23:59:59,90.5,86.9,routine inspection,,ECO-SERVICE-1,closed,False,False,False
DOP-0004301,TMB-GZX,DEV-TMBGZX-1,2019-11-01T00:00:00,2019-11-30T23:59:59,87.6,79.7,routine inspection,,ECO-SERVICE-1,closed,False,False,False
DOP-0004302,TMB-GZX,DEV-TMBGZX-1,2019-12-01T00:00:00,2019-12-31T23:59:59,98.8,87.3,routine inspection,,ECO-SERVICE-1,closed,False,False,False
DOP-0004303,TMB-GZX,DEV-TMBGZX-1,2020-01-01T00:00:00,2020-01-31T23:59:59,97.1,67.3,routine inspection,,ECO-SERVICE-1,closed,False,False,False
DOP-0004304,TMB-GZX,DEV-TMBGZX-1,2020-02-01T00:00:00,2020-02-29T23:59:59,92.3,81.0,routine inspection,,ECO-SERVICE-1,closed,False,False,False
DOP-0004305,TMB-GZX,DEV-TMBGZX-1,2020-03-01T00:00:00,2020-03-31T23:59:59,90.6,69.4,routine inspection,,ECO-SERVICE-1,closed,False,False,False
DOP-0004306,TMB-GZX,DEV-TMBGZX-1,2020-04-01T00:00:00,2020-04-30T23:59:59,93.0,78.7,routine inspection,,ECO-SERVICE-1,closed,False,False,False
DOP-0004307,TMB-GZX,DEV-TMBGZX-1,2020-05-01T00:00:00,2020-05-31T23:59:59,91.4,77.9,routine inspection,,ECO-SERVICE-1,closed,False,False,False
DOP-0004308,TMB-GZX,DEV-TMBGZX-1,2020-06-01T00:00:00,2020-06-30T23:59:59,88.7,76.4,routine inspection,,ECO-SERVICE-1,closed,False,False,False
DOP-0004309,TMB-GZX,DEV-TMBGZX-1,2020-07-01T00:00:00,2020-07-31T23:59:59,92.2,81.9,routine inspection,,ECO-SERVICE-1,closed,False,False,False
DOP-0004310,TMB-GZX,DEV-TMBGZX-1,2020-08-01T00:00:00,2020-08-31T23:59:59,100.0,79.2,routine inspection,,ECO-SERVICE-1,closed,False,False,False
DOP-0004311,TMB-GZX,DEV-TMBGZX-1,2020-09-01T00:00:00,2020-09-30T23:59:59,100.0,81.3,routine inspection,,ECO-SERVICE-1,closed,False,False,False
DOP-0004312,TMB-GZX,DEV-TMBGZX-1,2020-10-01T00:00:00,2020-10-31T23:59:59,92.7,74.9,routine inspection,,ECO-SERVICE-1,closed,False,False,False
DOP-0004313,TMB-GZX,DEV-TMBGZX-1,2020-11-01T00:00:00,2020-11-30T23:59:59,99.5,67.7,routine inspection,,ECO-SERVICE-1,closed,False,False,False
DOP-0004314,TMB-GZX,DEV-TMBGZX-1,2020-12-01T00:00:00,2020-12-31T23:59:59,92.5,84.5,routine inspection,,ECO-SERVICE-1,closed,False,False,False
DOP-0004315,TMB-GZX,DEV-TMBGZX-1,2021-01-01T00:00:00,2021-01-31T23:59:59,92.9,72.4,routine inspection,,ECO-SERVICE-1,closed,False,False,False
DOP-0004316,TMB-GZX,DEV-TMBGZX-1,2021-02-01T00:00:00,2021-02-28T23:59:59,96.7,85.0,routine inspection,,ECO-SERVICE-1,closed,False,False,False
DOP-0004317,TMB-GZX,DEV-TMBGZX-1,2021-03-01T00:00:00,2021-03-31T23:59:59,94.6,79.3,routine inspection,,ECO-SERVICE-1,closed,False,False,False
DOP-0004318,TMB-GZX,DEV-TMBGZX-1,2021-04-01T00:00:00,2021-04-30T23:59:59,92.0,72.8,routine inspection,,ECO-SERVICE-1,closed,False,False,False
DOP-0004319,TMB-GZX,DEV-TMBGZX-1,2021-05-01T00:00:00,2021-05-31T23:59:59,94.4,75.9,routine inspection,,ECO-SERVICE-1,closed,False,False,False
DOP-0004320,TMB-GZX,DEV-TMBGZX-1,2021-06-01T00:00:00,2021-06-30T23:59:59,94.4,79.4,routine inspection,,ECO-SERVICE-1,closed,False,False,False
DOP-0004321,TMB-GZX,DEV-TMBGZX-1,2021-07-01T00:00:00,2021-07-31T23:59:59,87.5,73.8,routine inspection,,ECO-SERVICE-1,closed,False,False,False
DOP-0004322,TMB-GZX,DEV-TMBGZX-1,2021-08-01T00:00:00,2021-08-31T23:59:59,95.5,81.3,routine inspection,,ECO-SERVICE-1,closed,False,False,False
DOP-0004323,TMB-GZX,DEV-TMBGZX-1,2021-09-01T00:00:00,2021-09-30T23:59:59,83.7,84.6,routine inspection,,ECO-SERVICE-1,closed,False,False,False
DOP-0004324,TMB-GZX,DEV-TMBGZX-1,2021-10-01T00:00:00,2021-10-31T23:59:59,95.8,73.0,routine inspection,,ECO-SERVICE-1,closed,False,False,False
DOP-0004325,TMB-GZX,DEV-TMBGZX-1,2021-11-01T00:00:00,2021-11-30T23:59:59,95.1,76.8,routine inspection,,ECO-SERVICE-1,closed,False,False,False
DOP-0004326,TMB-GZX,DEV-TMBGZX-1,2021-12-01T00:00:00,2021-12-31T23:59:59,95.4,77.6,routine inspection,,ECO-SERVICE-1,closed,False,False,False
DOP-0004327,TMB-GZX,DEV-TMBGZX-1,2022-01-01T00:00:00,2022-01-31T23:59:59,93.0,71.9,routine inspection,,ECO-SERVICE-1,closed,False,False,False
DOP-0004328,TMB-GZX,DEV-TMBGZX-1,2022-02-01T00:00:00,2022-02-28T23:59:59,96.1,84.7,routine inspection,,ECO-SERVICE-1,closed,False,False,False
DOP-0004329,TMB-GZX,DEV-TMBGZX-1,2022-03-01T00:00:00,2022-03-31T23:59:59,97.5,75.0,routine inspection,,ECO-SERVICE-1,closed,False,False,False
DOP-0004330,TMB-GZX,DEV-TMBGZX-1,2022-04-01T00:00:00,2022-04-30T23:59:59,99.3,81.1,routine inspection,,ECO-SERVICE-1,closed,False,False,False
DOP-0004331,TMB-GZX,DEV-TMBGZX-1,2022-05-01T00:00:00,2022-05-31T23:59:59,85.6,81.1,routine inspection,,ECO-SERVICE-1,closed,False,False,False
DOP-0004332,TMB-GZX,DEV-TMBGZX-1,2022-06-01T00:00:00,2022-06-30T23:59:59,98.4,80.2,routine inspection,,ECO-SERVICE-1,closed,False,False,False
DOP-0004333,TMB-GZX,DEV-TMBGZX-1,2022-07-01T00:00:00,2022-07-31T23:59:59,88.1,99.6,routine inspection,,ECO-SERVICE-1,closed,False,False,False
DOP-0004334,TMB-GZX,DEV-TMBGZX-1,2022-08-01T00:00:00,2022-08-31T23:59:59,90.5,96.0,routine inspection,,ECO-SERVICE-1,closed,False,False,False
DOP-0004335,TMB-GZX,DEV-TMBGZX-1,2022-09-01T00:00:00,2022-09-30T23:59:59,90.3,74.0,routine inspection,,ECO-SERVICE-1,closed,False,False,False
DOP-0004336,TMB-GZX,DEV-TMBGZX-1,2022-10-01T00:00:00,2022-10-31T23:59:59,98.2,93.4,routine inspection,,ECO-SERVICE-1,closed,False,False,False
DOP-0004337,TMB-GZX,DEV-TMBGZX-1,2022-11-01T00:00:00,2022-11-30T23:59:59,97.1,76.1,routine inspection,,ECO-SERVICE-1,closed,False,False,False
DOP-0004338,TMB-GZX,DEV-TMBGZX-1,2022-12-01T00:00:00,2022-12-31T23:59:59,88.5,75.5,routine inspection,,ECO-SERVICE-1,closed,False,False,False
DOP-0004339,TMB-GZX,DEV-TMBGZX-1,2023-01-01T00:00:00,2023-01-31T23:59:59,91.7,80.0,routine inspection,,ECO-SERVICE-1,closed,False,False,False
DOP-0004340,TMB-GZX,DEV-TMBGZX-1,2023-02-01T00:00:00,2023-02-28T23:59:59,100.0,71.1,routine inspection,,ECO-SERVICE-1,closed,False,False,False
DOP-0004341,TMB-GZX,DEV-TMBGZX-1,2023-03-01T00:00:00,2023-03-31T23:59:59,88.8,69.7,routine inspection,,ECO-SERVICE-1,closed,False,False,False
DOP-0004342,TMB-GZX,DEV-TMBGZX-1,2023-04-01T00:00:00,2023-04-30T23:59:59,92.6,81.9,routine inspection,,ECO-SERVICE-1,closed,False,False,False
DOP-0004343,TMB-GZX,DEV-TMBGZX-1,2023-05-01T00:00:00,2023-05-31T23:59:59,90.6,66.4,routine inspection,,ECO-SERVICE-1,closed,False,False,False
DOP-0004344,TMB-GZX,DEV-TMBGZX-1,2023-06-01T00:00:00,2023-06-30T23:59:59,92.5,86.1,routine inspection,,ECO-SERVICE-1,closed,False,False,False
DOP-0004345,TMB-GZX,DEV-TMBGZX-1,2023-07-01T00:00:00,2023-07-31T23:59:59,98.9,79.8,routine inspection,,ECO-SERVICE-1,closed,False,False,False
DOP-0004346,TMB-GZX,DEV-TMBGZX-1,2023-08-01T00:00:00,2023-08-31T23:59:59,91.7,80.7,routine inspection,,ECO-SERVICE-1,closed,False,False,False
DOP-0004347,TMB-GZX,DEV-TMBGZX-1,2023-09-01T00:00:00,2023-09-30T23:59:59,97.5,70.2,routine inspection,,ECO-SERVICE-1,closed,False,False,False
DOP-0004348,TMB-GZX,DEV-TMBGZX-1,2023-10-01T00:00:00,2023-10-31T23:59:59,98.6,88.9,routine inspection,,ECO-SERVICE-1,closed,False,False,False
DOP-0004349,TMB-GZX,DEV-TMBGZX-1,2023-11-01T00:00:00,2023-11-30T23:59:59,93.2,78.5,routine inspection,,ECO-SERVICE-1,closed,False,False,False
DOP-0004350,TMB-GZX,DEV-TMBGZX-1,2023-12-01T00:00:00,2023-12-31T23:59:59,94.4,67.3,routine inspection,,ECO-SERVICE-1,closed,False,False,False
DOP-0004351,TMB-GZX,DEV-TMBGZX-1,2024-01-01T00:00:00,2024-01-31T23:59:59,98.6,77.4,routine inspection,,ECO-SERVICE-1,closed,False,False,False
DOP-0004352,TMB-GZX,DEV-TMBGZX-1,2024-02-01T00:00:00,2024-02-29T23:59:59,99.6,84.3,routine inspection,,ECO-SERVICE-1,closed,False,False,False
DOP-0004353,TMB-GZX,DEV-TMBGZX-1,2024-03-01T00:00:00,2024-03-31T23:59:59,91.7,78.6,routine inspection,,ECO-SERVICE-1,closed,False,False,False
DOP-0004354,TMB-GZX,DEV-TMBGZX-1,2024-04-01T00:00:00,2024-04-30T23:59:59,100.0,62.7,routine inspection,,ECO-SERVICE-1,closed,False,False,False
DOP-0004355,TMB-GZX,DEV-TMBGZX-1,2024-05-01T00:00:00,2024-05-31T23:59:59,98.0,78.7,routine inspection,,ECO-SERVICE-1,closed,False,False,False
DOP-0004356,TMB-GZX,DEV-TMBGZX-1,2024-06-01T00:00:00,2024-06-30T23:59:59,96.6,61.5,routine inspection,,ECO-SERVICE-1,closed,False,False,False
DOP-0004357,TMB-GZX,DEV-TMBGZX-1,2024-07-01T00:00:00,2024-07-31T23:59:59,97.3,89.8,routine inspection,,ECO-SERVICE-1,closed,False,False,False
DOP-0004358,TMB-GZX,DEV-TMBGZX-1,2024-08-01T00:00:00,2024-08-31T23:59:59,96.4,88.8,routine inspection,,ECO-SERVICE-1,closed,False,False,False
DOP-0004359,TMB-GZX,DEV-TMBGZX-1,2024-09-01T00:00:00,2024-09-30T23:59:59,96.6,88.3,routine inspection,,ECO-SERVICE-1,closed,False,False,False
DOP-0004360,TMB-GZX,DEV-TMBGZX-1,2024-10-01T00:00:00,2024-10-31T23:59:59,97.7,80.5,routine inspection,,ECO-SERVICE-1,closed,False,False,False
DOP-0004361,TMB-GZX,DEV-TMBGZX-1,2024-11-01T00:00:00,2024-11-30T23:59:59,100.0,86.2,routine inspection,,ECO-SERVICE-1,closed,False,False,False
DOP-0004362,TMB-GZX,DEV-TMBGZX-1,2024-12-01T00:00:00,2024-12-31T23:59:59,95.7,80.2,routine inspection,,ECO-SERVICE-1,closed,False,False,False
DOP-0004363,TMB-GZX,DEV-TMBGZX-1,2025-01-01T00:00:00,2025-01-31T23:59:59,95.3,75.6,routine inspection,,ECO-SERVICE-1,closed,False,False,False
DOP-0004364,TMB-GZX,DEV-TMBGZX-1,2025-02-01T00:00:00,2025-02-28T23:59:59,95.8,83.0,routine inspection,,,closed,False,False,False
DOP-0004365,TMB-GZX,DEV-TMBGZX-1,2025-03-01T00:00:00,2025-03-31T23:59:59,100.0,82.6,routine inspection,,ECO-SERVICE-1,closed,False,False,False
DOP-0004366,TMB-GZX,DEV-TMBGZX-1,2025-04-01T00:00:00,2025-04-30T23:59:59,97.2,76.0,routine inspection,,ECO-SERVICE-1,closed,False,False,False
DOP-0004367,TMB-GZX,DEV-TMBGZX-1,2025-05-01T00:00:00,2025-05-31T23:59:59,99.8,79.4,routine inspection,,ECO-SERVICE-1,closed,False,False,False
DOP-0004368,TMB-GZX,DEV-TMBGZX-1,2025-06-01T00:00:00,2025-06-30T23:59:59,93.0,77.9,routine inspection,,ECO-SERVICE-1,closed,False,False,False
DOP-0004369,TMB-AYQ,DEV-TMBAYQ-2,2019-01-01T00:00:00,2019-01-31T23:59:59,92.7,74.2,routine inspection,,ECO-SERVICE-2,closed,False,False,False
DOP-0004370,TMB-AYQ,DEV-TMBAYQ-2,2019-02-01T00:00:00,2019-02-28T23:59:59,93.6,80.9,routine inspection,,ECO-SERVICE-2,closed,False,False,False
DOP-0004371,TMB-AYQ,DEV-TMBAYQ-2,2019-03-01T00:00:00,2019-03-31T23:59:59,93.7,88.4,routine inspection,,ECO-SERVICE-2,closed,False,False,False
DOP-0004372,TMB-AYQ,DEV-TMBAYQ-2,2019-04-01T00:00:00,2019-04-30T23:59:59,86.5,77.2,routine inspection,,ECO-SERVICE-2,closed,False,False,False
DOP-0004373,TMB-AYQ,DEV-TMBAYQ-2,2019-05-01T00:00:00,2019-05-31T23:59:59,90.5,75.4,routine inspection,,ECO-SERVICE-2,closed,False,False,False
DOP-0004374,TMB-AYQ,DEV-TMBAYQ-2,2019-06-01T00:00:00,2019-06-30T23:59:59,86.7,85.6,routine inspection,,ECO-SERVICE-2,closed,False,False,False
DOP-0004375,TMB-AYQ,DEV-TMBAYQ-2,2019-07-01T00:00:00,2019-07-31T23:59:59,96.6,76.1,routine inspection,,ECO-SERVICE-2,closed,False,False,False
DOP-0004376,TMB-AYQ,DEV-TMBAYQ-2,2019-08-01T00:00:00,2019-08-31T23:59:59,97.9,78.5,routine inspection,,ECO-SERVICE-2,closed,False,False,False
DOP-0004377,TMB-AYQ,DEV-TMBAYQ-2,2019-09-01T00:00:00,2019-09-30T23:59:59,87.9,71.3,routine inspection,,ECO-SERVICE-2,closed,False,False,False
DOP-0004378,TMB-AYQ,DEV-TMBAYQ-2,2019-10-01T00:00:00,2019-10-31T23:59:59,96.0,69.0,routine inspection,,ECO-SERVICE-2,closed,False,False,False
DOP-0004379,TMB-AYQ,DEV-TMBAYQ-2,2019-11-01T00:00:00,2019-11-30T23:59:59,88.6,82.8,routine inspection,,ECO-SERVICE-2,closed,False,False,False
DOP-0004380,TMB-AYQ,DEV-TMBAYQ-2,2019-12-01T00:00:00,2019-12-31T23:59:59,97.1,70.6,routine inspection,,ECO-SERVICE-2,closed,False,False,False
DOP-0004381,TMB-AYQ,DEV-TMBAYQ-2,2020-01-01T00:00:00,2020-01-31T23:59:59,89.7,73.3,routine inspection,,ECO-SERVICE-2,closed,False,False,False
DOP-0004382,TMB-AYQ,DEV-TMBAYQ-2,2020-02-01T00:00:00,2020-02-29T23:59:59,95.3,61.6,routine inspection,,ECO-SERVICE-2,closed,False,False,False
DOP-0004383,TMB-AYQ,DEV-TMBAYQ-2,2020-03-01T00:00:00,2020-03-31T23:59:59,90.6,100.0,routine inspection,,ECO-SERVICE-2,closed,False,False,False
DOP-0004384,TMB-AYQ,DEV-TMBAYQ-2,2020-04-01T00:00:00,2020-04-30T23:59:59,91.0,66.3,routine inspection,,,closed,False,False,False
DOP-0004385,TMB-AYQ,DEV-TMBAYQ-2,2020-05-01T00:00:00,2020-05-31T23:59:59,92.6,79.0,routine inspection,,ECO-SERVICE-2,closed,False,False,False
DOP-0004386,TMB-AYQ,DEV-TMBAYQ-2,2020-06-01T00:00:00,2020-06-30T23:59:59,90.7,92.9,routine inspection,,ECO-SERVICE-2,closed,False,False,False
DOP-0004387,TMB-AYQ,DEV-TMBAYQ-2,2020-07-01T00:00:00,2020-07-31T23:59:59,100.0,85.5,routine inspection,,ECO-SERVICE-2,closed,False,False,False
DOP-0004388,TMB-AYQ,DEV-TMBAYQ-2,2020-08-01T00:00:00,2020-08-31T23:59:59,92.2,73.3,routine inspection,,ECO-SERVICE-2,closed,False,False,False
DOP-0004389,TMB-AYQ,DEV-TMBAYQ-2,2020-09-01T00:00:00,2020-09-30T23:59:59,90.9,78.0,routine inspection,,ECO-SERVICE-2,closed,False,False,False
DOP-0004390,TMB-AYQ,DEV-TMBAYQ-2,2020-10-01T00:00:00,2020-10-31T23:59:59,94.2,84.1,routine inspection,,ECO-SERVICE-2,closed,False,False,False
DOP-0004391,TMB-AYQ,DEV-TMBAYQ-2,2020-11-01T00:00:00,2020-11-30T23:59:59,89.9,71.2,routine inspection,,ECO-SERVICE-2,closed,False,False,False
DOP-0004392,TMB-AYQ,DEV-TMBAYQ-2,2020-12-01T00:00:00,2020-12-31T23:59:59,75.6,64.6,corrective maintenance,POWER_INTERRUPTION,ECO-SERVICE-2,closed,False,True,False
DOP-0004393,TMB-AYQ,DEV-TMBAYQ-2,2021-01-01T00:00:00,2021-01-31T23:59:59,90.7,70.9,routine inspection,,ECO-SERVICE-2,closed,False,False,False
DOP-0004394,TMB-AYQ,DEV-TMBAYQ-2,2021-02-01T00:00:00,2021-02-28T23:59:59,100.0,80.9,routine inspection,,ECO-SERVICE-2,closed,False,False,False
DOP-0004395,TMB-AYQ,DEV-TMBAYQ-2,2021-03-01T00:00:00,2021-03-31T23:59:59,91.6,87.1,routine inspection,,ECO-SERVICE-2,closed,False,False,False
DOP-0004396,TMB-AYQ,DEV-TMBAYQ-2,2021-04-01T00:00:00,2021-04-30T23:59:59,98.4,66.7,routine inspection,,ECO-SERVICE-2,closed,False,False,False
DOP-0004397,TMB-AYQ,DEV-TMBAYQ-2,2021-05-01T00:00:00,2021-05-31T23:59:59,95.3,85.7,routine inspection,,ECO-SERVICE-2,closed,False,False,False
DOP-0004398,TMB-AYQ,DEV-TMBAYQ-2,2021-06-01T00:00:00,2021-06-30T23:59:59,100.0,93.3,routine inspection,,ECO-SERVICE-2,closed,False,False,False
DOP-0004399,TMB-AYQ,DEV-TMBAYQ-2,2021-07-01T00:00:00,2021-07-31T23:59:59,98.9,74.8,routine inspection,,ECO-SERVICE-2,closed,False,False,False
DOP-0004400,TMB-AYQ,DEV-TMBAYQ-2,2021-08-01T00:00:00,2021-08-31T23:59:59,91.1,100.0,routine inspection,,ECO-SERVICE-2,closed,False,False,False
DOP-0004401,TMB-AYQ,DEV-TMBAYQ-2,2021-09-01T00:00:00,2021-09-30T23:59:59,82.7,72.0,routine inspection,,ECO-SERVICE-2,closed,False,False,False
DOP-0004402,TMB-AYQ,DEV-TMBAYQ-2,2021-10-01T00:00:00,2021-10-31T23:59:59,89.8,69.0,routine inspection,,ECO-SERVICE-2,closed,False,False,False
DOP-0004403,TMB-AYQ,DEV-TMBAYQ-2,2021-11-01T00:00:00,2021-11-30T23:59:59,99.0,84.4,routine inspection,,ECO-SERVICE-2,closed,False,False,False
DOP-0004404,TMB-AYQ,DEV-TMBAYQ-2,2021-12-01T00:00:00,2021-12-31T23:59:59,100.0,91.1,routine inspection,,ECO-SERVICE-2,closed,False,False,False
DOP-0004405,TMB-AYQ,DEV-TMBAYQ-2,2022-01-01T00:00:00,2022-01-31T23:59:59,90.4,76.5,routine inspection,,ECO-SERVICE-2,closed,False,False,False
DOP-0004406,TMB-AYQ,DEV-TMBAYQ-2,2022-02-01T00:00:00,2022-02-28T23:59:59,98.2,75.6,routine inspection,,ECO-SERVICE-2,closed,False,False,False
DOP-0004407,TMB-AYQ,DEV-TMBAYQ-2,2022-03-01T00:00:00,2022-03-31T23:59:59,100.0,97.7,routine inspection,,ECO-SERVICE-2,closed,False,False,False
DOP-0004408,TMB-AYQ,DEV-TMBAYQ-2,2022-04-01T00:00:00,2022-04-30T23:59:59,92.5,90.0,routine inspection,,ECO-SERVICE-2,closed,False,False,False
DOP-0004409,TMB-AYQ,DEV-TMBAYQ-2,2022-05-01T00:00:00,2022-05-31T23:59:59,94.9,86.9,routine inspection,,ECO-SERVICE-2,closed,False,False,False
DOP-0004410,TMB-AYQ,DEV-TMBAYQ-2,2022-06-01T00:00:00,2022-06-30T23:59:59,98.6,76.7,routine inspection,,ECO-SERVICE-2,closed,False,False,False
DOP-0004411,TMB-AYQ,DEV-TMBAYQ-2,2022-07-01T00:00:00,2022-07-31T23:59:59,90.2,82.9,routine inspection,,ECO-SERVICE-2,closed,False,False,False
DOP-0004412,TMB-AYQ,DEV-TMBAYQ-2,2022-08-01T00:00:00,2022-08-31T23:59:59,83.6,76.5,routine inspection,,ECO-SERVICE-2,closed,False,False,False
DOP-0004413,TMB-AYQ,DEV-TMBAYQ-2,2022-09-01T00:00:00,2022-09-30T23:59:59,94.5,70.4,routine inspection,,ECO-SERVICE-2,closed,False,False,False
DOP-0004414,TMB-AYQ,DEV-TMBAYQ-2,2022-10-01T00:00:00,2022-10-31T23:59:59,94.9,72.1,routine inspection,,ECO-SERVICE-2,closed,False,False,False
DOP-0004415,TMB-AYQ,DEV-TMBAYQ-2,2022-11-01T00:00:00,2022-11-30T23:59:59,95.3,81.0,routine inspection,,ECO-SERVICE-2,closed,False,False,False
DOP-0004416,TMB-AYQ,DEV-TMBAYQ-2,2022-12-01T00:00:00,2022-12-31T23:59:59,100.0,76.6,routine inspection,,ECO-SERVICE-2,closed,False,False,False
DOP-0004417,TMB-AYQ,DEV-TMBAYQ-2,2023-01-01T00:00:00,2023-01-31T23:59:59,86.3,79.1,routine inspection,,ECO-SERVICE-2,closed,False,False,False
DOP-0004418,TMB-AYQ,DEV-TMBAYQ-2,2023-02-01T00:00:00,2023-02-28T23:59:59,90.8,74.6,routine inspection,,ECO-SERVICE-2,closed,False,False,False
DOP-0004419,TMB-AYQ,DEV-TMBAYQ-2,2023-03-01T00:00:00,2023-03-31T23:59:59,95.4,66.8,routine inspection,,ECO-SERVICE-2,closed,False,False,False
DOP-0004420,TMB-AYQ,DEV-TMBAYQ-2,2023-04-01T00:00:00,2023-04-30T23:59:59,88.3,87.8,routine inspection,,ECO-SERVICE-2,closed,False,False,False
DOP-0004421,TMB-AYQ,DEV-TMBAYQ-2,2023-05-01T00:00:00,2023-05-31T23:59:59,89.4,74.4,routine inspection,,ECO-SERVICE-2,closed,False,False,False
DOP-0004422,TMB-AYQ,DEV-TMBAYQ-2,2023-06-01T00:00:00,2023-06-30T23:59:59,95.8,83.1,routine inspection,,ECO-SERVICE-2,closed,False,False,False
DOP-0004423,TMB-AYQ,DEV-TMBAYQ-2,2023-07-01T00:00:00,2023-07-31T23:59:59,90.8,86.8,routine inspection,,ECO-SERVICE-2,closed,False,False,False
DOP-0004424,TMB-AYQ,DEV-TMBAYQ-2,2023-08-01T00:00:00,2023-08-31T23:59:59,99.1,83.8,routine inspection,,ECO-SERVICE-2,closed,False,False,False
DOP-0004425,TMB-AYQ,DEV-TMBAYQ-2,2023-09-01T00:00:00,2023-09-30T23:59:59,94.1,78.3,routine inspection,,ECO-SERVICE-2,closed,False,False,False
DOP-0004426,TMB-AYQ,DEV-TMBAYQ-2,2023-10-01T00:00:00,2023-10-31T23:59:59,93.8,91.5,routine inspection,,ECO-SERVICE-2,closed,False,False,False
DOP-0004427,TMB-AYQ,DEV-TMBAYQ-2,2023-11-01T00:00:00,2023-11-30T23:59:59,90.4,72.4,routine inspection,,ECO-SERVICE-2,closed,False,False,False
DOP-0004428,TMB-AYQ,DEV-TMBAYQ-2,2023-12-01T00:00:00,2023-12-31T23:59:59,95.0,73.2,routine inspection,,ECO-SERVICE-2,closed,False,False,False
DOP-0004429,TMB-AYQ,DEV-TMBAYQ-2,2024-01-01T00:00:00,2024-01-31T23:59:59,89.3,85.5,routine inspection,,ECO-SERVICE-2,closed,False,False,False
DOP-0004430,TMB-AYQ,DEV-TMBAYQ-2,2024-02-01T00:00:00,2024-02-29T23:59:59,88.8,78.5,routine inspection,,ECO-SERVICE-2,closed,False,False,False
DOP-0004431,TMB-AYQ,DEV-TMBAYQ-2,2024-03-01T00:00:00,2024-03-31T23:59:59,91.4,81.4,routine inspection,,ECO-SERVICE-2,closed,False,False,False
DOP-0004432,TMB-AYQ,DEV-TMBAYQ-2,2024-04-01T00:00:00,2024-04-30T23:59:59,98.3,74.2,routine inspection,,ECO-SERVICE-2,closed,False,False,False
DOP-0004433,TMB-AYQ,DEV-TMBAYQ-2,2024-05-01T00:00:00,2024-05-31T23:59:59,96.9,87.7,routine inspection,,ECO-SERVICE-2,closed,False,False,False
DOP-0004434,TMB-AYQ,DEV-TMBAYQ-2,2024-06-01T00:00:00,2024-06-30T23:59:59,55.3,65.0,corrective maintenance,STORAGE_LIMIT,ECO-SERVICE-2,closed,False,False,True
DOP-0004435,TMB-AYQ,DEV-TMBAYQ-2,2024-07-01T00:00:00,2024-07-31T23:59:59,95.5,82.3,routine inspection,,ECO-SERVICE-2,closed,False,False,False
DOP-0004436,TMB-AYQ,DEV-TMBAYQ-2,2024-08-01T00:00:00,2024-08-31T23:59:59,96.2,62.5,routine inspection,,ECO-SERVICE-2,closed,False,False,False
DOP-0004437,TMB-AYQ,DEV-TMBAYQ-2,2024-09-01T00:00:00,2024-09-30T23:59:59,92.4,89.4,routine inspection,,ECO-SERVICE-2,closed,False,False,False
DOP-0004438,TMB-AYQ,DEV-TMBAYQ-2,2024-10-01T00:00:00,2024-10-31T23:59:59,71.4,77.1,corrective maintenance,POWER_INTERRUPTION,ECO-SERVICE-2,closed,False,True,False
DOP-0004439,TMB-AYQ,DEV-TMBAYQ-2,2024-11-01T00:00:00,2024-11-30T23:59:59,89.7,88.0,routine inspection,,ECO-SERVICE-2,closed,False,False,False
DOP-0004440,TMB-AYQ,DEV-TMBAYQ-2,2024-12-01T00:00:00,2024-12-31T23:59:59,90.2,75.3,routine inspection,,ECO-SERVICE-2,closed,False,False,False
DOP-0004441,TMB-AYQ,DEV-TMBAYQ-2,2025-01-01T00:00:00,2025-01-31T23:59:59,82.4,77.1,routine inspection,,ECO-SERVICE-2,closed,False,False,False
DOP-0004442,TMB-AYQ,DEV-TMBAYQ-2,2025-02-01T00:00:00,2025-02-28T23:59:59,96.9,82.0,routine inspection,,ECO-SERVICE-2,closed,False,False,False
DOP-0004443,TMB-AYQ,DEV-TMBAYQ-2,2025-03-01T00:00:00,2025-03-31T23:59:59,90.8,78.9,routine inspection,,ECO-SERVICE-2,closed,False,False,False
DOP-0004444,TMB-AYQ,DEV-TMBAYQ-2,2025-04-01T00:00:00,2025-04-30T23:59:59,91.1,86.7,routine inspection,,ECO-SERVICE-2,closed,False,False,False
DOP-0004445,TMB-AYQ,DEV-TMBAYQ-2,2025-05-01T00:00:00,2025-05-31T23:59:59,97.9,80.5,routine inspection,,ECO-SERVICE-2,closed,False,False,False
DOP-0004446,TMB-AYQ,DEV-TMBAYQ-2,2025-06-01T00:00:00,2025-06-30T23:59:59,92.4,84.9,routine inspection,,ECO-SERVICE-2,closed,False,False,False
DOP-0004447,TMB-HQL,DEV-TMBHQL-3,2019-01-01T00:00:00,2019-01-31T23:59:59,100.0,75.2,routine inspection,,ECO-SERVICE-3,closed,False,False,False
DOP-0004448,TMB-HQL,DEV-TMBHQL-3,2019-02-01T00:00:00,2019-02-28T23:59:59,100.0,90.4,routine inspection,,ECO-SERVICE-3,closed,False,False,False
DOP-0004449,TMB-HQL,DEV-TMBHQL-3,2019-03-01T00:00:00,2019-03-31T23:59:59,95.0,80.5,routine inspection,,ECO-SERVICE-3,closed,False,False,False
DOP-0004450,TMB-HQL,DEV-TMBHQL-3,2019-04-01T00:00:00,2019-04-30T23:59:59,95.2,71.5,routine inspection,,ECO-SERVICE-3,closed,False,False,False
DOP-0004451,TMB-HQL,DEV-TMBHQL-3,2019-05-01T00:00:00,2019-05-31T23:59:59,86.4,76.9,routine inspection,,ECO-SERVICE-3,closed,False,False,False
DOP-0004452,TMB-HQL,DEV-TMBHQL-3,2019-06-01T00:00:00,2019-06-30T23:59:59,99.9,83.3,routine inspection,,ECO-SERVICE-3,closed,False,False,False
DOP-0004453,TMB-HQL,DEV-TMBHQL-3,2019-07-01T00:00:00,2019-07-31T23:59:59,97.2,81.1,routine inspection,,ECO-SERVICE-3,closed,False,False,False
DOP-0004454,TMB-HQL,DEV-TMBHQL-3,2019-08-01T00:00:00,2019-08-31T23:59:59,82.4,84.2,routine inspection,,ECO-SERVICE-3,closed,False,False,False
DOP-0004455,TMB-HQL,DEV-TMBHQL-3,2019-09-01T00:00:00,2019-09-30T23:59:59,88.2,80.6,routine inspection,,ECO-SERVICE-3,closed,False,False,False
DOP-0004456,TMB-HQL,DEV-TMBHQL-3,2019-10-01T00:00:00,2019-10-31T23:59:59,95.1,88.3,routine inspection,,ECO-SERVICE-3,closed,False,False,False
DOP-0004457,TMB-HQL,DEV-TMBHQL-3,2019-11-01T00:00:00,2019-11-30T23:59:59,90.6,67.2,routine inspection,,ECO-SERVICE-3,closed,False,False,False
DOP-0004458,TMB-HQL,DEV-TMBHQL-3,2019-12-01T00:00:00,2019-12-31T23:59:59,95.7,83.5,routine inspection,,ECO-SERVICE-3,closed,False,False,False
DOP-0004459,TMB-HQL,DEV-TMBHQL-3,2020-01-01T00:00:00,2020-01-31T23:59:59,96.5,76.2,routine inspection,,ECO-SERVICE-3,closed,False,False,False
DOP-0004460,TMB-HQL,DEV-TMBHQL-3,2020-02-01T00:00:00,2020-02-29T23:59:59,95.8,88.7,routine inspection,,ECO-SERVICE-3,closed,False,False,False
DOP-0004461,TMB-HQL,DEV-TMBHQL-3,2020-03-01T00:00:00,2020-03-31T23:59:59,97.9,73.4,routine inspection,,ECO-SERVICE-3,closed,False,False,False
DOP-0004462,TMB-HQL,DEV-TMBHQL-3,2020-04-01T00:00:00,2020-04-30T23:59:59,99.3,81.1,Routine Inspection,,ECO-SERVICE-3,closed,False,False,False
DOP-0004463,TMB-HQL,DEV-TMBHQL-3,2020-05-01T00:00:00,2020-05-31T23:59:59,88.4,90.1,routine inspection,,ECO-SERVICE-3,closed,False,False,False
DOP-0004464,TMB-HQL,DEV-TMBHQL-3,2020-06-01T00:00:00,2020-06-30T23:59:59,91.0,79.1,routine inspection,,ECO-SERVICE-3,closed,False,False,False
DOP-0004465,TMB-HQL,DEV-TMBHQL-3,2020-07-01T00:00:00,2020-07-31T23:59:59,83.5,95.9,routine inspection,,ECO-SERVICE-3,closed,False,False,False
DOP-0004466,TMB-HQL,DEV-TMBHQL-3,2020-08-01T00:00:00,2020-08-31T23:59:59,89.9,96.1,routine inspection,,ECO-SERVICE-3,closed,False,False,False
DOP-0004467,TMB-HQL,DEV-TMBHQL-3,2020-09-01T00:00:00,2020-09-30T23:59:59,95.6,83.7,routine inspection,,ECO-SERVICE-3,closed,False,False,False
DOP-0004468,TMB-HQL,DEV-TMBHQL-3,2020-10-01T00:00:00,2020-10-31T23:59:59,98.0,75.0,routine inspection,,ECO-SERVICE-3,closed,False,False,False
DOP-0004469,TMB-HQL,DEV-TMBHQL-3,2020-11-01T00:00:00,2020-11-30T23:59:59,88.2,70.8,routine inspection,,ECO-SERVICE-3,closed,False,False,False
DOP-0004470,TMB-HQL,DEV-TMBHQL-3,2020-12-01T00:00:00,2020-12-31T23:59:59,95.3,84.9,routine inspection,,ECO-SERVICE-3,closed,False,False,False
DOP-0004471,TMB-HQL,DEV-TMBHQL-3,2021-01-01T00:00:00,2021-01-31T23:59:59,86.6,70.6,routine inspection,,ECO-SERVICE-3,closed,False,False,False
DOP-0004472,TMB-HQL,DEV-TMBHQL-3,2021-02-01T00:00:00,2021-02-28T23:59:59,94.1,80.2,routine inspection,,ECO-SERVICE-3,closed,False,False,False
DOP-0004473,TMB-HQL,DEV-TMBHQL-3,2021-03-01T00:00:00,2021-03-31T23:59:59,98.8,73.5,routine inspection,,ECO-SERVICE-3,closed,False,False,False
DOP-0004474,TMB-HQL,DEV-TMBHQL-3,2021-04-01T00:00:00,2021-04-30T23:59:59,99.6,85.0,routine inspection,,ECO-SERVICE-3,closed,False,False,False
DOP-0004475,TMB-HQL,DEV-TMBHQL-3,2021-05-01T00:00:00,2021-05-31T23:59:59,95.3,79.7,routine inspection,,ECO-SERVICE-3,closed,False,False,False
DOP-0004476,TMB-HQL,DEV-TMBHQL-3,2021-06-01T00:00:00,2021-06-30T23:59:59,90.7,72.3,routine inspection,,ECO-SERVICE-3,closed,False,False,False
DOP-0004477,TMB-HQL,DEV-TMBHQL-3,2021-07-01T00:00:00,2021-07-31T23:59:59,85.4,82.3,routine inspection,,ECO-SERVICE-3,closed,False,False,False
DOP-0004478,TMB-HQL,DEV-TMBHQL-3,2021-08-01T00:00:00,2021-08-31T23:59:59,93.4,89.3,routine inspection,,ECO-SERVICE-3,closed,False,False,False
DOP-0004479,TMB-HQL,DEV-TMBHQL-3,2021-09-01T00:00:00,2021-09-30T23:59:59,94.6,82.3,routine inspection,,ECO-SERVICE-3,closed,False,False,False
DOP-0004480,TMB-HQL,DEV-TMBHQL-3,2021-10-01T00:00:00,2021-10-31T23:59:59,94.0,70.0,routine inspection,,ECO-SERVICE-3,closed,False,False,False
DOP-0004481,TMB-HQL,DEV-TMBHQL-3,2021-11-01T00:00:00,2021-11-30T23:59:59,85.0,81.8,routine inspection,,ECO-SERVICE-3,closed,False,False,False
DOP-0004482,TMB-HQL,DEV-TMBHQL-3,2021-12-01T00:00:00,2021-12-31T23:59:59,91.7,75.3,routine inspection,,ECO-SERVICE-3,closed,False,False,False
DOP-0004483,TMB-HQL,DEV-TMBHQL-3,2022-01-01T00:00:00,2022-01-31T23:59:59,93.3,77.0,routine inspection,,ECO-SERVICE-3,closed,False,False,False
DOP-0004484,TMB-HQL,DEV-TMBHQL-3,2022-02-01T00:00:00,2022-02-28T23:59:59,99.5,70.3,routine inspection,,ECO-SERVICE-3,closed,False,False,False
DOP-0004485,TMB-HQL,DEV-TMBHQL-3,2022-03-01T00:00:00,2022-03-31T23:59:59,90.7,62.2,routine inspection,,ECO-SERVICE-3,closed,False,False,False
DOP-0004486,TMB-HQL,DEV-TMBHQL-3,2022-04-01T00:00:00,2022-04-30T23:59:59,95.1,72.6,routine inspection,,ECO-SERVICE-3,closed,False,False,False
DOP-0004487,TMB-HQL,DEV-TMBHQL-3,2022-05-01T00:00:00,2022-05-31T23:59:59,93.8,74.6,routine inspection,,ECO-SERVICE-3,closed,False,False,False
DOP-0004488,TMB-HQL,DEV-TMBHQL-3,2022-06-01T00:00:00,2022-06-30T23:59:59,100.0,71.2,routine inspection,,ECO-SERVICE-3,closed,False,False,False
DOP-0004489,TMB-HQL,DEV-TMBHQL-3,2022-07-01T00:00:00,2022-07-31T23:59:59,98.9,73.8,routine inspection,,ECO-SERVICE-3,closed,False,False,False
DOP-0004490,TMB-HQL,DEV-TMBHQL-3,2022-08-01T00:00:00,2022-08-31T23:59:59,63.9,56.4,corrective maintenance,POWER_INTERRUPTION,ECO-SERVICE-3,closed,False,True,False
DOP-0004491,TMB-HQL,DEV-TMBHQL-3,2022-09-01T00:00:00,2022-09-30T23:59:59,87.7,70.3,routine inspection,,ECO-SERVICE-3,closed,False,False,False
DOP-0004492,TMB-HQL,DEV-TMBHQL-3,2022-10-01T00:00:00,2022-10-31T23:59:59,100.0,75.2,routine inspection,,ECO-SERVICE-3,closed,False,False,False
DOP-0004493,TMB-HQL,DEV-TMBHQL-3,2022-11-01T00:00:00,2022-11-30T23:59:59,95.5,89.5,routine inspection,,ECO-SERVICE-3,closed,False,False,False
DOP-0004494,TMB-HQL,DEV-TMBHQL-3,2022-12-01T00:00:00,2022-12-31T23:59:59,93.4,81.1,routine inspection,,ECO-SERVICE-3,closed,False,False,False
DOP-0004495,TMB-HQL,DEV-TMBHQL-3,2023-01-01T00:00:00,2023-01-31T23:59:59,85.3,64.2,routine inspection,,ECO-SERVICE-3,closed,False,False,False
DOP-0004496,TMB-HQL,DEV-TMBHQL-3,2023-02-01T00:00:00,2023-02-28T23:59:59,95.4,69.6,routine inspection,,ECO-SERVICE-3,closed,False,False,False
DOP-0004497,TMB-HQL,DEV-TMBHQL-3,2023-03-01T00:00:00,2023-03-31T23:59:59,97.5,82.7,routine inspection,,ECO-SERVICE-3,closed,False,False,False
DOP-0004498,TMB-HQL,DEV-TMBHQL-3,2023-04-01T00:00:00,2023-04-30T23:59:59,92.5,71.5,routine inspection,,ECO-SERVICE-3,closed,False,False,False
DOP-0004499,TMB-HQL,DEV-TMBHQL-3,2023-05-01T00:00:00,2023-05-31T23:59:59,81.7,81.4,corrective maintenance,STORAGE_LIMIT,ECO-SERVICE-3,closed,False,False,True
DOP-0004500,TMB-HQL,DEV-TMBHQL-3,2023-06-01T00:00:00,2023-06-30T23:59:59,89.5,82.6,routine inspection,,ECO-SERVICE-3,closed,False,False,False
DOP-0004501,TMB-HQL,DEV-TMBHQL-3,2023-07-01T00:00:00,2023-07-31T23:59:59,92.3,90.4,routine inspection,,,closed,False,False,False
DOP-0004502,TMB-HQL,DEV-TMBHQL-3,2023-08-01T00:00:00,2023-08-31T23:59:59,89.9,59.2,routine inspection,,ECO-SERVICE-3,closed,False,False,False
DOP-0004503,TMB-HQL,DEV-TMBHQL-3,2023-09-01T00:00:00,2023-09-30T23:59:59,70.7,66.3,corrective maintenance,POWER_INTERRUPTION,ECO-SERVICE-3,closed,False,True,False
DOP-0004504,TMB-HQL,DEV-TMBHQL-3,2023-10-01T00:00:00,2023-10-31T23:59:59,100.0,84.1,routine inspection,,ECO-SERVICE-3,closed,False,False,False
DOP-0004505,TMB-HQL,DEV-TMBHQL-3,2023-11-01T00:00:00,2023-11-30T23:59:59,98.1,78.8,routine inspection,,ECO-SERVICE-3,closed,False,False,False
DOP-0004506,TMB-HQL,DEV-TMBHQL-3,2023-12-01T00:00:00,2023-12-31T23:59:59,89.8,68.3,routine inspection,,ECO-SERVICE-3,closed,False,False,False
DOP-0004507,TMB-HQL,DEV-TMBHQL-3,2024-01-01T00:00:00,2024-01-31T23:59:59,95.8,75.7,routine inspection,,ECO-SERVICE-3,closed,False,False,False
DOP-0004508,TMB-HQL,DEV-TMBHQL-3,2024-02-01T00:00:00,2024-02-29T23:59:59,86.0,75.0,routine inspection,,ECO-SERVICE-3,closed,False,False,False
DOP-0004509,TMB-HQL,DEV-TMBHQL-3,2024-03-01T00:00:00,2024-03-31T23:59:59,89.7,79.0,routine inspection,,ECO-SERVICE-3,closed,False,False,False
DOP-0004510,TMB-HQL,DEV-TMBHQL-3,2024-04-01T00:00:00,2024-04-30T23:59:59,89.5,82.8,routine inspection,,ECO-SERVICE-3,closed,False,False,False
DOP-0004511,TMB-HQL,DEV-TMBHQL-3,2024-05-01T00:00:00,2024-05-31T23:59:59,97.3,76.4,routine inspection,,ECO-SERVICE-3,closed,False,False,False
DOP-0004512,TMB-HQL,DEV-TMBHQL-3,2024-06-01T00:00:00,2024-06-30T23:59:59,82.9,85.4,routine inspection,,ECO-SERVICE-3,closed,False,False,False
DOP-0004513,TMB-HQL,DEV-TMBHQL-3,2024-07-01T00:00:00,2024-07-31T23:59:59,92.1,95.2,routine inspection,,ECO-SERVICE-3,closed,False,False,False
DOP-0004514,TMB-HQL,DEV-TMBHQL-3,2024-08-01T00:00:00,2024-08-31T23:59:59,93.8,76.1,routine inspection,,ECO-SERVICE-3,closed,False,False,False
DOP-0004515,TMB-HQL,DEV-TMBHQL-3,2024-09-01T00:00:00,2024-09-30T23:59:59,83.5,66.5,routine inspection,,ECO-SERVICE-3,closed,False,False,False
DOP-0004516,TMB-HQL,DEV-TMBHQL-3,2024-10-01T00:00:00,2024-10-31T23:59:59,87.4,73.6,routine inspection,,ECO-SERVICE-3,closed,False,False,False
DOP-0004517,TMB-HQL,DEV-TMBHQL-3,2024-11-01T00:00:00,2024-11-30T23:59:59,96.9,72.1,routine inspection,,ECO-SERVICE-3,closed,False,False,False
DOP-0004518,TMB-HQL,DEV-TMBHQL-3,2024-12-01T00:00:00,2024-12-31T23:59:59,100.0,70.8,routine inspection,,ECO-SERVICE-3,closed,False,False,False
DOP-0004519,TMB-HQL,DEV-TMBHQL-3,2025-01-01T00:00:00,2025-01-31T23:59:59,100.0,77.3,routine inspection,,ECO-SERVICE-3,closed,False,False,False
DOP-0004520,TMB-HQL,DEV-TMBHQL-3,2025-02-01T00:00:00,2025-02-28T23:59:59,96.4,81.3,routine inspection,,ECO-SERVICE-3,closed,False,False,False
DOP-0004521,TMB-HQL,DEV-TMBHQL-3,2025-03-01T00:00:00,2025-03-31T23:59:59,97.4,77.3,routine inspection,,ECO-SERVICE-3,closed,False,False,False
DOP-0004522,TMB-HQL,DEV-TMBHQL-3,2025-04-01T00:00:00,2025-04-30T23:59:59,100.0,79.7,routine inspection,,ECO-SERVICE-3,closed,False,False,False
DOP-0004523,TMB-HQL,DEV-TMBHQL-3,2025-05-01T00:00:00,2025-05-31T23:59:59,90.5,69.0,routine inspection,,ECO-SERVICE-3,closed,False,False,False
DOP-0004524,TMB-HQL,DEV-TMBHQL-3,2025-06-01T00:00:00,2025-06-30T23:59:59,70.9,54.8,corrective maintenance,STORAGE_LIMIT,ECO-SERVICE-3,closed,False,False,True
DOP-0004525,TMB-XTD,DEV-TMBXTD-1,2019-01-01T00:00:00,2019-01-31T23:59:59,90.7,72.5,routine inspection,,ECO-SERVICE-4,closed,False,False,False
DOP-0004526,TMB-XTD,DEV-TMBXTD-1,2019-02-01T00:00:00,2019-02-28T23:59:59,91.4,78.3,routine inspection,,ECO-SERVICE-4,closed,False,False,False
DOP-0004527,TMB-XTD,DEV-TMBXTD-1,2019-03-01T00:00:00,2019-03-31T23:59:59,87.3,80.8,routine inspection,,ECO-SERVICE-4,closed,False,False,False
DOP-0004528,TMB-XTD,DEV-TMBXTD-1,2019-04-01T00:00:00,2019-04-30T23:59:59,100.0,83.7,routine inspection,,ECO-SERVICE-4,closed,False,False,False
DOP-0004529,TMB-XTD,DEV-TMBXTD-1,2019-05-01T00:00:00,2019-05-31T23:59:59,91.8,72.1,routine inspection,,ECO-SERVICE-4,closed,False,False,False
DOP-0004530,TMB-XTD,DEV-TMBXTD-1,2019-06-01T00:00:00,2019-06-30T23:59:59,91.0,89.7,routine inspection,,ECO-SERVICE-4,closed,False,False,False
DOP-0004531,TMB-XTD,DEV-TMBXTD-1,2019-07-01T00:00:00,2019-07-31T23:59:59,95.0,83.1,routine inspection,,ECO-SERVICE-4,closed,False,False,False
DOP-0004532,TMB-XTD,DEV-TMBXTD-1,2019-08-01T00:00:00,2019-08-31T23:59:59,99.2,83.4,routine inspection,,ECO-SERVICE-4,closed,False,False,False
DOP-0004533,TMB-XTD,DEV-TMBXTD-1,2019-09-01T00:00:00,2019-09-30T23:59:59,46.9,79.3,corrective maintenance,STORAGE_LIMIT,ECO-SERVICE-4,closed,False,False,True
DOP-0004534,TMB-XTD,DEV-TMBXTD-1,2019-10-01T00:00:00,2019-10-31T23:59:59,93.3,74.7,routine inspection,,ECO-SERVICE-4,closed,False,False,False
DOP-0004535,TMB-XTD,DEV-TMBXTD-1,2019-11-01T00:00:00,2019-11-30T23:59:59,94.3,74.3,routine inspection,,ECO-SERVICE-4,closed,False,False,False
DOP-0004536,TMB-XTD,DEV-TMBXTD-1,2019-12-01T00:00:00,2019-12-31T23:59:59,100.0,77.9,routine inspection,,ECO-SERVICE-4,closed,False,False,False
DOP-0004537,TMB-XTD,DEV-TMBXTD-1,2020-01-01T00:00:00,2020-01-31T23:59:59,84.5,83.5,routine inspection,,ECO-SERVICE-4,closed,False,False,False
DOP-0004538,TMB-XTD,DEV-TMBXTD-1,2020-02-01T00:00:00,2020-02-29T23:59:59,91.5,80.0,routine inspection,,ECO-SERVICE-4,closed,False,False,False
DOP-0004539,TMB-XTD,DEV-TMBXTD-1,2020-03-01T00:00:00,2020-03-31T23:59:59,99.7,56.4,routine inspection,,ECO-SERVICE-4,closed,False,False,False
DOP-0004540,TMB-XTD,DEV-TMBXTD-1,2020-04-01T00:00:00,2020-04-30T23:59:59,80.4,76.8,routine inspection,,ECO-SERVICE-4,closed,False,False,False
DOP-0004541,TMB-XTD,DEV-TMBXTD-1,2020-05-01T00:00:00,2020-05-31T23:59:59,64.8,76.9,corrective maintenance,STORAGE_LIMIT,ECO-SERVICE-4,closed,False,False,True
DOP-0004542,TMB-XTD,DEV-TMBXTD-1,2020-06-01T00:00:00,2020-06-30T23:59:59,88.9,80.8,routine inspection,,ECO-SERVICE-4,closed,False,False,False
DOP-0004543,TMB-XTD,DEV-TMBXTD-1,2020-07-01T00:00:00,2020-07-31T23:59:59,91.7,89.9,routine inspection,,ECO-SERVICE-4,closed,False,False,False
DOP-0004544,TMB-XTD,DEV-TMBXTD-1,2020-08-01T00:00:00,2020-08-31T23:59:59,91.2,76.1,routine inspection,,ECO-SERVICE-4,closed,False,False,False
DOP-0004545,TMB-XTD,DEV-TMBXTD-1,2020-09-01T00:00:00,2020-09-30T23:59:59,85.8,77.3,routine inspection,,ECO-SERVICE-4,closed,False,False,False
DOP-0004546,TMB-XTD,DEV-TMBXTD-1,2020-10-01T00:00:00,2020-10-31T23:59:59,100.0,90.9,routine inspection,,ECO-SERVICE-4,closed,False,False,False
DOP-0004547,TMB-XTD,DEV-TMBXTD-1,2020-11-01T00:00:00,2020-11-30T23:59:59,98.5,90.1,routine inspection,,ECO-SERVICE-4,closed,False,False,False
DOP-0004548,TMB-XTD,DEV-TMBXTD-1,2020-12-01T00:00:00,2020-12-31T23:59:59,90.7,73.3,routine inspection,,ECO-SERVICE-4,closed,False,False,False
DOP-0004549,TMB-XTD,DEV-TMBXTD-1,2021-01-01T00:00:00,2021-01-31T23:59:59,100.0,84.0,routine inspection,,ECO-SERVICE-4,closed,False,False,False
DOP-0004550,TMB-XTD,DEV-TMBXTD-1,2021-02-01T00:00:00,28/02/2021 23:59:59,95.3,66.1,routine inspection,,ECO-SERVICE-4,closed,False,False,False
DOP-0004551,TMB-XTD,DEV-TMBXTD-1,2021-03-01T00:00:00,2021-03-31T23:59:59,89.5,81.2,routine inspection,,ECO-SERVICE-4,closed,False,False,False
DOP-0004552,TMB-XTD,DEV-TMBXTD-1,2021-04-01T00:00:00,2021-04-30T23:59:59,94.5,92.9,routine inspection,,ECO-SERVICE-4,closed,False,False,False
DOP-0004553,TMB-XTD,DEV-TMBXTD-1,2021-05-01T00:00:00,2021-05-31T23:59:59,95.9,90.9,routine inspection,,ECO-SERVICE-4,closed,False,False,False
DOP-0004554,TMB-XTD,DEV-TMBXTD-1,2021-06-01T00:00:00,2021-06-30T23:59:59,100.0,82.3,routine inspection,,ECO-SERVICE-4,closed,False,False,False
DOP-0004555,TMB-XTD,DEV-TMBXTD-1,2021-07-01T00:00:00,2021-07-31T23:59:59,92.8,94.4,routine inspection,,ECO-SERVICE-4,closed,False,False,False
DOP-0004556,TMB-XTD,DEV-TMBXTD-1,2021-08-01T00:00:00,2021-08-31T23:59:59,98.9,73.6,routine inspection,,ECO-SERVICE-4,closed,False,False,False
DOP-0004557,TMB-XTD,DEV-TMBXTD-1,2021-09-01T00:00:00,2021-09-30T23:59:59,94.2,74.4,routine inspection,,ECO-SERVICE-4,closed,False,False,False
DOP-0004558,TMB-XTD,DEV-TMBXTD-1,2021-10-01T00:00:00,2021-10-31T23:59:59,100.0,76.6,routine inspection,,ECO-SERVICE-4,closed,False,False,False
DOP-0004559,TMB-XTD,DEV-TMBXTD-1,2021-11-01T00:00:00,2021-11-30T23:59:59,97.6,88.0,routine inspection,,ECO-SERVICE-4,closed,False,False,False
DOP-0004560,TMB-XTD,DEV-TMBXTD-1,2021-12-01T00:00:00,2021-12-31T23:59:59,87.9,74.3,routine inspection,,ECO-SERVICE-4,closed,False,False,False
DOP-0004561,TMB-XTD,DEV-TMBXTD-1,2022-01-01T00:00:00,2022-01-31T23:59:59,89.4,100.0,routine inspection,,ECO-SERVICE-4,closed,False,False,False
DOP-0004562,TMB-XTD,DEV-TMBXTD-1,2022-02-01T00:00:00,2022-02-28T23:59:59,86.6,75.2,routine inspection,,ECO-SERVICE-4,closed,False,False,False
DOP-0004563,TMB-XTD,DEV-TMBXTD-1,2022-03-01T00:00:00,2022-03-31T23:59:59,98.4,86.9,routine inspection,,ECO-SERVICE-4,closed,False,False,False
DOP-0004564,TMB-XTD,DEV-TMBXTD-1,2022-04-01T00:00:00,2022-04-30T23:59:59,88.7,79.0,routine inspection,,ECO-SERVICE-4,closed,False,False,False
DOP-0004565,TMB-XTD,DEV-TMBXTD-1,2022-05-01T00:00:00,2022-05-31T23:59:59,92.9,86.0,routine inspection,,ECO-SERVICE-4,closed,False,False,False
DOP-0004566,TMB-XTD,DEV-TMBXTD-1,2022-06-01T00:00:00,2022-06-30T23:59:59,95.5,85.3,routine inspection,,ECO-SERVICE-4,closed,False,False,False
DOP-0004567,TMB-XTD,DEV-TMBXTD-1,2022-07-01T00:00:00,2022-07-31T23:59:59,95.7,87.0,routine inspection,,ECO-SERVICE-4,closed,False,False,False
DOP-0004568,TMB-XTD,DEV-TMBXTD-1,2022-08-01T00:00:00,2022-08-31T23:59:59,95.7,78.3,routine inspection,,ECO-SERVICE-4,closed,False,False,False
DOP-0004569,TMB-XTD,DEV-TMBXTD-1,2022-09-01T00:00:00,2022-09-30T23:59:59,96.6,78.3,routine inspection,,ECO-SERVICE-4,closed,False,False,False
DOP-0004570,TMB-XTD,DEV-TMBXTD-1,2022-10-01T00:00:00,2022-10-31T23:59:59,100.0,77.8,ROUTINE INSPECTION,,ECO-SERVICE-4,closed,False,False,False
DOP-0004571,TMB-XTD,DEV-TMBXTD-1,2022-11-01T00:00:00,2022-11-30T23:59:59,96.1,68.1,routine inspection,,ECO-SERVICE-4,closed,False,False,False
DOP-0004572,TMB-XTD,DEV-TMBXTD-1,2022-12-01T00:00:00,2022-12-31T23:59:59,98.4,78.4,routine inspection,,ECO-SERVICE-4,closed,False,False,False
DOP-0004573,TMB-XTD,DEV-TMBXTD-1,2023-01-01T00:00:00,2023-01-31T23:59:59,88.7,69.9,routine inspection,,ECO-SERVICE-4,closed,False,False,False
DOP-0004574,TMB-XTD,DEV-TMBXTD-1,2023-02-01T00:00:00,2023-02-28T23:59:59,92.7,83.8,routine inspection,,ECO-SERVICE-4,closed,False,False,False
DOP-0004575,TMB-XTD,DEV-TMBXTD-1,2023-03-01T00:00:00,2023-03-31T23:59:59,91.7,81.0,routine inspection,,,closed,False,False,False
DOP-0004576,TMB-XTD,DEV-TMBXTD-1,2023-04-01T00:00:00,2023-04-30T23:59:59,56.5,67.9,corrective maintenance,STORAGE_LIMIT,ECO-SERVICE-4,closed,False,False,True
DOP-0004577,TMB-XTD,DEV-TMBXTD-1,2023-05-01T00:00:00,2023-05-31T23:59:59,98.1,80.7,routine inspection,,ECO-SERVICE-4,closed,False,False,False
DOP-0004578,TMB-XTD,DEV-TMBXTD-1,2023-06-01T00:00:00,2023-06-30T23:59:59,98.1,72.9,routine inspection,,ECO-SERVICE-4,closed,False,False,False
DOP-0004579,TMB-XTD,DEV-TMBXTD-1,2023-07-01T00:00:00,2023-07-31T23:59:59,93.3,87.5,routine inspection,,ECO-SERVICE-4,closed,False,False,False
DOP-0004580,TMB-XTD,DEV-TMBXTD-1,2023-08-01T00:00:00,2023-08-31T23:59:59,88.1,74.4,routine inspection,,ECO-SERVICE-4,closed,False,False,False
DOP-0004581,TMB-XTD,DEV-TMBXTD-1,2023-09-01T00:00:00,2023-09-30T23:59:59,99.5,73.3,routine inspection,,ECO-SERVICE-4,closed,False,False,False
DOP-0004582,TMB-XTD,DEV-TMBXTD-1,2023-10-01T00:00:00,2023-10-31T23:59:59,94.4,59.1,routine inspection,,ECO-SERVICE-4,closed,False,False,False
DOP-0004583,TMB-XTD,DEV-TMBXTD-1,2023-11-01T00:00:00,2023-11-30T23:59:59,94.4,70.5,routine inspection,,ECO-SERVICE-4,closed,False,False,False
DOP-0004584,TMB-XTD,DEV-TMBXTD-1,2023-12-01T00:00:00,2023-12-31T23:59:59,94.0,78.7,routine inspection,,ECO-SERVICE-4,closed,False,False,False
DOP-0004585,TMB-XTD,DEV-TMBXTD-1,2024-01-01T00:00:00,2024-01-31T23:59:59,98.6,78.0,routine inspection,,ECO-SERVICE-4,closed,False,False,False
DOP-0004586,TMB-XTD,DEV-TMBXTD-1,2024-02-01T00:00:00,2024-02-29T23:59:59,93.1,66.1,routine inspection,,ECO-SERVICE-4,closed,False,False,False
DOP-0004587,TMB-XTD,DEV-TMBXTD-1,2024-03-01T00:00:00,2024-03-31T23:59:59,88.6,85.0,routine inspection,,ECO-SERVICE-4,closed,False,False,False
DOP-0004588,TMB-XTD,DEV-TMBXTD-1,2024-04-01T00:00:00,2024-04-30T23:59:59,92.5,84.7,routine inspection,,ECO-SERVICE-4,closed,False,False,False
DOP-0004589,TMB-XTD,DEV-TMBXTD-1,2024-05-01T00:00:00,2024-05-31T23:59:59,94.5,84.3,routine inspection,,ECO-SERVICE-4,closed,False,False,False
DOP-0004590,TMB-XTD,DEV-TMBXTD-1,2024-06-01T00:00:00,2024-06-30T23:59:59,96.5,82.4,routine inspection,,ECO-SERVICE-4,closed,False,False,False
DOP-0004591,TMB-XTD,DEV-TMBXTD-1,2024-07-01T00:00:00,2024-07-31T23:59:59,95.1,81.9,routine inspection,,ECO-SERVICE-4,closed,False,False,False
DOP-0004592,TMB-XTD,DEV-TMBXTD-1,2024-08-01T00:00:00,2024-08-31T23:59:59,100.0,74.4,routine inspection,,ECO-SERVICE-4,closed,False,False,False
DOP-0004593,TMB-XTD,DEV-TMBXTD-1,2024-09-01T00:00:00,2024-09-30T23:59:59,95.6,85.3,routine inspection,,ECO-SERVICE-4,closed,False,False,False
DOP-0004594,TMB-XTD,DEV-TMBXTD-1,2024-10-01T00:00:00,2024-10-31T23:59:59,98.7,69.7,routine inspection,,ECO-SERVICE-4,closed,False,False,False
DOP-0004595,TMB-XTD,DEV-TMBXTD-1,2024-11-01T00:00:00,2024-11-30T23:59:59,96.8,78.1,routine inspection,,ECO-SERVICE-4,closed,False,False,False
DOP-0004596,TMB-XTD,DEV-TMBXTD-1,2024-12-01T00:00:00,2024-12-31T23:59:59,89.6,73.4,routine inspection,,ECO-SERVICE-4,closed,False,False,False
DOP-0004597,TMB-XTD,DEV-TMBXTD-1,2025-01-01T00:00:00,2025-01-31T23:59:59,99.3,80.5,routine inspection,,ECO-SERVICE-4,closed,False,False,False
DOP-0004598,TMB-XTD,DEV-TMBXTD-1,2025-02-01T00:00:00,2025-02-28T23:59:59,86.6,84.7,routine inspection,,ECO-SERVICE-4,closed,False,False,False
DOP-0004599,TMB-XTD,DEV-TMBXTD-1,2025-03-01T00:00:00,2025-03-31T23:59:59,92.3,64.3,routine inspection,,ECO-SERVICE-4,closed,False,False,False
DOP-0004600,TMB-XTD,DEV-TMBXTD-1,2025-04-01T00:00:00,2025-04-30T23:59:59,92.1,84.2,routine inspection,,ECO-SERVICE-4,closed,False,False,False
DOP-0004601,TMB-XTD,DEV-TMBXTD-1,2025-05-01T00:00:00,2025-05-31T23:59:59,94.3,77.0,routine inspection,,ECO-SERVICE-4,closed,False,False,False
DOP-0004602,TMB-XTD,DEV-TMBXTD-1,2025-06-01T00:00:00,2025-06-30T23:59:59,97.5,75.2,routine inspection,,ECO-SERVICE-4,closed,False,False,False
DOP-0004603,TMB-WST,DEV-TMBWST-2,2019-01-01T00:00:00,2019-01-31T23:59:59,96.2,76.5,routine inspection,,ECO-SERVICE-1,closed,False,False,False
DOP-0004604,TMB-WST,DEV-TMBWST-2,2019-02-01T00:00:00,2019-02-28T23:59:59,90.0,71.2,routine inspection,,ECO-SERVICE-1,closed,False,False,False
DOP-0004605,TMB-WST,DEV-TMBWST-2,2019-03-01T00:00:00,2019-03-31T23:59:59,41.5,65.0,corrective maintenance,STORAGE_LIMIT,ECO-SERVICE-1,closed,False,False,True
DOP-0004606,TMB-WST,DEV-TMBWST-2,2019-04-01T00:00:00,2019-04-30T23:59:59,95.1,77.1,routine inspection,,ECO-SERVICE-1,closed,False,False,False
DOP-0004607,TMB-WST,DEV-TMBWST-2,2019-05-01T00:00:00,2019-05-31T23:59:59,97.7,94.3,routine inspection,,ECO-SERVICE-1,closed,False,False,False
DOP-0004608,TMB-WST,DEV-TMBWST-2,2019-06-01T00:00:00,2019-06-30T23:59:59,92.3,81.2,routine inspection,,ECO-SERVICE-1,closed,False,False,False
DOP-0004609,TMB-WST,DEV-TMBWST-2,2019-07-01T00:00:00,2019-07-31T23:59:59,93.1,94.1,routine inspection,,ECO-SERVICE-1,closed,False,False,False
DOP-0004610,TMB-WST,DEV-TMBWST-2,2019-08-01T00:00:00,2019-08-31T23:59:59,93.1,84.3,routine inspection,,ECO-SERVICE-1,closed,False,False,False
DOP-0004611,TMB-WST,DEV-TMBWST-2,2019-09-01T00:00:00,2019-09-30T23:59:59,87.6,85.1,routine inspection,,ECO-SERVICE-1,closed,False,False,False
DOP-0004612,TMB-WST,DEV-TMBWST-2,2019-10-01T00:00:00,2019-10-31T23:59:59,92.7,79.6,routine inspection,,ECO-SERVICE-1,closed,False,False,False
DOP-0004613,TMB-WST,DEV-TMBWST-2,2019-11-01T00:00:00,2019-11-30T23:59:59,93.8,85.2,routine inspection,,ECO-SERVICE-1,closed,False,False,False
DOP-0004614,TMB-WST,DEV-TMBWST-2,2019-12-01T00:00:00,2019-12-31T23:59:59,94.1,69.8,routine inspection,,ECO-SERVICE-1,closed,False,False,False
DOP-0004615,TMB-WST,DEV-TMBWST-2,2020-01-01T00:00:00,2020-01-31T23:59:59,99.3,80.9,routine inspection,,ECO-SERVICE-1,closed,False,False,False
DOP-0004616,TMB-WST,DEV-TMBWST-2,2020-02-01T00:00:00,2020-02-29T23:59:59,94.1,76.0,routine inspection,,ECO-SERVICE-1,closed,False,False,False
DOP-0004617,TMB-WST,DEV-TMBWST-2,2020-03-01T00:00:00,2020-03-31T23:59:59,93.9,91.0,routine inspection,,ECO-SERVICE-1,closed,False,False,False
DOP-0004618,TMB-WST,DEV-TMBWST-2,2020-04-01T00:00:00,2020-04-30T23:59:59,86.6,78.9,routine inspection,,ECO-SERVICE-1,closed,False,False,False
DOP-0004619,TMB-WST,DEV-TMBWST-2,2020-05-01T00:00:00,2020-05-31T23:59:59,97.8,79.6,routine inspection,,ECO-SERVICE-1,closed,False,False,False
DOP-0004620,TMB-WST,DEV-TMBWST-2,2020-06-01T00:00:00,2020-06-30T23:59:59,95.8,81.1,routine inspection,,ECO-SERVICE-1,closed,False,False,False
DOP-0004621,TMB-WST,DEV-TMBWST-2,2020-07-01T00:00:00,2020-07-31T23:59:59,85.5,67.7,routine inspection,,ECO-SERVICE-1,closed,False,False,False
DOP-0004622,TMB-WST,DEV-TMBWST-2,2020-08-01T00:00:00,2020-08-31T23:59:59,92.9,78.7,routine inspection,,ECO-SERVICE-1,closed,False,False,False
DOP-0004623,TMB-WST,DEV-TMBWST-2,2020-09-01T00:00:00,2020-09-30T23:59:59,92.3,74.8,routine inspection,,ECO-SERVICE-1,closed,False,False,False
DOP-0004624,TMB-WST,DEV-TMBWST-2,2020-10-01T00:00:00,2020-10-31T23:59:59,100.0,83.5,routine inspection,,ECO-SERVICE-1,closed,False,False,False
DOP-0004625,TMB-WST,DEV-TMBWST-2,2020-11-01T00:00:00,2020-11-30T23:59:59,96.2,69.7,routine inspection,,ECO-SERVICE-1,closed,False,False,False
DOP-0004626,TMB-WST,DEV-TMBWST-2,2020-12-01T00:00:00,2020-12-31T23:59:59,97.7,63.5,routine inspection,,ECO-SERVICE-1,closed,False,False,False
DOP-0004627,TMB-WST,DEV-TMBWST-2,2021-01-01T00:00:00,2021-01-31T23:59:59,84.2,74.7,routine inspection,,ECO-SERVICE-1,closed,False,False,False
DOP-0004628,TMB-WST,DEV-TMBWST-2,2021-02-01T00:00:00,2021-02-28T23:59:59,88.4,75.3,routine inspection,,ECO-SERVICE-1,closed,False,False,False
DOP-0004629,TMB-WST,DEV-TMBWST-2,2021-03-01T00:00:00,2021-03-31T23:59:59,90.7,87.0,routine inspection,,ECO-SERVICE-1,closed,False,False,False
DOP-0004630,TMB-WST,DEV-TMBWST-2,2021-04-01T00:00:00,2021-04-30T23:59:59,76.8,76.0,corrective maintenance,MICROPHONE_DRIFT,ECO-SERVICE-1,closed,True,False,False
DOP-0004631,TMB-WST,DEV-TMBWST-2,2021-05-01T00:00:00,2021-05-31T23:59:59,99.4,89.8,routine inspection,,ECO-SERVICE-1,closed,False,False,False
DOP-0004632,TMB-WST,DEV-TMBWST-2,2021-06-01T00:00:00,2021-06-30T23:59:59,88.4,79.8,routine inspection,,ECO-SERVICE-1,closed,False,False,False
DOP-0004633,TMB-WST,DEV-TMBWST-2,2021-07-01T00:00:00,2021-07-31T23:59:59,94.5,91.2,routine inspection,,ECO-SERVICE-1,closed,False,False,False
DOP-0004634,TMB-WST,DEV-TMBWST-2,2021-08-01T00:00:00,2021-08-31T23:59:59,92.6,88.4,routine inspection,,ECO-SERVICE-1,closed,False,False,False
DOP-0004635,TMB-WST,DEV-TMBWST-2,2021-09-01T00:00:00,2021-09-30T23:59:59,90.6,76.3,routine inspection,,ECO-SERVICE-1,closed,False,False,False
DOP-0004636,TMB-WST,DEV-TMBWST-2,2021-10-01T00:00:00,2021-10-31T23:59:59,79.0,79.8,corrective maintenance,STORAGE_LIMIT,ECO-SERVICE-1,closed,False,False,True
DOP-0004637,TMB-WST,DEV-TMBWST-2,2021-11-01T00:00:00,2021-11-30T23:59:59,85.7,78.1,routine inspection,,ECO-SERVICE-1,closed,False,False,False
DOP-0004638,TMB-WST,DEV-TMBWST-2,2021-12-01T00:00:00,2021-12-31T23:59:59,100.0,75.0,routine inspection,,ECO-SERVICE-1,closed,False,False,False
DOP-0004639,TMB-WST,DEV-TMBWST-2,2022-01-01T00:00:00,2022-01-31T23:59:59,86.9,70.1,routine inspection,,ECO-SERVICE-1,closed,False,False,False
DOP-0004640,TMB-WST,DEV-TMBWST-2,2022-02-01T00:00:00,2022-02-28T23:59:59,94.7,81.4,routine inspection,,ECO-SERVICE-1,closed,False,False,False
DOP-0004641,TMB-WST,DEV-TMBWST-2,2022-03-01T00:00:00,2022-03-31T23:59:59,93.5,67.3,routine inspection,,ECO-SERVICE-1,closed,False,False,False
DOP-0004642,TMB-WST,DEV-TMBWST-2,2022-04-01T00:00:00,2022-04-30T23:59:59,100.0,76.1,routine inspection,,ECO-SERVICE-1,closed,False,False,False
DOP-0004643,TMB-WST,DEV-TMBWST-2,2022-05-01T00:00:00,2022-05-31T23:59:59,100.0,79.4,routine inspection,,ECO-SERVICE-1,closed,False,False,False
DOP-0004644,TMB-WST,DEV-TMBWST-2,2022-06-01T00:00:00,2022-06-30T23:59:59,96.4,81.9,routine inspection,,ECO-SERVICE-1,closed,False,False,False
DOP-0004645,TMB-WST,DEV-TMBWST-2,2022-07-01T00:00:00,2022-07-31T23:59:59,97.3,81.7,routine inspection,,ECO-SERVICE-1,closed,False,False,False
DOP-0004646,TMB-WST,DEV-TMBWST-2,2022-08-01T00:00:00,2022-08-31T23:59:59,97.8,90.3,routine inspection,,ECO-SERVICE-1,closed,False,False,False
DOP-0004647,TMB-WST,DEV-TMBWST-2,2022-09-01T00:00:00,2022-09-30T23:59:59,90.0,84.2,routine inspection,,ECO-SERVICE-1,closed,False,False,False
DOP-0004648,TMB-WST,DEV-TMBWST-2,2022-10-01T00:00:00,2022-10-31T23:59:59,99.1,85.9,routine inspection,,ECO-SERVICE-1,closed,False,False,False
DOP-0004649,TMB-WST,DEV-TMBWST-2,2022-11-01T00:00:00,2022-11-30T23:59:59,83.6,64.2,routine inspection,,ECO-SERVICE-1,closed,False,False,False
DOP-0004650,TMB-WST,DEV-TMBWST-2,2022-12-01T00:00:00,2022-12-31T23:59:59,91.7,85.0,routine inspection,,ECO-SERVICE-1,closed,False,False,False
DOP-0004651,TMB-WST,DEV-TMBWST-2,2023-01-01T00:00:00,2023-01-31T23:59:59,100.0,68.6,routine inspection,,ECO-SERVICE-1,closed,False,False,False
DOP-0004652,TMB-WST,DEV-TMBWST-2,2023-02-01T00:00:00,2023-02-28T23:59:59,95.3,84.2,routine inspection,,ECO-SERVICE-1,closed,False,False,False
DOP-0004653,TMB-WST,DEV-TMBWST-2,2023-03-01T00:00:00,2023-03-31T23:59:59,93.8,72.7,routine inspection,,ECO-SERVICE-1,closed,False,False,False
DOP-0004654,TMB-WST,DEV-TMBWST-2,2023-04-01T00:00:00,2023-04-30T23:59:59,91.9,79.4,routine inspection,,ECO-SERVICE-1,closed,False,False,False
DOP-0004655,TMB-WST,DEV-TMBWST-2,2023-05-01T00:00:00,2023-05-31T23:59:59,97.6,82.3,routine inspection,,ECO-SERVICE-1,closed,False,False,False
DOP-0004656,TMB-WST,DEV-TMBWST-2,2023-06-01T00:00:00,2023-06-30T23:59:59,91.6,77.9,routine inspection,,ECO-SERVICE-1,closed,False,False,False
DOP-0004657,TMB-WST,DEV-TMBWST-2,2023-07-01T00:00:00,2023-07-31T23:59:59,87.3,78.4,routine inspection,,ECO-SERVICE-1,closed,False,False,False
DOP-0004658,TMB-WST,DEV-TMBWST-2,2023-08-01T00:00:00,2023-08-31T23:59:59,100.0,91.8,routine inspection,,ECO-SERVICE-1,closed,False,False,False
DOP-0004659,TMB-WST,DEV-TMBWST-2,2023-09-01T00:00:00,2023-09-30T23:59:59,89.9,68.0,routine inspection,,,closed,False,False,False
DOP-0004660,TMB-WST,DEV-TMBWST-2,2023-10-01T00:00:00,2023-10-31T23:59:59,97.4,72.6,routine inspection,,ECO-SERVICE-1,closed,False,False,False
DOP-0004661,TMB-WST,DEV-TMBWST-2,2023-11-01T00:00:00,2023-11-30T23:59:59,87.0,70.9,routine inspection,,ECO-SERVICE-1,closed,False,False,False
DOP-0004662,TMB-WST,DEV-TMBWST-2,2023-12-01T00:00:00,2023-12-31T23:59:59,100.0,65.3,routine inspection,,ECO-SERVICE-1,closed,False,False,False
DOP-0004663,TMB-WST,DEV-TMBWST-2,2024-01-01T00:00:00,2024-01-31T23:59:59,100.0,69.8,routine inspection,,ECO-SERVICE-1,closed,False,False,False
DOP-0004664,TMB-WST,DEV-TMBWST-2,2024-02-01T00:00:00,2024-02-29T23:59:59,98.8,75.0,routine inspection,,ECO-SERVICE-1,closed,False,False,False
DOP-0004665,TMB-WST,DEV-TMBWST-2,2024-03-01T00:00:00,2024-03-31T23:59:59,97.6,91.2,routine inspection,,ECO-SERVICE-1,closed,False,False,False
DOP-0004666,TMB-WST,DEV-TMBWST-2,2024-04-01T00:00:00,2024-04-30T23:59:59,88.3,71.7,routine inspection,,ECO-SERVICE-1,closed,False,False,False
DOP-0004667,TMB-WST,DEV-TMBWST-2,2024-05-01T00:00:00,2024-05-31T23:59:59,92.6,77.2,routine inspection,,ECO-SERVICE-1,closed,False,False,False
DOP-0004668,TMB-WST,DEV-TMBWST-2,2024-06-01T00:00:00,2024-06-30T23:59:59,100.0,72.7,routine inspection,,ECO-SERVICE-1,closed,False,False,False
DOP-0004669,TMB-WST,DEV-TMBWST-2,2024-07-01T00:00:00,2024-07-31T23:59:59,91.5,94.4,routine inspection,,ECO-SERVICE-1,closed,False,False,False
DOP-0004670,TMB-WST,DEV-TMBWST-2,2024-08-01T00:00:00,2024-08-31T23:59:59,88.2,80.8,routine inspection,,ECO-SERVICE-1,closed,False,False,False
DOP-0004671,TMB-WST,DEV-TMBWST-2,2024-09-01T00:00:00,2024-09-30T23:59:59,100.0,87.4,routine inspection,,ECO-SERVICE-1,Closed,False,False,False
DOP-0004672,TMB-WST,DEV-TMBWST-2,2024-10-01T00:00:00,2024-10-31T23:59:59,98.6,85.2,routine inspection,,ECO-SERVICE-1,closed,False,False,False
DOP-0004673,TMB-WST,DEV-TMBWST-2,2024-11-01T00:00:00,2024-11-30T23:59:59,96.4,76.4,routine inspection,,ECO-SERVICE-1,closed,False,False,False
DOP-0004674,TMB-WST,DEV-TMBWST-2,2024-12-01T00:00:00,2024-12-31T23:59:59,99.1,82.7,routine inspection,,ECO-SERVICE-1,closed,False,False,False
DOP-0004675,TMB-WST,DEV-TMBWST-2,2025-01-01T00:00:00,2025-01-31T23:59:59,88.9,83.9,routine inspection,,ECO-SERVICE-1,closed,False,False,False
DOP-0004676,TMB-WST,DEV-TMBWST-2,2025-02-01T00:00:00,2025-02-28T23:59:59,95.4,77.7,routine inspection,,ECO-SERVICE-1,closed,False,False,False
DOP-0004677,TMB-WST,DEV-TMBWST-2,2025-03-01T00:00:00,2025-03-31T23:59:59,91.2,91.2,routine inspection,,ECO-SERVICE-1,closed,False,False,False
DOP-0004678,TMB-WST,DEV-TMBWST-2,2025-04-01T00:00:00,2025-04-30T23:59:59,94.5,73.0,routine inspection,,ECO-SERVICE-1,closed,False,False,False
DOP-0004679,TMB-WST,DEV-TMBWST-2,2025-05-01T00:00:00,2025-05-31T23:59:59,95.4,89.1,routine inspection,,ECO-SERVICE-1,closed,False,False,False
DOP-0004680,TMB-WST,DEV-TMBWST-2,2025-06-01T00:00:00,2025-06-30T23:59:59,89.6,84.0,routine inspection,,ECO-SERVICE-1,closed,False,False,False
DOP-0004681,TMB-SXP,DEV-TMBSXP-3,2019-01-01T00:00:00,2019-01-31T23:59:59,90.3,77.8,routine inspection,,ECO-SERVICE-2,closed,False,False,False
DOP-0004682,TMB-SXP,DEV-TMBSXP-3,2019-02-01T00:00:00,2019-02-28T23:59:59,94.5,68.6,routine inspection,,ECO-SERVICE-2,closed,False,False,False
DOP-0004683,TMB-SXP,DEV-TMBSXP-3,2019-03-01T00:00:00,2019-03-31T23:59:59,93.4,87.1,routine inspection,,ECO-SERVICE-2,closed,False,False,False
DOP-0004684,TMB-SXP,DEV-TMBSXP-3,2019-04-01T00:00:00,2019-04-30T23:59:59,94.7,78.0,routine inspection,,ECO-SERVICE-2,closed,False,False,False
DOP-0004685,TMB-SXP,DEV-TMBSXP-3,2019-05-01T00:00:00,2019-05-31T23:59:59,90.0,83.9,routine inspection,,ECO-SERVICE-2,closed,False,False,False
DOP-0004686,TMB-SXP,DEV-TMBSXP-3,2019-06-01T00:00:00,2019-06-30T23:59:59,97.4,91.1,routine inspection,,ECO-SERVICE-2,closed,False,False,False
DOP-0004687,TMB-SXP,DEV-TMBSXP-3,2019-07-01T00:00:00,2019-07-31T23:59:59,96.1,87.3,routine inspection,,ECO-SERVICE-2,closed,False,False,False
DOP-0004688,TMB-SXP,DEV-TMBSXP-3,2019-08-01T00:00:00,2019-08-31T23:59:59,94.5,83.0,routine inspection,,ECO-SERVICE-2,closed,False,False,False
DOP-0004689,TMB-SXP,DEV-TMBSXP-3,2019-09-01T00:00:00,2019-09-30T23:59:59,96.0,87.6,routine inspection,,ECO-SERVICE-2,closed,False,False,False
DOP-0004690,TMB-SXP,DEV-TMBSXP-3,2019-10-01T00:00:00,2019-10-31T23:59:59,84.6,83.5,routine inspection,,ECO-SERVICE-2,closed,False,False,False
DOP-0004691,TMB-SXP,DEV-TMBSXP-3,2019-11-01T00:00:00,2019-11-30T23:59:59,88.2,76.8,routine inspection,,ECO-SERVICE-2,closed,False,False,False
DOP-0004692,TMB-SXP,DEV-TMBSXP-3,2019-12-01T00:00:00,31/12/2019 23:59:59,96.0,80.7,routine inspection,,ECO-SERVICE-2,closed,False,False,False
DOP-0004693,TMB-SXP,DEV-TMBSXP-3,2020-01-01T00:00:00,2020-01-31T23:59:59,100.0,81.9,Routine Inspection,,ECO-SERVICE-2,closed,False,False,False
DOP-0004694,TMB-SXP,DEV-TMBSXP-3,2020-02-01T00:00:00,2020-02-29T23:59:59,97.2,73.5,routine inspection,,ECO-SERVICE-2,closed,False,False,False
DOP-0004695,TMB-SXP,DEV-TMBSXP-3,2020-03-01T00:00:00,2020-03-31T23:59:59,94.2,88.3,routine inspection,,ECO-SERVICE-2,closed,False,False,False
DOP-0004696,TMB-SXP,DEV-TMBSXP-3,2020-04-01T00:00:00,2020-04-30T23:59:59,91.6,81.8,routine inspection,,ECO-SERVICE-2,closed,False,False,False
DOP-0004697,TMB-SXP,DEV-TMBSXP-3,2020-05-01T00:00:00,2020-05-31T23:59:59,94.6,89.3,routine inspection,,ECO-SERVICE-2,closed,False,False,False
DOP-0004698,TMB-SXP,DEV-TMBSXP-3,2020-06-01T00:00:00,2020-06-30T23:59:59,92.4,80.6,routine inspection,,ECO-SERVICE-2,closed,False,False,False
DOP-0004699,TMB-SXP,DEV-TMBSXP-3,2020-07-01T00:00:00,2020-07-31T23:59:59,100.0,74.9,routine inspection,,ECO-SERVICE-2,closed,False,False,False
DOP-0004700,TMB-SXP,DEV-TMBSXP-3,2020-08-01T00:00:00,2020-08-31T23:59:59,96.6,88.7,routine inspection,,ECO-SERVICE-2,closed,False,False,False
DOP-0004701,TMB-SXP,DEV-TMBSXP-3,2020-09-01T00:00:00,2020-09-30T23:59:59,96.7,79.4,routine inspection,,ECO-SERVICE-2,closed,False,False,False
DOP-0004702,TMB-SXP,DEV-TMBSXP-3,2020-10-01T00:00:00,2020-10-31T23:59:59,91.4,74.0,routine inspection,,ECO-SERVICE-2,closed,False,False,False
DOP-0004703,TMB-SXP,DEV-TMBSXP-3,2020-11-01T00:00:00,2020-11-30T23:59:59,97.1,74.7,routine inspection,,ECO-SERVICE-2,closed,False,False,False
DOP-0004704,TMB-SXP,DEV-TMBSXP-3,2020-12-01T00:00:00,2020-12-31T23:59:59,95.6,85.2,routine inspection,,ECO-SERVICE-2,closed,False,False,False
DOP-0004705,TMB-SXP,DEV-TMBSXP-3,2021-01-01T00:00:00,2021-01-31T23:59:59,100.0,84.5,routine inspection,,ECO-SERVICE-2,closed,False,False,False
DOP-0004706,TMB-SXP,DEV-TMBSXP-3,2021-02-01T00:00:00,2021-02-28T23:59:59,91.2,80.1,routine inspection,,ECO-SERVICE-2,closed,False,False,False
DOP-0004707,TMB-SXP,DEV-TMBSXP-3,2021-03-01T00:00:00,2021-03-31T23:59:59,97.7,79.4,routine inspection,,ECO-SERVICE-2,closed,False,False,False
DOP-0004708,TMB-SXP,DEV-TMBSXP-3,2021-04-01T00:00:00,2021-04-30T23:59:59,96.0,84.5,routine inspection,,ECO-SERVICE-2,closed,False,False,False
DOP-0004709,TMB-SXP,DEV-TMBSXP-3,2021-05-01T00:00:00,2021-05-31T23:59:59,88.4,86.2,routine inspection,,ECO-SERVICE-2,closed,False,False,False
DOP-0004710,TMB-SXP,DEV-TMBSXP-3,2021-06-01T00:00:00,2021-06-30T23:59:59,97.0,100.0,routine inspection,,ECO-SERVICE-2,closed,False,False,False
DOP-0004711,TMB-SXP,DEV-TMBSXP-3,2021-07-01T00:00:00,2021-07-31T23:59:59,96.1,89.1,routine inspection,,ECO-SERVICE-2,closed,False,False,False
DOP-0004712,TMB-SXP,DEV-TMBSXP-3,2021-08-01T00:00:00,2021-08-31T23:59:59,88.6,86.8,routine inspection,,ECO-SERVICE-2,closed,False,False,False
DOP-0004713,TMB-SXP,DEV-TMBSXP-3,2021-09-01T00:00:00,2021-09-30T23:59:59,91.5,86.0,routine inspection,,ECO-SERVICE-2,closed,False,False,False
DOP-0004714,TMB-SXP,DEV-TMBSXP-3,2021-10-01T00:00:00,2021-10-31T23:59:59,93.7,84.6,routine inspection,,ECO-SERVICE-2,closed,False,False,False
DOP-0004715,TMB-SXP,DEV-TMBSXP-3,2021-11-01T00:00:00,2021-11-30T23:59:59,83.0,88.4,routine inspection,,ECO-SERVICE-2,closed,False,False,False
DOP-0004716,TMB-SXP,DEV-TMBSXP-3,2021-12-01T00:00:00,2021-12-31T23:59:59,87.9,76.1,routine inspection,,ECO-SERVICE-2,closed,False,False,False
DOP-0004717,TMB-SXP,DEV-TMBSXP-3,2022-01-01T00:00:00,2022-01-31T23:59:59,93.3,73.6,routine inspection,,ECO-SERVICE-2,closed,False,False,False
DOP-0004718,TMB-SXP,DEV-TMBSXP-3,2022-02-01T00:00:00,2022-02-28T23:59:59,87.5,70.2,routine inspection,,ECO-SERVICE-2,closed,False,False,False
DOP-0004719,TMB-SXP,DEV-TMBSXP-3,2022-03-01T00:00:00,2022-03-31T23:59:59,95.3,89.5,routine inspection,,ECO-SERVICE-2,closed,False,False,False
DOP-0004720,TMB-SXP,DEV-TMBSXP-3,2022-04-01T00:00:00,2022-04-30T23:59:59,89.9,86.2,routine inspection,,ECO-SERVICE-2,closed,False,False,False
DOP-0004721,TMB-SXP,DEV-TMBSXP-3,2022-05-01T00:00:00,2022-05-31T23:59:59,91.1,70.1,routine inspection,,ECO-SERVICE-2,closed,False,False,False
DOP-0004722,TMB-SXP,DEV-TMBSXP-3,2022-06-01T00:00:00,2022-06-30T23:59:59,94.2,85.7,routine inspection,,ECO-SERVICE-2,closed,False,False,False
DOP-0004723,TMB-SXP,DEV-TMBSXP-3,2022-07-01T00:00:00,2022-07-31T23:59:59,94.4,76.5,routine inspection,,ECO-SERVICE-2,closed,False,False,False
DOP-0004724,TMB-SXP,DEV-TMBSXP-3,2022-08-01T00:00:00,2022-08-31T23:59:59,96.2,78.1,routine inspection,,ECO-SERVICE-2,closed,False,False,False
DOP-0004725,TMB-SXP,DEV-TMBSXP-3,2022-09-01T00:00:00,2022-09-30T23:59:59,100.0,93.6,routine inspection,,ECO-SERVICE-2,closed,False,False,False
DOP-0004726,TMB-SXP,DEV-TMBSXP-3,2022-10-01T00:00:00,2022-10-31T23:59:59,93.2,75.8,routine inspection,,ECO-SERVICE-2,closed,False,False,False
DOP-0004727,TMB-SXP,DEV-TMBSXP-3,2022-11-01T00:00:00,2022-11-30T23:59:59,94.1,94.3,routine inspection,,ECO-SERVICE-2,closed,False,False,False
DOP-0004728,TMB-SXP,DEV-TMBSXP-3,2022-12-01T00:00:00,2022-12-31T23:59:59,98.0,84.0,routine inspection,,ECO-SERVICE-2,closed,False,False,False
DOP-0004729,TMB-SXP,DEV-TMBSXP-3,2023-01-01T00:00:00,2023-01-31T23:59:59,88.8,70.5,routine inspection,,ECO-SERVICE-2,closed,False,False,False
DOP-0004730,TMB-SXP,DEV-TMBSXP-3,2023-02-01T00:00:00,2023-02-28T23:59:59,99.3,70.2,routine inspection,,ECO-SERVICE-2,closed,False,False,False
DOP-0004731,TMB-SXP,DEV-TMBSXP-3,2023-03-01T00:00:00,2023-03-31T23:59:59,92.8,97.5,routine inspection,,ECO-SERVICE-2,closed,False,False,False
DOP-0004732,TMB-SXP,DEV-TMBSXP-3,2023-04-01T00:00:00,2023-04-30T23:59:59,92.5,67.4,routine inspection,,ECO-SERVICE-2,closed,False,False,False
DOP-0004733,TMB-SXP,DEV-TMBSXP-3,2023-05-01T00:00:00,2023-05-31T23:59:59,100.0,89.0,routine inspection,,ECO-SERVICE-2,closed,False,False,False
DOP-0004734,TMB-SXP,DEV-TMBSXP-3,2023-06-01T00:00:00,2023-06-30T23:59:59,91.9,85.3,routine inspection,,ECO-SERVICE-2,closed,False,False,False
DOP-0004735,TMB-SXP,DEV-TMBSXP-3,2023-07-01T00:00:00,2023-07-31T23:59:59,88.3,73.2,routine inspection,,ECO-SERVICE-2,closed,False,False,False
DOP-0004736,TMB-SXP,DEV-TMBSXP-3,2023-08-01T00:00:00,2023-08-31T23:59:59,92.1,78.9,routine inspection,,ECO-SERVICE-2,closed,False,False,False
DOP-0004737,TMB-SXP,DEV-TMBSXP-3,2023-09-01T00:00:00,2023-09-30T23:59:59,95.0,69.9,routine inspection,,ECO-SERVICE-2,closed,False,False,False
DOP-0004738,TMB-SXP,DEV-TMBSXP-3,2023-10-01T00:00:00,2023-10-31T23:59:59,88.9,88.1,routine inspection,,ECO-SERVICE-2,closed,False,False,False
DOP-0004739,TMB-SXP,DEV-TMBSXP-3,2023-11-01T00:00:00,2023-11-30T23:59:59,95.8,77.1,routine inspection,,ECO-SERVICE-2,closed,False,False,False
DOP-0004740,TMB-SXP,DEV-TMBSXP-3,2023-12-01T00:00:00,2023-12-31T23:59:59,95.2,82.4,routine inspection,,ECO-SERVICE-2,closed,False,False,False
DOP-0004741,TMB-SXP,DEV-TMBSXP-3,2024-01-01T00:00:00,2024-01-31T23:59:59,100.0,69.2,routine inspection,,ECO-SERVICE-2,closed,False,False,False
DOP-0004742,TMB-SXP,DEV-TMBSXP-3,2024-02-01T00:00:00,2024-02-29T23:59:59,97.7,68.1,routine inspection,,ECO-SERVICE-2,closed,False,False,False
DOP-0004743,TMB-SXP,DEV-TMBSXP-3,2024-03-01T00:00:00,2024-03-31T23:59:59,98.1,83.4,routine inspection,,ECO-SERVICE-2,closed,False,False,False
DOP-0004744,TMB-SXP,DEV-TMBSXP-3,2024-04-01T00:00:00,2024-04-30T23:59:59,84.4,66.7,routine inspection,,ECO-SERVICE-2,closed,False,False,False
DOP-0004745,TMB-SXP,DEV-TMBSXP-3,2024-05-01T00:00:00,2024-05-31T23:59:59,87.8,74.2,routine inspection,,ECO-SERVICE-2,closed,False,False,False
DOP-0004746,TMB-SXP,DEV-TMBSXP-3,2024-06-01T00:00:00,2024-06-30T23:59:59,93.7,76.4,routine inspection,,ECO-SERVICE-2,closed,False,False,False
DOP-0004747,TMB-SXP,DEV-TMBSXP-3,2024-07-01T00:00:00,2024-07-31T23:59:59,89.1,85.4,routine inspection,,ECO-SERVICE-2,closed,False,False,False
DOP-0004748,TMB-SXP,DEV-TMBSXP-3,2024-08-01T00:00:00,2024-08-31T23:59:59,89.6,88.3,routine inspection,,ECO-SERVICE-2,closed,False,False,False
DOP-0004749,TMB-SXP,DEV-TMBSXP-3,2024-09-01T00:00:00,2024-09-30T23:59:59,91.9,73.2,routine inspection,,ECO-SERVICE-2,closed,False,False,False
DOP-0004750,TMB-SXP,DEV-TMBSXP-3,2024-10-01T00:00:00,2024-10-31T23:59:59,100.0,63.8,routine inspection,,ECO-SERVICE-2,closed,False,False,False
DOP-0004751,TMB-SXP,DEV-TMBSXP-3,2024-11-01T00:00:00,2024-11-30T23:59:59,92.1,81.3,routine inspection,,ECO-SERVICE-2,closed,False,False,False
DOP-0004752,TMB-SXP,DEV-TMBSXP-3,2024-12-01T00:00:00,2024-12-31T23:59:59,89.8,78.4,routine inspection,,ECO-SERVICE-2,closed,False,False,False
DOP-0004753,TMB-SXP,DEV-TMBSXP-3,2025-01-01T00:00:00,2025-01-31T23:59:59,100.0,85.2,routine inspection,,ECO-SERVICE-2,closed,False,False,False
DOP-0004754,TMB-SXP,DEV-TMBSXP-3,2025-02-01T00:00:00,2025-02-28T23:59:59,100.0,76.9,routine inspection,,ECO-SERVICE-2,closed,False,False,False
DOP-0004755,TMB-SXP,DEV-TMBSXP-3,2025-03-01T00:00:00,2025-03-31T23:59:59,69.0,59.2,corrective maintenance,MICROPHONE_DRIFT,ECO-SERVICE-2,closed,True,False,False
DOP-0004756,TMB-SXP,DEV-TMBSXP-3,2025-04-01T00:00:00,2025-04-30T23:59:59,99.1,78.4,routine inspection,,ECO-SERVICE-2,closed,False,False,False
DOP-0004757,TMB-SXP,DEV-TMBSXP-3,2025-05-01T00:00:00,2025-05-31T23:59:59,95.1,87.3,routine inspection,,ECO-SERVICE-2,closed,False,False,False
DOP-0004758,TMB-SXP,DEV-TMBSXP-3,2025-06-01T00:00:00,2025-06-30T23:59:59,95.6,69.4,routine inspection,,ECO-SERVICE-2,closed,False,False,False
DOP-0004759,TMB-WQL,DEV-TMBWQL-1,2019-01-01T00:00:00,2019-01-31T23:59:59,91.0,83.4,routine inspection,,ECO-SERVICE-3,closed,False,False,False
DOP-0004760,TMB-WQL,DEV-TMBWQL-1,2019-02-01T00:00:00,2019-02-28T23:59:59,100.0,73.3,routine inspection,,ECO-SERVICE-3,closed,False,False,False
DOP-0004761,TMB-WQL,DEV-TMBWQL-1,2019-03-01T00:00:00,2019-03-31T23:59:59,94.9,79.2,routine inspection,,ECO-SERVICE-3,closed,False,False,False
DOP-0004762,TMB-WQL,DEV-TMBWQL-1,2019-04-01T00:00:00,2019-04-30T23:59:59,86.3,83.3,routine inspection,,ECO-SERVICE-3,closed,False,False,False
DOP-0004763,TMB-WQL,DEV-TMBWQL-1,2019-05-01T00:00:00,2019-05-31T23:59:59,88.5,79.5,routine inspection,,ECO-SERVICE-3,closed,False,False,False
DOP-0004764,TMB-WQL,DEV-TMBWQL-1,2019-06-01T00:00:00,2019-06-30T23:59:59,92.4,80.3,routine inspection,,ECO-SERVICE-3,closed,False,False,False
DOP-0004765,TMB-WQL,DEV-TMBWQL-1,2019-07-01T00:00:00,2019-07-31T23:59:59,97.1,82.0,routine inspection,,ECO-SERVICE-3,closed,False,False,False
DOP-0004766,TMB-WQL,DEV-TMBWQL-1,2019-08-01T00:00:00,2019-08-31T23:59:59,91.3,74.0,routine inspection,,ECO-SERVICE-3,closed,False,False,False
DOP-0004767,TMB-WQL,DEV-TMBWQL-1,2019-09-01T00:00:00,2019-09-30T23:59:59,84.0,57.7,corrective maintenance,MICROPHONE_DRIFT,ECO-SERVICE-3,closed,True,False,False
DOP-0004768,TMB-WQL,DEV-TMBWQL-1,2019-10-01T00:00:00,2019-10-31T23:59:59,91.2,77.9,routine inspection,,ECO-SERVICE-3,closed,False,False,False
DOP-0004769,TMB-WQL,DEV-TMBWQL-1,2019-11-01T00:00:00,2019-11-30T23:59:59,86.4,77.9,routine inspection,,ECO-SERVICE-3,closed,False,False,False
DOP-0004770,TMB-WQL,DEV-TMBWQL-1,2019-12-01T00:00:00,2019-12-31T23:59:59,98.5,78.7,routine inspection,,ECO-SERVICE-3,closed,False,False,False
DOP-0004771,TMB-WQL,DEV-TMBWQL-1,2020-01-01T00:00:00,2020-01-31T23:59:59,95.7,82.7,routine inspection,,ECO-SERVICE-3,closed,False,False,False
DOP-0004772,TMB-WQL,DEV-TMBWQL-1,2020-02-01T00:00:00,2020-02-29T23:59:59,88.9,72.9,routine inspection,,ECO-SERVICE-3,closed,False,False,False
DOP-0004773,TMB-WQL,DEV-TMBWQL-1,2020-03-01T00:00:00,2020-03-31T23:59:59,91.3,69.3,routine inspection,,ECO-SERVICE-3,closed,False,False,False
DOP-0004774,TMB-WQL,DEV-TMBWQL-1,2020-04-01T00:00:00,2020-04-30T23:59:59,96.8,82.4,routine inspection,,ECO-SERVICE-3,closed,False,False,False
DOP-0004775,TMB-WQL,DEV-TMBWQL-1,2020-05-01T00:00:00,2020-05-31T23:59:59,93.3,85.2,routine inspection,,ECO-SERVICE-3,closed,False,False,False
DOP-0004776,TMB-WQL,DEV-TMBWQL-1,2020-06-01T00:00:00,2020-06-30T23:59:59,99.2,93.0,routine inspection,,ECO-SERVICE-3,closed,False,False,False
DOP-0004777,TMB-WQL,DEV-TMBWQL-1,2020-07-01T00:00:00,2020-07-31T23:59:59,92.9,87.9,routine inspection,,ECO-SERVICE-3,closed,False,False,False
DOP-0004778,TMB-WQL,DEV-TMBWQL-1,2020-08-01T00:00:00,2020-08-31T23:59:59,89.8,79.2,routine inspection,,ECO-SERVICE-3,closed,False,False,False
DOP-0004779,TMB-WQL,DEV-TMBWQL-1,2020-09-01T00:00:00,2020-09-30T23:59:59,93.8,86.5,routine inspection,,ECO-SERVICE-3,closed,False,False,False
DOP-0004780,TMB-WQL,DEV-TMBWQL-1,2020-10-01T00:00:00,2020-10-31T23:59:59,93.6,87.3,routine inspection,,ECO-SERVICE-3,closed,False,False,False
DOP-0004781,TMB-WQL,DEV-TMBWQL-1,2020-11-01T00:00:00,2020-11-30T23:59:59,92.1,67.3,routine inspection,,ECO-SERVICE-3,closed,False,False,False
DOP-0004782,TMB-WQL,DEV-TMBWQL-1,2020-12-01T00:00:00,2020-12-31T23:59:59,100.0,66.3,routine inspection,,ECO-SERVICE-3,closed,False,False,False
DOP-0004783,TMB-WQL,DEV-TMBWQL-1,2021-01-01T00:00:00,2021-01-31T23:59:59,91.2,74.8,routine inspection,,ECO-SERVICE-3,closed,False,False,False
DOP-0004784,TMB-WQL,DEV-TMBWQL-1,2021-02-01T00:00:00,2021-02-28T23:59:59,88.1,74.2,routine inspection,,ECO-SERVICE-3,closed,False,False,False
DOP-0004785,TMB-WQL,DEV-TMBWQL-1,2021-03-01T00:00:00,2021-03-31T23:59:59,90.9,63.4,routine inspection,,ECO-SERVICE-3,closed,False,False,False
DOP-0004786,TMB-WQL,DEV-TMBWQL-1,2021-04-01T00:00:00,2021-04-30T23:59:59,97.9,77.3,routine inspection,,ECO-SERVICE-3,closed,False,False,False
DOP-0004787,TMB-WQL,DEV-TMBWQL-1,2021-05-01T00:00:00,2021-05-31T23:59:59,92.0,89.7,routine inspection,,ECO-SERVICE-3,closed,False,False,False
DOP-0004788,TMB-WQL,DEV-TMBWQL-1,2021-06-01T00:00:00,2021-06-30T23:59:59,94.2,94.2,routine inspection,,ECO-SERVICE-3,closed,False,False,False
DOP-0004789,TMB-WQL,DEV-TMBWQL-1,2021-07-01T00:00:00,2021-07-31T23:59:59,95.0,81.0,routine inspection,,ECO-SERVICE-3,closed,False,False,False
DOP-0004790,TMB-WQL,DEV-TMBWQL-1,2021-08-01T00:00:00,2021-08-31T23:59:59,92.3,83.2,routine inspection,,ECO-SERVICE-3,closed,False,False,False
DOP-0004791,TMB-WQL,DEV-TMBWQL-1,2021-09-01T00:00:00,2021-09-30T23:59:59,100.0,83.6,routine inspection,,ECO-SERVICE-3,closed,False,False,False
DOP-0004792,TMB-WQL,DEV-TMBWQL-1,2021-10-01T00:00:00,2021-10-31T23:59:59,100.0,79.4,routine inspection,,ECO-SERVICE-3,closed,False,False,False
DOP-0004793,TMB-WQL,DEV-TMBWQL-1,2021-11-01T00:00:00,2021-11-30T23:59:59,98.8,72.3,routine inspection,,ECO-SERVICE-3,closed,False,False,False
DOP-0004794,TMB-WQL,DEV-TMBWQL-1,2021-12-01T00:00:00,2021-12-31T23:59:59,88.9,90.7,routine inspection,,ECO-SERVICE-3,closed,False,False,False
DOP-0004795,TMB-WQL,DEV-TMBWQL-1,2022-01-01T00:00:00,2022-01-31T23:59:59,86.9,80.9,routine inspection,,ECO-SERVICE-3,closed,False,False,False
DOP-0004796,TMB-WQL,DEV-TMBWQL-1,2022-02-01T00:00:00,2022-02-28T23:59:59,89.3,77.9,routine inspection,,ECO-SERVICE-3,closed,False,False,False
DOP-0004797,TMB-WQL,DEV-TMBWQL-1,2022-03-01T00:00:00,2022-03-31T23:59:59,72.6,62.7,corrective maintenance,MICROPHONE_DRIFT,ECO-SERVICE-3,closed,True,False,False
DOP-0004798,TMB-WQL,DEV-TMBWQL-1,2022-04-01T00:00:00,2022-04-30T23:59:59,88.6,88.8,routine inspection,,ECO-SERVICE-3,closed,False,False,False
DOP-0004799,TMB-WQL,DEV-TMBWQL-1,2022-05-01T00:00:00,2022-05-31T23:59:59,79.7,72.1,routine inspection,,ECO-SERVICE-3,closed,False,False,False
DOP-0004800,TMB-WQL,DEV-TMBWQL-1,2022-06-01T00:00:00,2022-06-30T23:59:59,94.6,83.6,routine inspection,,ECO-SERVICE-3,closed,False,False,False
DOP-0004801,TMB-WQL,DEV-TMBWQL-1,2022-07-01T00:00:00,2022-07-31T23:59:59,100.0,82.0,routine inspection,,ECO-SERVICE-3,closed,False,False,False
DOP-0004802,TMB-WQL,DEV-TMBWQL-1,2022-08-01T00:00:00,2022-08-31T23:59:59,91.0,80.4,routine inspection,,ECO-SERVICE-3,closed,False,False,False
DOP-0004803,TMB-WQL,DEV-TMBWQL-1,2022-09-01T00:00:00,2022-09-30T23:59:59,97.1,81.7,routine inspection,,ECO-SERVICE-3,closed,False,False,False
DOP-0004804,TMB-WQL,DEV-TMBWQL-1,2022-10-01T00:00:00,2022-10-31T23:59:59,87.2,90.5,routine inspection,,ECO-SERVICE-3,closed,False,False,False
DOP-0004805,TMB-WQL,DEV-TMBWQL-1,2022-11-01T00:00:00,2022-11-30T23:59:59,96.5,81.4,routine inspection,,ECO-SERVICE-3,closed,False,False,False
DOP-0004806,TMB-WQL,DEV-TMBWQL-1,2022-12-01T00:00:00,2022-12-31T23:59:59,86.8,81.4,routine inspection,,ECO-SERVICE-3,closed,False,False,False
DOP-0004807,TMB-WQL,DEV-TMBWQL-1,2023-01-01T00:00:00,2023-01-31T23:59:59,84.0,71.0,corrective maintenance,POWER_INTERRUPTION,ECO-SERVICE-3,closed,False,True,False
DOP-0004808,TMB-WQL,DEV-TMBWQL-1,2023-02-01T00:00:00,2023-02-28T23:59:59,97.9,83.0,routine inspection,,ECO-SERVICE-3,closed,False,False,False
DOP-0004809,TMB-WQL,DEV-TMBWQL-1,2023-03-01T00:00:00,2023-03-31T23:59:59,96.4,58.5,routine inspection,,ECO-SERVICE-3,closed,False,False,False
DOP-0004810,TMB-WQL,DEV-TMBWQL-1,2023-04-01T00:00:00,2023-04-30T23:59:59,92.9,93.4,routine inspection,,ECO-SERVICE-3,closed,False,False,False
DOP-0004811,TMB-WQL,DEV-TMBWQL-1,2023-05-01T00:00:00,2023-05-31T23:59:59,92.9,78.7,routine inspection,,ECO-SERVICE-3,closed,False,False,False
DOP-0004812,TMB-WQL,DEV-TMBWQL-1,2023-06-01T00:00:00,2023-06-30T23:59:59,86.8,77.8,routine inspection,,ECO-SERVICE-3,closed,False,False,False
DOP-0004813,TMB-WQL,DEV-TMBWQL-1,2023-07-01T00:00:00,2023-07-31T23:59:59,87.6,77.0,routine inspection,,ECO-SERVICE-3,closed,False,False,False
DOP-0004814,TMB-WQL,DEV-TMBWQL-1,2023-08-01T00:00:00,2023-08-31T23:59:59,98.2,71.3,routine inspection,,ECO-SERVICE-3,closed,False,False,False
DOP-0004815,TMB-WQL,DEV-TMBWQL-1,2023-09-01T00:00:00,2023-09-30T23:59:59,90.8,85.3,routine inspection,,ECO-SERVICE-3,closed,False,False,False
DOP-0004816,TMB-WQL,DEV-TMBWQL-1,2023-10-01T00:00:00,2023-10-31T23:59:59,92.1,87.0,routine inspection,,ECO-SERVICE-3,closed,False,False,False
DOP-0004817,TMB-WQL,DEV-TMBWQL-1,2023-11-01T00:00:00,2023-11-30T23:59:59,96.3,80.1,routine inspection,,ECO-SERVICE-3,closed,False,False,False
DOP-0004818,TMB-WQL,DEV-TMBWQL-1,2023-12-01T00:00:00,2023-12-31T23:59:59,93.0,66.6,routine inspection,,ECO-SERVICE-3,closed,False,False,False
DOP-0004819,TMB-WQL,DEV-TMBWQL-1,2024-01-01T00:00:00,2024-01-31T23:59:59,89.4,72.2,routine inspection,,ECO-SERVICE-3,closed,False,False,False
DOP-0004820,TMB-WQL,DEV-TMBWQL-1,2024-02-01T00:00:00,2024-02-29T23:59:59,97.9,67.5,routine inspection,,ECO-SERVICE-3,closed,False,False,False
DOP-0004821,TMB-WQL,DEV-TMBWQL-1,2024-03-01T00:00:00,2024-03-31T23:59:59,90.4,87.5,routine inspection,,ECO-SERVICE-3,closed,False,False,False
DOP-0004822,TMB-WQL,DEV-TMBWQL-1,2024-04-01T00:00:00,2024-04-30T23:59:59,86.7,82.0,routine inspection,,ECO-SERVICE-3,closed,False,False,False
DOP-0004823,TMB-WQL,DEV-TMBWQL-1,2024-05-01T00:00:00,2024-05-31T23:59:59,93.5,83.4,routine inspection,,ECO-SERVICE-3,closed,False,False,False
DOP-0004824,TMB-WQL,DEV-TMBWQL-1,2024-06-01T00:00:00,2024-06-30T23:59:59,55.2,72.6,corrective maintenance,STORAGE_LIMIT,ECO-SERVICE-3,closed,False,False,True
DOP-0004825,TMB-WQL,DEV-TMBWQL-1,2024-07-01T00:00:00,2024-07-31T23:59:59,91.4,85.8,routine inspection,,ECO-SERVICE-3,closed,False,False,False
DOP-0004826,TMB-WQL,DEV-TMBWQL-1,2024-08-01T00:00:00,2024-08-31T23:59:59,96.6,72.4,routine inspection,,ECO-SERVICE-3,closed,False,False,False
DOP-0004827,TMB-WQL,DEV-TMBWQL-1,2024-09-01T00:00:00,2024-09-30T23:59:59,96.5,68.6,routine inspection,,ECO-SERVICE-3,closed,False,False,False
DOP-0004828,TMB-WQL,DEV-TMBWQL-1,2024-10-01T00:00:00,2024-10-31T23:59:59,90.1,92.2,routine inspection,,ECO-SERVICE-3,closed,False,False,False
DOP-0004829,TMB-WQL,DEV-TMBWQL-1,2024-11-01T00:00:00,2024-11-30T23:59:59,99.2,70.8,routine inspection,,ECO-SERVICE-3,closed,False,False,False
DOP-0004830,TMB-WQL,DEV-TMBWQL-1,2024-12-01T00:00:00,2024-12-31T23:59:59,100.0,76.9,routine inspection,,ECO-SERVICE-3,closed,False,False,False
DOP-0004831,TMB-WQL,DEV-TMBWQL-1,2025-01-01T00:00:00,2025-01-31T23:59:59,100.0,85.4,routine inspection,,ECO-SERVICE-3,closed,False,False,False
DOP-0004832,TMB-WQL,DEV-TMBWQL-1,2025-02-01T00:00:00,2025-02-28T23:59:59,92.8,81.3,routine inspection,,ECO-SERVICE-3,closed,False,False,False
DOP-0004833,TMB-WQL,DEV-TMBWQL-1,2025-03-01T00:00:00,2025-03-31T23:59:59,88.9,95.5,routine inspection,,ECO-SERVICE-3,closed,False,False,False
DOP-0004834,TMB-WQL,DEV-TMBWQL-1,2025-04-01T00:00:00,2025-04-30T23:59:59,89.8,83.4,routine inspection,,ECO-SERVICE-3,closed,False,False,False
DOP-0004835,TMB-WQL,DEV-TMBWQL-1,2025-05-01T00:00:00,2025-05-31T23:59:59,99.9,81.5,routine inspection,,ECO-SERVICE-3,closed,False,False,False
DOP-0004836,TMB-WQL,DEV-TMBWQL-1,2025-06-01T00:00:00,2025-06-30T23:59:59,99.7,94.2,routine inspection,,ECO-SERVICE-3,closed,False,False,False
DOP-0004837,TMB-QCB,DEV-TMBQCB-2,2019-01-01T00:00:00,2019-01-31T23:59:59,99.7,75.7,routine inspection,,ECO-SERVICE-4,closed,False,False,False
DOP-0004838,TMB-QCB,DEV-TMBQCB-2,2019-02-01T00:00:00,2019-02-28T23:59:59,92.0,80.9,routine inspection,,ECO-SERVICE-4,closed,False,False,False
DOP-0004839,TMB-QCB,DEV-TMBQCB-2,2019-03-01T00:00:00,2019-03-31T23:59:59,90.3,75.7,routine inspection,,ECO-SERVICE-4,closed,False,False,False
DOP-0004840,TMB-QCB,DEV-TMBQCB-2,2019-04-01T00:00:00,2019-04-30T23:59:59,92.4,67.7,routine inspection,,ECO-SERVICE-4,closed,False,False,False
DOP-0004841,TMB-QCB,DEV-TMBQCB-2,2019-05-01T00:00:00,2019-05-31T23:59:59,100.0,67.5,routine inspection,,ECO-SERVICE-4,closed,False,False,False
DOP-0004842,TMB-QCB,DEV-TMBQCB-2,2019-06-01T00:00:00,2019-06-30T23:59:59,100.0,76.7,routine inspection,,ECO-SERVICE-4,closed,False,False,False
DOP-0004843,TMB-QCB,DEV-TMBQCB-2,2019-07-01T00:00:00,2019-07-31T23:59:59,100.0,83.7,routine inspection,,ECO-SERVICE-4,closed,False,False,False
DOP-0004844,TMB-QCB,DEV-TMBQCB-2,2019-08-01T00:00:00,2019-08-31T23:59:59,98.2,74.9,routine inspection,,ECO-SERVICE-4,closed,False,False,False
DOP-0004845,TMB-QCB,DEV-TMBQCB-2,2019-09-01T00:00:00,2019-09-30T23:59:59,91.1,80.4,routine inspection,,ECO-SERVICE-4,closed,False,False,False
DOP-0004846,TMB-QCB,DEV-TMBQCB-2,2019-10-01T00:00:00,2019-10-31T23:59:59,76.0,70.3,corrective maintenance,MICROPHONE_DRIFT,ECO-SERVICE-4,closed,True,False,False
DOP-0004847,TMB-QCB,DEV-TMBQCB-2,2019-11-01T00:00:00,2019-11-30T23:59:59,93.2,79.9,routine inspection,,ECO-SERVICE-4,closed,False,False,False
DOP-0004848,TMB-QCB,DEV-TMBQCB-2,2019-12-01T00:00:00,2019-12-31T23:59:59,87.5,79.0,routine inspection,,ECO-SERVICE-4,closed,False,False,False
DOP-0004849,TMB-QCB,DEV-TMBQCB-2,2020-01-01T00:00:00,2020-01-31T23:59:59,96.7,75.4,routine inspection,,ECO-SERVICE-4,closed,False,False,False
DOP-0004850,TMB-QCB,DEV-TMBQCB-2,2020-02-01T00:00:00,2020-02-29T23:59:59,95.5,84.2,routine inspection,,ECO-SERVICE-4,closed,False,False,False
DOP-0004851,TMB-QCB,DEV-TMBQCB-2,2020-03-01T00:00:00,2020-03-31T23:59:59,93.6,83.1,routine inspection,,ECO-SERVICE-4,closed,False,False,False
DOP-0004852,TMB-QCB,DEV-TMBQCB-2,2020-04-01T00:00:00,2020-04-30T23:59:59,98.9,84.4,routine inspection,,ECO-SERVICE-4,closed,False,False,False
DOP-0004853,TMB-QCB,DEV-TMBQCB-2,2020-05-01T00:00:00,2020-05-31T23:59:59,97.9,85.9,routine inspection,,ECO-SERVICE-4,closed,False,False,False
DOP-0004854,TMB-QCB,DEV-TMBQCB-2,2020-06-01T00:00:00,2020-06-30T23:59:59,91.2,85.1,routine inspection,,ECO-SERVICE-4,closed,False,False,False
DOP-0004855,TMB-QCB,DEV-TMBQCB-2,2020-07-01T00:00:00,2020-07-31T23:59:59,89.8,82.9,routine inspection,,ECO-SERVICE-4,closed,False,False,False
DOP-0004856,TMB-QCB,DEV-TMBQCB-2,2020-08-01T00:00:00,2020-08-31T23:59:59,82.3,78.7,routine inspection,,ECO-SERVICE-4,closed,False,False,False
DOP-0004857,TMB-QCB,DEV-TMBQCB-2,2020-09-01T00:00:00,2020-09-30T23:59:59,90.3,85.7,routine inspection,,ECO-SERVICE-4,closed,False,False,False
DOP-0004858,TMB-QCB,DEV-TMBQCB-2,2020-10-01T00:00:00,2020-10-31T23:59:59,96.7,78.5,routine inspection,,ECO-SERVICE-4,closed,False,False,False
DOP-0004859,TMB-QCB,DEV-TMBQCB-2,2020-11-01T00:00:00,2020-11-30T23:59:59,96.5,78.6,routine inspection,,ECO-SERVICE-4,closed,False,False,False
DOP-0004860,TMB-QCB,DEV-TMBQCB-2,2020-12-01T00:00:00,2020-12-31T23:59:59,91.6,90.2,routine inspection,,ECO-SERVICE-4,closed,False,False,False
DOP-0004861,TMB-QCB,DEV-TMBQCB-2,2021-01-01T00:00:00,2021-01-31T23:59:59,93.8,74.3,routine inspection,,ECO-SERVICE-4,closed,False,False,False
DOP-0004862,TMB-QCB,DEV-TMBQCB-2,2021-02-01T00:00:00,2021-02-28T23:59:59,92.8,78.2,routine inspection,,ECO-SERVICE-4,closed,False,False,False
DOP-0004863,TMB-QCB,DEV-TMBQCB-2,2021-03-01T00:00:00,2021-03-31T23:59:59,99.4,88.2,routine inspection,,ECO-SERVICE-4,closed,False,False,False
DOP-0004864,TMB-QCB,DEV-TMBQCB-2,2021-04-01T00:00:00,2021-04-30T23:59:59,100.0,72.1,routine inspection,,ECO-SERVICE-4,closed,False,False,False
DOP-0004865,TMB-QCB,DEV-TMBQCB-2,2021-05-01T00:00:00,2021-05-31T23:59:59,100.0,81.8,routine inspection,,ECO-SERVICE-4,closed,False,False,False
DOP-0004866,TMB-QCB,DEV-TMBQCB-2,2021-06-01T00:00:00,2021-06-30T23:59:59,98.5,71.8,routine inspection,,ECO-SERVICE-4,closed,False,False,False
DOP-0004867,TMB-QCB,DEV-TMBQCB-2,2021-07-01T00:00:00,2021-07-31T23:59:59,100.0,90.6,routine inspection,,ECO-SERVICE-4,closed,False,False,False
DOP-0004868,TMB-QCB,DEV-TMBQCB-2,2021-08-01T00:00:00,2021-08-31T23:59:59,92.3,100.0,routine inspection,,ECO-SERVICE-4,closed,False,False,False
DOP-0004869,TMB-QCB,DEV-TMBQCB-2,2021-09-01T00:00:00,2021-09-30T23:59:59,92.2,86.8,routine inspection,,ECO-SERVICE-4,closed,False,False,False
DOP-0004870,TMB-QCB,DEV-TMBQCB-2,2021-10-01T00:00:00,2021-10-31T23:59:59,89.5,79.3,routine inspection,,ECO-SERVICE-4,closed,False,False,False
DOP-0004871,TMB-QCB,DEV-TMBQCB-2,2021-11-01T00:00:00,2021-11-30T23:59:59,91.1,85.4,routine inspection,,ECO-SERVICE-4,closed,False,False,False
DOP-0004872,TMB-QCB,DEV-TMBQCB-2,2021-12-01T00:00:00,2021-12-31T23:59:59,99.5,74.7,routine inspection,,ECO-SERVICE-4,closed,False,False,False
DOP-0004873,TMB-QCB,DEV-TMBQCB-2,2022-01-01T00:00:00,2022-01-31T23:59:59,91.6,64.4,routine inspection,,ECO-SERVICE-4,closed,False,False,False
DOP-0004874,TMB-QCB,DEV-TMBQCB-2,2022-02-01T00:00:00,2022-02-28T23:59:59,82.8,71.7,routine inspection,,ECO-SERVICE-4,closed,False,False,False
DOP-0004875,TMB-QCB,DEV-TMBQCB-2,2022-03-01T00:00:00,2022-03-31T23:59:59,96.2,100.0,routine inspection,,ECO-SERVICE-4,closed,False,False,False
DOP-0004876,TMB-QCB,DEV-TMBQCB-2,2022-04-01T00:00:00,2022-04-30T23:59:59,93.9,68.8,routine inspection,,ECO-SERVICE-4,closed,False,False,False
DOP-0004877,TMB-QCB,DEV-TMBQCB-2,2022-05-01T00:00:00,2022-05-31T23:59:59,99.0,73.3,routine inspection,,ECO-SERVICE-4,closed,False,False,False
DOP-0004878,TMB-QCB,DEV-TMBQCB-2,2022-06-01T00:00:00,2022-06-30T23:59:59,85.5,87.0,routine inspection,,ECO-SERVICE-4,closed,False,False,False
DOP-0004879,TMB-QCB,DEV-TMBQCB-2,2022-07-01T00:00:00,2022-07-31T23:59:59,86.0,78.5,routine inspection,,ECO-SERVICE-4,closed,False,False,False
DOP-0004880,TMB-QCB,DEV-TMBQCB-2,2022-08-01T00:00:00,2022-08-31T23:59:59,98.4,97.3,routine inspection,,ECO-SERVICE-4,closed,False,False,False
DOP-0004881,TMB-QCB,DEV-TMBQCB-2,2022-09-01T00:00:00,2022-09-30T23:59:59,98.1,70.0,routine inspection,,ECO-SERVICE-4,closed,False,False,False
DOP-0004882,TMB-QCB,DEV-TMBQCB-2,2022-10-01T00:00:00,2022-10-31T23:59:59,91.5,89.5,routine inspection,,ECO-SERVICE-4,closed,False,False,False
DOP-0004883,TMB-QCB,DEV-TMBQCB-2,2022-11-01T00:00:00,2022-11-30T23:59:59,99.1,86.3,routine inspection,,ECO-SERVICE-4,closed,False,False,False
DOP-0004884,TMB-QCB,DEV-TMBQCB-2,2022-12-01T00:00:00,2022-12-31T23:59:59,95.1,80.4,routine inspection,,ECO-SERVICE-4,closed,False,False,False
DOP-0004885,TMB-QCB,DEV-TMBQCB-2,2023-01-01T00:00:00,2023-01-31T23:59:59,95.6,81.2,routine inspection,,ECO-SERVICE-4,closed,False,False,False
DOP-0004886,TMB-QCB,DEV-TMBQCB-2,2023-02-01T00:00:00,2023-02-28T23:59:59,89.8,76.3,routine inspection,,ECO-SERVICE-4,closed,False,False,False
DOP-0004887,TMB-QCB,DEV-TMBQCB-2,2023-03-01T00:00:00,2023-03-31T23:59:59,93.2,74.7,routine inspection,,ECO-SERVICE-4,closed,False,False,False
DOP-0004888,TMB-QCB,DEV-TMBQCB-2,2023-04-01T00:00:00,2023-04-30T23:59:59,94.8,72.5,routine inspection,,ECO-SERVICE-4,closed,False,False,False
DOP-0004889,TMB-QCB,DEV-TMBQCB-2,2023-05-01T00:00:00,2023-05-31T23:59:59,92.2,86.3,routine inspection,,ECO-SERVICE-4,closed,False,False,False
DOP-0004890,TMB-QCB,DEV-TMBQCB-2,2023-06-01T00:00:00,2023-06-30T23:59:59,89.8,94.0,routine inspection,,ECO-SERVICE-4,closed,False,False,False
DOP-0004891,TMB-QCB,DEV-TMBQCB-2,2023-07-01T00:00:00,2023-07-31T23:59:59,82.0,89.6,routine inspection,,ECO-SERVICE-4,closed,False,False,False
DOP-0004892,TMB-QCB,DEV-TMBQCB-2,2023-08-01T00:00:00,2023-08-31T23:59:59,89.0,80.5,routine inspection,,ECO-SERVICE-4,closed,False,False,False
DOP-0004893,TMB-QCB,DEV-TMBQCB-2,2023-09-01T00:00:00,2023-09-30T23:59:59,94.9,76.4,routine inspection,,ECO-SERVICE-4,closed,False,False,False
DOP-0004894,TMB-QCB,DEV-TMBQCB-2,2023-10-01T00:00:00,2023-10-31T23:59:59,92.7,84.9,routine inspection,,ECO-SERVICE-4,closed,False,False,False
DOP-0004895,TMB-QCB,DEV-TMBQCB-2,2023-11-01T00:00:00,2023-11-30T23:59:59,100.0,89.7,routine inspection,,ECO-SERVICE-4,closed,False,False,False
DOP-0004896,TMB-QCB,DEV-TMBQCB-2,2023-12-01T00:00:00,2023-12-31T23:59:59,92.7,72.8,routine inspection,,ECO-SERVICE-4,closed,False,False,False
DOP-0004897,TMB-QCB,DEV-TMBQCB-2,2024-01-01T00:00:00,2024-01-31T23:59:59,88.2,74.2,routine inspection,,ECO-SERVICE-4,closed,False,False,False
DOP-0004898,TMB-QCB,DEV-TMBQCB-2,2024-02-01T00:00:00,2024-02-29T23:59:59,97.2,82.6,routine inspection,,ECO-SERVICE-4,closed,False,False,False
DOP-0004899,TMB-QCB,DEV-TMBQCB-2,2024-03-01T00:00:00,2024-03-31T23:59:59,93.7,80.6,routine inspection,,ECO-SERVICE-4,closed,False,False,False
DOP-0004900,TMB-QCB,DEV-TMBQCB-2,2024-04-01T00:00:00,2024-04-30T23:59:59,93.0,71.4,routine inspection,,ECO-SERVICE-4,closed,False,False,False
DOP-0004901,TMB-QCB,DEV-TMBQCB-2,2024-05-01T00:00:00,2024-05-31T23:59:59,97.1,74.6,routine inspection,,ECO-SERVICE-4,closed,False,False,False
DOP-0004902,TMB-QCB,DEV-TMBQCB-2,2024-06-01T00:00:00,2024-06-30T23:59:59,59.8,64.8,corrective maintenance,POWER_INTERRUPTION,ECO-SERVICE-4,closed,False,True,False
DOP-0004903,TMB-QCB,DEV-TMBQCB-2,2024-07-01T00:00:00,2024-07-31T23:59:59,94.8,81.0,routine inspection,,ECO-SERVICE-4,closed,False,False,False
DOP-0004904,TMB-QCB,DEV-TMBQCB-2,2024-08-01T00:00:00,2024-08-31T23:59:59,97.2,71.0,routine inspection,,ECO-SERVICE-4,closed,False,False,False
DOP-0004905,TMB-QCB,DEV-TMBQCB-2,2024-09-01T00:00:00,2024-09-30T23:59:59,95.0,78.3,routine inspection,,ECO-SERVICE-4,closed,False,False,False
DOP-0004906,TMB-QCB,DEV-TMBQCB-2,2024-10-01T00:00:00,2024-10-31T23:59:59,58.5,75.8,corrective maintenance,MICROPHONE_DRIFT,ECO-SERVICE-4,closed,True,False,False
DOP-0004907,TMB-QCB,DEV-TMBQCB-2,2024-11-01T00:00:00,2024-11-30T23:59:59,100.0,82.8,routine inspection,,ECO-SERVICE-4,closed,False,False,False
DOP-0004908,TMB-QCB,DEV-TMBQCB-2,2024-12-01T00:00:00,2024-12-31T23:59:59,88.3,70.2,routine inspection,,ECO-SERVICE-4,closed,False,False,False
DOP-0004909,TMB-QCB,DEV-TMBQCB-2,2025-01-01T00:00:00,2025-01-31T23:59:59,92.0,79.1,routine inspection,,ECO-SERVICE-4,closed,False,False,False
DOP-0004910,TMB-QCB,DEV-TMBQCB-2,2025-02-01T00:00:00,2025-02-28T23:59:59,86.6,73.7,routine inspection,,ECO-SERVICE-4,closed,False,False,False
DOP-0004911,TMB-QCB,DEV-TMBQCB-2,2025-03-01T00:00:00,2025-03-31T23:59:59,89.7,68.2,routine inspection,,ECO-SERVICE-4,closed,False,False,False
DOP-0004912,TMB-QCB,DEV-TMBQCB-2,2025-04-01T00:00:00,2025-04-30T23:59:59,94.9,75.4,routine inspection,,ECO-SERVICE-4,closed,False,False,False
DOP-0004913,TMB-QCB,DEV-TMBQCB-2,2025-05-01T00:00:00,2025-05-31T23:59:59,92.4,80.8,routine inspection,,ECO-SERVICE-4,closed,False,False,False
DOP-0004914,TMB-QCB,DEV-TMBQCB-2,2025-06-01T00:00:00,2025-06-30T23:59:59,96.5,83.3,routine inspection,,ECO-SERVICE-4,closed,False,False,False
DOP-0004915,TMB-DLQ,DEV-TMBDLQ-3,2019-01-01T00:00:00,2019-01-31T23:59:59,98.0,72.7,routine inspection,,ECO-SERVICE-1,closed,False,False,False
DOP-0004916,TMB-DLQ,DEV-TMBDLQ-3,2019-02-01T00:00:00,2019-02-28T23:59:59,97.2,79.0,routine inspection,,ECO-SERVICE-1,closed,False,False,False
DOP-0004917,TMB-DLQ,DEV-TMBDLQ-3,2019-03-01T00:00:00,2019-03-31T23:59:59,90.9,73.9,routine inspection,,ECO-SERVICE-1,closed,False,False,False
DOP-0004918,TMB-DLQ,DEV-TMBDLQ-3,2019-04-01T00:00:00,2019-04-30T23:59:59,99.9,87.2,routine inspection,,ECO-SERVICE-1,closed,False,False,False
DOP-0004919,TMB-DLQ,DEV-TMBDLQ-3,2019-05-01T00:00:00,2019-05-31T23:59:59,90.4,75.2,routine inspection,,ECO-SERVICE-1,closed,False,False,False
DOP-0004920,TMB-DLQ,DEV-TMBDLQ-3,2019-06-01T00:00:00,2019-06-30T23:59:59,91.4,82.7,routine inspection,,ECO-SERVICE-1,closed,False,False,False
DOP-0004921,TMB-DLQ,DEV-TMBDLQ-3,2019-07-01T00:00:00,2019-07-31T23:59:59,96.6,94.5,routine inspection,,ECO-SERVICE-1,closed,False,False,False
DOP-0004922,TMB-DLQ,DEV-TMBDLQ-3,2019-08-01T00:00:00,2019-08-31T23:59:59,87.1,83.3,routine inspection,,ECO-SERVICE-1,closed,False,False,False
DOP-0004923,TMB-DLQ,DEV-TMBDLQ-3,2019-09-01T00:00:00,2019-09-30T23:59:59,96.0,92.4,routine inspection,,ECO-SERVICE-1,closed,False,False,False
DOP-0004924,TMB-DLQ,DEV-TMBDLQ-3,2019-10-01T00:00:00,2019-10-31T23:59:59,95.7,87.3,routine inspection,,ECO-SERVICE-1,closed,False,False,False
DOP-0004925,TMB-DLQ,DEV-TMBDLQ-3,2019-11-01T00:00:00,2019-11-30T23:59:59,99.7,92.8,routine inspection,,ECO-SERVICE-1,closed,False,False,False
DOP-0004926,TMB-DLQ,DEV-TMBDLQ-3,2019-12-01T00:00:00,2019-12-31T23:59:59,93.9,75.3,routine inspection,,ECO-SERVICE-1,closed,False,False,False
DOP-0004927,TMB-DLQ,DEV-TMBDLQ-3,2020-01-01T00:00:00,2020-01-31T23:59:59,95.1,69.3,routine inspection,,ECO-SERVICE-1,closed,False,False,False
DOP-0004928,TMB-DLQ,DEV-TMBDLQ-3,2020-02-01T00:00:00,2020-02-29T23:59:59,98.1,82.9,routine inspection,,ECO-SERVICE-1,closed,False,False,False
DOP-0004929,TMB-DLQ,DEV-TMBDLQ-3,2020-03-01T00:00:00,2020-03-31T23:59:59,100.0,78.2,routine inspection,,ECO-SERVICE-1,closed,False,False,False
DOP-0004930,TMB-DLQ,DEV-TMBDLQ-3,2020-04-01T00:00:00,2020-04-30T23:59:59,93.9,85.7,routine inspection,,ECO-SERVICE-1,closed,False,False,False
DOP-0004931,TMB-DLQ,DEV-TMBDLQ-3,2020-05-01T00:00:00,2020-05-31T23:59:59,90.5,86.5,routine inspection,,ECO-SERVICE-1,closed,False,False,False
DOP-0004932,TMB-DLQ,DEV-TMBDLQ-3,2020-06-01T00:00:00,2020-06-30T23:59:59,95.9,78.8,routine inspection,,ECO-SERVICE-1,closed,False,False,False
DOP-0004933,TMB-DLQ,DEV-TMBDLQ-3,2020-07-01T00:00:00,2020-07-31T23:59:59,95.9,82.6,routine inspection,,ECO-SERVICE-1,closed,False,False,False
DOP-0004934,TMB-DLQ,DEV-TMBDLQ-3,2020-08-01T00:00:00,2020-08-31T23:59:59,92.0,78.7,routine inspection,,ECO-SERVICE-1,closed,False,False,False
DOP-0004935,TMB-DLQ,DEV-TMBDLQ-3,2020-09-01T00:00:00,2020-09-30T23:59:59,92.3,73.5,routine inspection,,ECO-SERVICE-1,closed,False,False,False
DOP-0004936,TMB-DLQ,DEV-TMBDLQ-3,2020-10-01T00:00:00,2020-10-31T23:59:59,90.7,73.2,routine inspection,,ECO-SERVICE-1,closed,False,False,False
DOP-0004937,TMB-DLQ,DEV-TMBDLQ-3,2020-11-01T00:00:00,2020-11-30T23:59:59,95.2,72.1,routine inspection,,ECO-SERVICE-1,closed,False,False,False
DOP-0004938,TMB-DLQ,DEV-TMBDLQ-3,2020-12-01T00:00:00,2020-12-31T23:59:59,91.3,68.4,routine inspection,,ECO-SERVICE-1,closed,False,False,False
DOP-0004939,TMB-DLQ,DEV-TMBDLQ-3,2021-01-01T00:00:00,2021-01-31T23:59:59,91.5,73.0,routine inspection,,ECO-SERVICE-1,closed,False,False,False
DOP-0004940,TMB-DLQ,DEV-TMBDLQ-3,2021-02-01T00:00:00,2021-02-28T23:59:59,100.0,78.1,routine inspection,,ECO-SERVICE-1,closed,False,False,False
DOP-0004941,TMB-DLQ,DEV-TMBDLQ-3,2021-03-01T00:00:00,2021-03-31T23:59:59,89.3,81.7,routine inspection,,ECO-SERVICE-1,closed,False,False,False
DOP-0004942,TMB-DLQ,DEV-TMBDLQ-3,2021-04-01T00:00:00,2021-04-30T23:59:59,99.8,81.1,routine inspection,,ECO-SERVICE-1,closed,False,False,False
DOP-0004943,TMB-DLQ,DEV-TMBDLQ-3,2021-05-01T00:00:00,2021-05-31T23:59:59,81.9,79.8,routine inspection,,ECO-SERVICE-1,closed,False,False,False
DOP-0004944,TMB-DLQ,DEV-TMBDLQ-3,2021-06-01T00:00:00,2021-06-30T23:59:59,86.1,80.7,routine inspection,,ECO-SERVICE-1,closed,False,False,False
DOP-0004945,TMB-DLQ,DEV-TMBDLQ-3,2021-07-01T00:00:00,2021-07-31T23:59:59,94.2,78.6,routine inspection,,ECO-SERVICE-1,closed,False,False,False
DOP-0004946,TMB-DLQ,DEV-TMBDLQ-3,2021-08-01T00:00:00,2021-08-31T23:59:59,89.1,74.2,routine inspection,,ECO-SERVICE-1,closed,False,False,False
DOP-0004947,TMB-DLQ,DEV-TMBDLQ-3,2021-09-01T00:00:00,2021-09-30T23:59:59,97.1,86.3,routine inspection,,ECO-SERVICE-1,closed,False,False,False
DOP-0004948,TMB-DLQ,DEV-TMBDLQ-3,2021-10-01T00:00:00,2021-10-31T23:59:59,93.4,71.1,routine inspection,,ECO-SERVICE-1,closed,False,False,False
DOP-0004949,TMB-DLQ,DEV-TMBDLQ-3,2021-11-01T00:00:00,2021-11-30T23:59:59,99.8,85.3,routine inspection,,ECO-SERVICE-1,closed,False,False,False
DOP-0004950,TMB-DLQ,DEV-TMBDLQ-3,2021-12-01T00:00:00,2021-12-31T23:59:59,81.0,85.1,routine inspection,,ECO-SERVICE-1,closed,False,False,False
DOP-0004951,TMB-DLQ,DEV-TMBDLQ-3,2022-01-01T00:00:00,2022-01-31T23:59:59,72.3,82.0,corrective maintenance,STORAGE_LIMIT,ECO-SERVICE-1,closed,False,False,True
DOP-0004952,TMB-DLQ,DEV-TMBDLQ-3,2022-02-01T00:00:00,2022-02-28T23:59:59,98.9,70.9,routine inspection,,ECO-SERVICE-1,closed,False,False,False
DOP-0004953,TMB-DLQ,DEV-TMBDLQ-3,2022-03-01T00:00:00,2022-03-31T23:59:59,96.7,72.7,routine inspection,,ECO-SERVICE-1,closed,False,False,False
DOP-0004954,TMB-DLQ,DEV-TMBDLQ-3,2022-04-01T00:00:00,2022-04-30T23:59:59,83.3,100.0,routine inspection,,ECO-SERVICE-1,closed,False,False,False
DOP-0004955,TMB-DLQ,DEV-TMBDLQ-3,2022-05-01T00:00:00,2022-05-31T23:59:59,97.4,89.3,routine inspection,,ECO-SERVICE-1,closed,False,False,False
DOP-0004956,TMB-DLQ,DEV-TMBDLQ-3,2022-06-01T00:00:00,2022-06-30T23:59:59,88.2,74.6,routine inspection,,ECO-SERVICE-1,closed,False,False,False
DOP-0004957,TMB-DLQ,DEV-TMBDLQ-3,2022-07-01T00:00:00,2022-07-31T23:59:59,95.8,68.8,routine inspection,,ECO-SERVICE-1,closed,False,False,False
DOP-0004958,TMB-DLQ,DEV-TMBDLQ-3,2022-08-01T00:00:00,2022-08-31T23:59:59,93.9,80.8,routine inspection,,ECO-SERVICE-1,closed,False,False,False
DOP-0004959,TMB-DLQ,DEV-TMBDLQ-3,2022-09-01T00:00:00,2022-09-30T23:59:59,90.1,86.2,routine inspection,,ECO-SERVICE-1,closed,False,False,False
DOP-0004960,TMB-DLQ,DEV-TMBDLQ-3,2022-10-01T00:00:00,2022-10-31T23:59:59,90.7,86.8,routine inspection,,ECO-SERVICE-1,closed,False,False,False
DOP-0004961,TMB-DLQ,DEV-TMBDLQ-3,2022-11-01T00:00:00,2022-11-30T23:59:59,86.5,78.1,routine inspection,,ECO-SERVICE-1,closed,False,False,False
DOP-0004962,TMB-DLQ,DEV-TMBDLQ-3,2022-12-01T00:00:00,2022-12-31T23:59:59,90.6,78.8,routine inspection,,ECO-SERVICE-1,closed,False,False,False
DOP-0004963,TMB-DLQ,DEV-TMBDLQ-3,2023-01-01T00:00:00,2023-01-31T23:59:59,89.2,80.6,routine inspection,,ECO-SERVICE-1,closed,False,False,False
DOP-0004964,TMB-DLQ,DEV-TMBDLQ-3,2023-02-01T00:00:00,2023-02-28T23:59:59,93.6,72.8,routine inspection,,ECO-SERVICE-1,closed,False,False,False
DOP-0004965,TMB-DLQ,DEV-TMBDLQ-3,2023-03-01T00:00:00,2023-03-31T23:59:59,98.5,72.8,routine inspection,,ECO-SERVICE-1,closed,False,False,False
DOP-0004966,TMB-DLQ,DEV-TMBDLQ-3,2023-04-01T00:00:00,2023-04-30T23:59:59,86.6,70.0,routine inspection,,ECO-SERVICE-1,closed,False,False,False
DOP-0004967,TMB-DLQ,DEV-TMBDLQ-3,2023-05-01T00:00:00,2023-05-31T23:59:59,90.6,70.5,routine inspection,,ECO-SERVICE-1,closed,False,False,False
DOP-0004968,TMB-DLQ,DEV-TMBDLQ-3,2023-06-01T00:00:00,2023-06-30T23:59:59,90.7,82.2,routine inspection,,ECO-SERVICE-1,closed,False,False,False
DOP-0004969,TMB-DLQ,DEV-TMBDLQ-3,2023-07-01T00:00:00,2023-07-31T23:59:59,86.3,81.8,routine inspection,,ECO-SERVICE-1,closed,False,False,False
DOP-0004970,TMB-DLQ,DEV-TMBDLQ-3,2023-08-01T00:00:00,2023-08-31T23:59:59,85.5,79.0,routine inspection,,ECO-SERVICE-1,closed,False,False,False
DOP-0004971,TMB-DLQ,DEV-TMBDLQ-3,2023-09-01T00:00:00,2023-09-30T23:59:59,90.1,75.0,routine inspection,,ECO-SERVICE-1,closed,False,False,False
DOP-0004972,TMB-DLQ,DEV-TMBDLQ-3,2023-10-01T00:00:00,2023-10-31T23:59:59,98.7,84.5,routine inspection,,ECO-SERVICE-1,closed,False,False,False
DOP-0004973,TMB-DLQ,DEV-TMBDLQ-3,2023-11-01T00:00:00,2023-11-30T23:59:59,98.2,82.1,routine inspection,,ECO-SERVICE-1,closed,False,False,False
DOP-0004974,TMB-DLQ,DEV-TMBDLQ-3,2023-12-01T00:00:00,2023-12-31T23:59:59,96.9,63.8,routine inspection,,ECO-SERVICE-1,closed,False,False,False
DOP-0004975,TMB-DLQ,DEV-TMBDLQ-3,2024-01-01T00:00:00,2024-01-31T23:59:59,98.6,81.9,routine inspection,,ECO-SERVICE-1,closed,False,False,False
DOP-0004976,TMB-DLQ,DEV-TMBDLQ-3,2024-02-01T00:00:00,2024-02-29T23:59:59,88.9,71.8,routine inspection,,ECO-SERVICE-1,closed,False,False,False
DOP-0004977,TMB-DLQ,DEV-TMBDLQ-3,2024-03-01T00:00:00,2024-03-31T23:59:59,97.2,69.3,routine inspection,,ECO-SERVICE-1,closed,False,False,False
DOP-0004978,TMB-DLQ,DEV-TMBDLQ-3,2024-04-01T00:00:00,2024-04-30T23:59:59,96.1,85.8,routine inspection,,ECO-SERVICE-1,closed,False,False,False
DOP-0004979,TMB-DLQ,DEV-TMBDLQ-3,2024-05-01T00:00:00,2024-05-31T23:59:59,83.0,82.8,routine inspection,,ECO-SERVICE-1,closed,False,False,False
DOP-0004980,TMB-DLQ,DEV-TMBDLQ-3,2024-06-01T00:00:00,2024-06-30T23:59:59,91.6,83.1,routine inspection,,ECO-SERVICE-1,closed,False,False,False
DOP-0004981,TMB-DLQ,DEV-TMBDLQ-3,2024-07-01T00:00:00,2024-07-31T23:59:59,95.9,81.0,routine inspection,,ECO-SERVICE-1,closed,False,False,False
DOP-0004982,TMB-DLQ,DEV-TMBDLQ-3,2024-08-01T00:00:00,2024-08-31T23:59:59,95.3,94.4,routine inspection,,ECO-SERVICE-1,closed,False,False,False
DOP-0004983,TMB-DLQ,DEV-TMBDLQ-3,2024-09-01T00:00:00,2024-09-30T23:59:59,86.1,88.3,routine inspection,,ECO-SERVICE-1,closed,False,False,False
DOP-0004984,TMB-DLQ,DEV-TMBDLQ-3,2024-10-01T00:00:00,2024-10-31T23:59:59,93.5,76.1,routine inspection,,ECO-SERVICE-1,closed,False,False,False
DOP-0004985,TMB-DLQ,DEV-TMBDLQ-3,2024-11-01T00:00:00,2024-11-30T23:59:59,90.6,77.5,routine inspection,,ECO-SERVICE-1,closed,False,False,False
DOP-0004986,TMB-DLQ,DEV-TMBDLQ-3,2024-12-01T00:00:00,2024-12-31T23:59:59,86.3,76.7,routine inspection,,ECO-SERVICE-1,closed,False,False,False
DOP-0004987,TMB-DLQ,DEV-TMBDLQ-3,2025-01-01T00:00:00,2025-01-31T23:59:59,91.6,80.9,routine inspection,,ECO-SERVICE-1,closed,False,False,False
DOP-0004988,TMB-DLQ,DEV-TMBDLQ-3,2025-02-01T00:00:00,2025-02-28T23:59:59,93.3,64.7,routine inspection,,ECO-SERVICE-1,closed,False,False,False
DOP-0004989,TMB-DLQ,DEV-TMBDLQ-3,2025-03-01T00:00:00,2025-03-31T23:59:59,91.0,81.5,routine inspection,,ECO-SERVICE-1,closed,False,False,False
DOP-0004990,TMB-DLQ,DEV-TMBDLQ-3,2025-04-01T00:00:00,2025-04-30T23:59:59,95.5,72.5,routine inspection,,ECO-SERVICE-1,closed,False,False,False
DOP-0004991,TMB-DLQ,DEV-TMBDLQ-3,2025-05-01T00:00:00,2025-05-31T23:59:59,98.8,82.6,routine inspection,,ECO-SERVICE-1,closed,False,False,False
DOP-0004992,TMB-DLQ,DEV-TMBDLQ-3,2025-06-01T00:00:00,2025-06-30T23:59:59,88.8,99.2,routine inspection,,ECO-SERVICE-1,closed,False,False,False
