orchard_survey_id,site_code,survey_period,orchard_area_ha,durian_flower_density,fruit_set_rate_pct,durian_yield_kg,other_pollinator_activity,fertilizer_use_index,irrigation_level,agricultural_disturbance_note,agricultural_disturbance_note_  elevated  pesticide  application ,agricultural_disturbance_note_  storm-related  flower  loss ,agricultural_disturbance_note_elevated pesticide application,agricultural_disturbance_note_storm-related flower loss
ORC-0000001,AVL-MAR,2019-01-01,24.1,40.3,34.7,20400.8,55.2,27.1,38.4,,False,False,False,False
ORC-0000002,AVL-MAR,2019-02-01,24.1,33.8,41.6,17712.7,63.8,44.2,41.6,,False,False,False,False
ORC-0000003,AVL-MAR,2019-03-01,24.1,55.1,57.3,28900.5,77.4,35.2,45.6,,False,False,False,False
ORC-0000004,AVL-MAR,2019-04-01,24.1,90.2,48.7,21992.9,67.4,22.8,36.3,,False,False,False,False
ORC-0000005,AVL-MAR,2019-05-01,24.1,80.7,61.4,27213.5,62.9,31.9,40.7,,False,False,False,False
ORC-0000006,AVL-MAR,2019-06-01,24.1,95.5,60.5,32138.8,59.5,23.0,34.2,,False,False,False,False
ORC-0000007,AVL-MAR,2019-07-01,24.1,87.4,68.1,31964.6,65.4,35.7,32.5,,False,False,False,False
ORC-0000008,AVL-MAR,2019-08-01,24.1,45.9,48.3,23013.7,68.0,9.7,39.8,,False,False,False,False
ORC-0000009,AVL-MAR,2019-09-01,24.1,47.3,51.3,24029.1,72.1,38.1,29.8,,False,False,False,False
ORC-0000010,AVL-MAR,2019-10-01,24.1,48.5,51.9,25181.7,63.4,28.4,39.2,  storm-related  flower  loss ,False,True,False,False
ORC-0000011,AVL-MAR,2019-11-01,24.1,43.1,48.5,23324.7,68.9,34.2,43.0,,False,False,False,False
ORC-0000012,AVL-MAR,2019-12-01,24.1,40.7,40.5,18319.3,63.8,44.7,43.7,,False,False,False,False
ORC-0000013,AVL-MAR,2020-01-01,24.1,45.6,46.4,20119.4,51.6,20.0,29.7,,False,False,False,False
ORC-0000014,AVL-MAR,2020-02-01,24.1,38.1,51.9,23826.6,78.2,28.1,40.3,,False,False,False,False
ORC-0000015,AVL-MAR,2020-03-01,24.1,62.1,49.1,25683.6,67.7,48.6,69.3,,False,False,False,False
ORC-0000016,AVL-MAR,2020-04-01,24.1,100.0,66.0,30187.6,57.5,26.4,31.5,,False,False,False,False
ORC-0000017,AVL-MAR,2020-05-01,24.1,100.0,68.5,31284.9,68.4,53.0,28.7,,False,False,False,False
ORC-0000018,AVL-MAR,2020-06-01,24.1,91.8,51.0,22279.8,69.5,40.1,37.9,,False,False,False,False
ORC-0000019,AVL-MAR,2020-07-01,24.1,78.4,51.0,22497.0,46.6,39.8,28.8,,False,False,False,False
ORC-0000020,AVL-MAR,2020-08-01,24.1,58.8,61.3,28621.2,72.6,40.9,38.7,,False,False,False,False
ORC-0000021,AVL-MAR,2020-09-01,24.1,62.0,51.0,22325.9,64.2,29.1,42.5,,False,False,False,False
ORC-0000022,AVL-MAR,2020-10-01,24.1,66.3,50.9,25993.4,62.1,25.2,34.1,,False,False,False,False
ORC-0000023,AVL-MAR,2020-11-01,24.1,67.8,58.1,26896.1,60.5,5.0,44.2,,False,False,False,False
ORC-0000024,AVL-MAR,2020-12-01,24.1,44.8,44.9,22193.4,54.1,31.9,36.3,,False,False,False,False
ORC-0000025,AVL-MAR,2021-01-01,24.1,28.1,44.2,19588.8,74.5,30.5,35.2,,False,False,False,False
ORC-0000026,AVL-MAR,2021-02-01,24.1,22.4,47.0,18920.3,62.7,38.5,26.4,,False,False,False,False
ORC-0000027,AVL-MAR,2021-03-01,24.1,72.7,64.2,29543.7,66.7,37.8,41.1,,False,False,False,False
ORC-0000028,AVL-MAR,2021-04-01,24.1,95.7,65.8,30896.9,66.8,26.5,34.0,,False,False,False,False
ORC-0000029,AVL-MAR,2021-05-01,24.1,100.0,59.4,28351.8,73.6,33.6,44.5,,False,False,False,False
ORC-0000030,AVL-MAR,2021-06-01,24.1,92.7,49.0,21013.6,47.7,49.9,39.6,,False,False,False,False
ORC-0000031,AVL-MAR,2021-07-01,24.1,70.7,44.4,22733.0,64.2,19.5,31.6,,False,False,False,False
ORC-0000032,AVL-MAR,2021-08-01,24.1,55.0,51.9,22920.8,65.7,43.5,42.2,,False,False,False,False
ORC-0000033,AVL-MAR,2021-09-01,24.1,50.0,56.0,26293.9,75.3,40.0,24.0,,False,False,False,False
ORC-0000034,AVL-MAR,2021-10-01,24.1,53.3,51.5,22999.7,80.0,23.5,32.7,,False,False,False,False
ORC-0000035,AVL-MAR,2021-11-01,24.1,55.1,55.1,28046.6,63.4,42.9,28.1,,False,False,False,False
ORC-0000036,AVL-MAR,2021-12-01,24.1,52.6,54.6,27126.1,83.5,35.0,52.9,,False,False,False,False
ORC-0000037,AVL-MAR,2022-01-01,24.1,28.2,51.6,19666.4,77.4,21.8,32.3,,False,False,False,False
ORC-0000038,AVL-MAR,2022-02-01,24.1,29.4,33.7,16019.2,54.8,59.5,46.1,,False,False,False,False
ORC-0000039,AVL-MAR,2022-03-01,24.1,72.7,56.4,26328.1,55.7,48.5,53.0,,False,False,False,False
ORC-0000040,AVL-MAR,2022-04-01,24.1,100.0,59.1,24716.5,59.9,54.3,31.4,,False,False,False,False
ORC-0000041,AVL-MAR,2022-05-01,24.1,100.0,63.9,31193.0,69.1,40.1,30.0,,False,False,False,False
ORC-0000042,AVL-MAR,2022-06-01,24.1,99.3,63.1,30058.0,52.9,39.5,26.1,,False,False,False,False
ORC-0000043,AVL-MAR,2022-07-01,24.1,81.2,61.3,27500.7,58.4,40.2,36.4,,False,False,False,False
ORC-0000044,AVL-MAR,2022-08-01,24.1,44.8,46.1,19530.3,70.0,39.5,35.6,,False,False,False,False
ORC-0000045,AVL-MAR,2022-09-01,24.1,66.4,54.9,25893.9,65.5,39.1,58.8,,False,False,False,False
ORC-0000046,AVL-MAR,2022-10-01,24.1,49.9,44.6,19909.3,65.5,27.2,30.5,,False,False,False,False
ORC-0000047,AVL-MAR,2022-11-01,24.1,51.4,52.4,24842.4,58.0,37.9,24.5,,False,False,False,False
ORC-0000048,AVL-MAR,2022-12-01,24.1,57.7,63.0,26289.4,77.8,62.2,25.5,,False,False,False,False
ORC-0000049,AVL-MAR,2023-01-01,24.1,24.2,47.0,20393.6,65.0,50.2,35.2,,False,False,False,False
ORC-0000050,AVL-MAR,2023-02-01,24.1,29.9,47.8,20797.8,57.5,55.1,36.1,,False,False,False,False
ORC-0000051,AVL-MAR,2023-03-01,24.1,66.5,57.4,28607.0,69.0,59.3,45.5,,False,False,False,False
ORC-0000052,AVL-MAR,2023-04-01,24.1,81.8,55.7,27084.6,60.1,40.4,51.2,,False,False,False,False
ORC-0000053,AVL-MAR,2023-05-01,24.1,100.0,71.2,35446.4,63.0,49.1,30.0,,False,False,False,False
ORC-0000054,AVL-MAR,2023-06-01,24.1,95.6,55.7,21442.3,50.8,35.1,21.4,,False,False,False,False
ORC-0000055,AVL-MAR,2023-07-01,24.1,68.2,60.8,27178.8,62.7,29.2,32.8,,False,False,False,False
ORC-0000056,AVL-MAR,2023-08-01,24.1,46.7,43.7,21028.0,72.8,17.5,36.6,,False,False,False,False
ORC-0000057,AVL-MAR,2023-09-01,24.1,52.5,42.1,18877.3,60.4,38.1,39.4,,False,False,False,False
ORC-0000058,AVL-MAR,2023-10-01,24.1,49.4,60.4,26792.7,77.0,49.1,28.9,,False,False,False,False
ORC-0000059,AVL-MAR,2023-11-01,24.1,52.4,45.0,22503.7,62.0,50.2,43.6,,False,False,False,False
ORC-0000060,AVL-MAR,2023-12-01,24.1,38.1,48.5,25025.6,61.0,65.3,49.1,,False,False,False,False
ORC-0000061,AVL-MAR,2024-01-01,24.1,42.2,46.4,23074.5,71.8,43.3,59.5,,False,False,False,False
ORC-0000062,AVL-MAR,2024-02-01,24.1,35.6,45.2,20993.4,64.9,43.9,44.3,,False,False,False,False
ORC-0000063,AVL-MAR,2024-03-01,24.1,51.9,56.2,25849.5,58.9,28.2,81.0,,False,False,False,False
ORC-0000064,AVL-MAR,2024-04-01,24.1,68.3,61.2,25425.3,55.4,26.6,33.5,,False,False,False,False
ORC-0000065,AVL-MAR,2024-05-01,24.1,98.3,71.4,35730.0,73.8,36.2,32.4,,False,False,False,False
ORC-0000066,AVL-MAR,2024-06-01,24.1,98.7,66.2,29618.6,67.0,28.7,25.9,,False,False,False,False
ORC-0000067,AVL-MAR,2024-07-01,24.1,86.2,56.7,25126.5,63.2,60.8,50.2,,False,False,False,False
ORC-0000068,AVL-MAR,2024-08-01,24.1,55.6,58.0,26697.1,65.4,57.7,44.2,,False,False,False,False
ORC-0000069,AVL-MAR,2024-09-01,24.1,57.5,56.8,31044.4,66.9,45.0,46.9,,False,False,False,False
ORC-0000070,AVL-MAR,2024-10-01,24.1,38.3,42.7,23061.7,65.7,22.2,31.4,,False,False,False,False
ORC-0000071,AVL-MAR,2024-11-01,24.1,48.6,49.2,21134.2,66.2,41.1,35.2,,False,False,False,False
ORC-0000072,AVL-MAR,2024-12-01,24.1,45.1,56.5,26051.1,65.7,23.8,42.1,,False,False,False,False
ORC-0000073,AVL-MAR,2025-01-01,24.1,39.3,41.1,19094.2,46.6,39.0,41.3,,False,False,False,False
ORC-0000074,AVL-MAR,2025-02-01,24.1,29.1,42.0,21398.1,56.3,46.1,45.2,,False,False,False,False
ORC-0000075,AVL-MAR,2025-03-01,24.1,68.4,57.1,27819.3,60.9,31.4,57.6,,False,False,False,False
ORC-0000076,AVL-MAR,2025-04-01,24.1,96.8,57.3,27168.0,75.0,41.6,44.3,,False,False,False,False
ORC-0000077,AVL-MAR,2025-05-01,24.1,100.0,72.8,31905.8,57.2,58.8,32.9,,False,False,False,False
ORC-0000078,AVL-MAR,2025-06-01,24.1,100.0,70.8,35774.1,54.2,26.4,35.2,,False,False,False,False
ORC-0000079,AVL-VEL,2019-01-01,62.3,32.4,49.5,61963.3,69.7,35.2,44.3,,False,False,False,False
ORC-0000080,AVL-VEL,2019-02-01,62.3,26.1,58.2,74549.0,66.6,41.7,55.8,,False,False,False,False
ORC-0000081,AVL-VEL,2019-03-01,62.3,56.2,60.9,76219.2,73.4,25.7,47.9,,False,False,False,False
ORC-0000082,AVL-VEL,2019-04-01,62.3,83.7,62.8,77680.6,54.1,53.0,41.3,,False,False,False,False
ORC-0000083,AVL-VEL,2019-05-01,62.3,100.0,57.1,66567.4,47.5,40.9,28.6,,False,False,False,False
ORC-0000084,AVL-VEL,2019-06-01,62.3,89.2,62.5,77712.8,63.5,36.4,48.6,,False,False,False,False
ORC-0000085,AVL-VEL,2019-07-01,62.3,71.3,57.2,68817.6,57.5,27.6,30.8,,False,False,False,False
ORC-0000086,AVL-VEL,2019-08-01,62.3,41.1,50.6,55092.0,59.9,38.3,50.5,,False,False,False,False
ORC-0000087,AVL-VEL,2019-09-01,62.3,59.3,69.4,80865.3,77.9,30.9,36.0,,False,False,False,False
ORC-0000088,AVL-VEL,2019-10-01,62.3,53.4,59.1,71756.2,55.8,42.8,22.2,,False,False,False,False
ORC-0000089,AVL-VEL,2019-11-01,62.3,48.9,46.8,59848.5,49.3,34.3,21.5,,False,False,False,False
ORC-0000090,AVL-VEL,2019-12-01,62.3,49.6,46.5,44040.7,56.5,26.8,26.7,,False,False,False,False
ORC-0000091,AVL-VEL,2020-01-01,62.3,36.7,51.0,60842.8,83.5,58.4,58.1,,False,False,False,False
ORC-0000092,AVL-VEL,2020-02-01,62.3,44.6,47.4,53987.1,48.6,30.2,30.7,,False,False,False,False
ORC-0000093,AVL-VEL,2020-03-01,62.3,63.9,57.5,65265.4,63.9,36.1,52.3,,False,False,False,False
ORC-0000094,AVL-VEL,2020-04-01,62.3,92.8,63.9,82568.1,56.8,28.1,35.8,,False,False,False,False
ORC-0000095,AVL-VEL,2020-05-01,62.3,91.8,59.7,77092.3,63.5,56.5,30.2,,False,False,False,False
ORC-0000096,AVL-VEL,2020-06-01,62.3,96.0,64.6,75032.2,48.9,36.7,29.2,,False,False,False,False
ORC-0000097,AVL-VEL,2020-07-01,62.3,68.4,47.3,56515.7,58.8,33.2,35.2,,False,False,False,False
ORC-0000098,AVL-VEL,2020-08-01,62.3,52.5,53.3,73338.1,71.4,28.2,41.6,,False,False,False,False
ORC-0000099,AVL-VEL,2020-09-01,62.3,69.3,59.0,73265.9,51.6,24.9,28.8,,False,False,False,False
ORC-0000100,AVL-VEL,2020-10-01,62.3,51.5,61.8,70820.7,60.5,30.7,37.5,,False,False,False,False
ORC-0000101,AVL-VEL,2020-11-01,62.3,51.9,61.4,78809.8,76.6,35.2,44.1,,False,False,False,False
ORC-0000102,AVL-VEL,2020-12-01,62.3,51.1,63.4,73238.6,55.6,63.6,48.3,,False,False,False,False
ORC-0000103,AVL-VEL,2021-01-01,62.3,44.3,51.4,58759.5,56.0,13.6,26.8,,False,False,False,False
ORC-0000104,AVL-VEL,2021-02-01,62.3,41.5,47.7,59131.0,66.6,46.3,54.4,,False,False,False,False
ORC-0000105,AVL-VEL,2021-03-01,62.3,69.6,58.5,71984.3,67.5,22.3,45.2,,False,False,False,False
ORC-0000106,AVL-VEL,2021-04-01,62.3,88.8,73.0,92044.0,67.3,41.3,52.5,,False,False,False,False
ORC-0000107,AVL-VEL,2021-05-01,62.3,100.0,70.1,80420.6,64.4,40.6,47.4,,False,False,False,False
ORC-0000108,AVL-VEL,2021-06-01,62.3,96.6,74.2,93282.4,63.2,64.2,45.0,,False,False,False,False
ORC-0000109,AVL-VEL,2021-07-01,62.3,85.5,60.8,78183.0,64.1,36.3,40.6,,False,False,False,False
ORC-0000110,AVL-VEL,2021-08-01,62.3,49.1,59.3,66469.6,65.5,37.7,23.6,,False,False,False,False
ORC-0000111,AVL-VEL,2021-09-01,62.3,46.9,58.4,73648.2,72.3,22.0,51.1,,False,False,False,False
ORC-0000112,AVL-VEL,2021-10-01,62.3,48.4,53.2,65005.8,64.6,38.6,29.4,,False,False,False,False
ORC-0000113,AVL-VEL,2021-11-01,62.3,47.3,49.8,52126.6,63.8,40.8,34.1,,False,False,False,False
ORC-0000114,AVL-VEL,2021-12-01,62.3,52.3,44.4,50304.5,64.7,30.1,35.2,,False,False,False,False
ORC-0000115,AVL-VEL,2022-01-01,62.3,49.9,57.3,61747.1,59.6,12.1,22.7,,False,False,False,False
ORC-0000116,AVL-VEL,2022-02-01,62.3,35.7,53.7,68274.4,61.0,45.2,53.9,,False,False,False,False
ORC-0000117,AVL-VEL,2022-03-01,62.3,70.4,63.7,74148.4,56.9,47.0,48.5,,False,False,False,False
ORC-0000118,AVL-VEL,2022-04-01,62.3,82.1,67.0,90900.9,65.0,41.0,55.9,,False,False,False,False
ORC-0000119,AVL-VEL,2022-05-01,62.3,90.7,60.6,78575.2,58.7,26.1,42.0,,False,False,False,False
ORC-0000120,AVL-VEL,2022-06-01,62.3,96.7,64.2,87102.0,59.0,35.9,46.3,,False,False,False,False
ORC-0000121,AVL-VEL,2022-07-01,62.3,86.2,58.0,64565.8,66.0,50.4,42.9,,False,False,False,False
ORC-0000122,AVL-VEL,2022-08-01,62.3,46.5,59.0,66757.2,60.2,48.6,36.1,,False,False,False,False
ORC-0000123,AVL-VEL,2022-09-01,62.3,51.8,61.8,66535.6,65.7,30.2,42.0,,False,False,False,False
ORC-0000124,AVL-VEL,2022-10-01,62.3,48.4,65.3,82420.9,79.7,38.4,34.0,,False,False,False,False
ORC-0000125,AVL-VEL,2022-11-01,62.3,49.7,49.3,55186.8,63.6,53.0,42.0,,False,False,False,False
ORC-0000126,AVL-VEL,2022-12-01,62.3,40.8,50.5,63999.0,59.8,32.6,29.2,,False,False,False,False
ORC-0000127,AVL-VEL,2023-01-01,62.3,35.1,52.4,60393.9,65.9,45.0,38.9,,False,False,False,False
ORC-0000128,AVL-VEL,2023-02-01,62.3,42.1,54.8,72328.3,71.7,41.6,60.7,,False,False,False,False
ORC-0000129,AVL-VEL,2023-03-01,62.3,76.6,64.6,72700.2,54.1,22.7,38.1,,False,False,False,False
ORC-0000130,AVL-VEL,2023-04-01,62.3,100.0,74.1,90892.8,58.3,24.8,34.3,,False,False,False,False
ORC-0000131,AVL-VEL,2023-05-01,62.3,100.0,66.4,75223.9,76.2,37.8,47.8,,False,False,False,False
ORC-0000132,AVL-VEL,2023-06-01,62.3,77.1,51.9,64678.8,63.6,44.7,34.1,,False,False,False,False
ORC-0000133,AVL-VEL,2023-07-01,62.3,92.6,68.4,84676.3,67.9,25.8,56.1,,False,False,False,False
ORC-0000134,AVL-VEL,2023-08-01,62.3,55.6,62.0,76675.3,72.5,33.9,39.1,,False,False,False,False
ORC-0000135,AVL-VEL,2023-09-01,62.3,49.9,57.0,74826.2,69.2,43.7,30.3,,False,False,False,False
ORC-0000136,AVL-VEL,2023-10-01,62.3,51.3,56.3,72103.9,74.5,53.9,42.1,,False,False,False,False
ORC-0000137,AVL-VEL,2023-11-01,62.3,46.9,44.4,56591.6,69.1,26.6,43.0,,False,False,False,False
ORC-0000138,AVL-VEL,2023-12-01,62.3,49.8,54.6,70203.5,55.5,28.5,52.4,,False,False,False,False
ORC-0000139,AVL-VEL,2024-01-01,62.3,33.7,41.3,49568.0,55.0,41.4,40.6,,False,False,False,False
ORC-0000140,AVL-VEL,2024-02-01,62.3,24.5,52.1,57826.2,68.7,30.3,46.2,,False,False,False,False
ORC-0000141,AVL-VEL,2024-03-01,62.3,63.9,57.6,75798.0,69.4,50.2,55.2,,False,False,False,False
ORC-0000142,AVL-VEL,2024-04-01,62.3,98.8,63.2,71184.7,76.1,42.7,42.0,,False,False,False,False
ORC-0000143,AVL-VEL,2024-05-01,62.3,93.7,69.7,73293.8,72.3,27.3,31.2,,False,False,False,False
ORC-0000144,AVL-VEL,2024-06-01,62.3,100.0,64.4,87817.2,66.7,47.1,48.0,,False,False,False,False
ORC-0000145,AVL-VEL,2024-07-01,62.3,68.5,61.5,73260.1,71.1,43.1,39.6,,False,False,False,False
ORC-0000146,AVL-VEL,2024-08-01,62.3,65.1,48.6,62023.9,64.8,37.3,31.2,,False,False,False,False
ORC-0000147,AVL-VEL,2024-09-01,62.3,60.1,61.3,68846.0,72.5,26.3,40.3,,False,False,False,False
ORC-0000148,AVL-VEL,2024-10-01,62.3,53.4,42.7,45554.5,58.9,56.7,28.2,,False,False,False,False
ORC-0000149,AVL-VEL,2024-11-01,62.3,50.7,45.8,51222.8,66.0,43.4,31.3,,False,False,False,False
ORC-0000150,AVL-VEL,2024-12-01,62.3,38.9,49.7,51784.2,79.2,39.6,38.0,,False,False,False,False
ORC-0000151,AVL-VEL,2025-01-01,62.3,29.6,39.3,47427.9,47.6,24.8,29.3,,False,False,False,False
ORC-0000152,AVL-VEL,2025-02-01,62.3,24.6,59.9,73149.7,76.5,40.0,47.9,,False,False,False,False
ORC-0000153,AVL-VEL,2025-03-01,62.3,47.1,57.4,73150.5,64.9,25.3,43.3,,False,False,False,False
ORC-0000154,AVL-VEL,2025-04-01,62.3,75.7,63.9,81178.3,64.5,18.9,55.8,,False,False,False,False
ORC-0000155,AVL-VEL,2025-05-01,62.3,90.6,63.8,83950.3,60.7,46.2,37.9,,False,False,False,False
ORC-0000156,AVL-VEL,2025-06-01,62.3,100.0,70.7,90503.3,72.5,20.5,49.6,,False,False,False,False
ORC-0000157,AVL-ORR,2019-01-01,59.7,38.0,48.1,51772.7,54.0,38.9,49.4,,False,False,False,False
ORC-0000158,AVL-ORR,2019-02-01,59.7,42.3,51.2,60734.4,57.7,25.8,55.2,,False,False,False,False
ORC-0000159,AVL-ORR,2019-03-01,59.7,61.4,51.2,48613.8,54.0,28.1,33.2,,False,False,False,False
ORC-0000160,AVL-ORR,2019-04-01,59.7,96.2,59.1,70778.2,53.6,43.2,40.0,,False,False,False,False
ORC-0000161,AVL-ORR,2019-05-01,59.7,100.0,66.9,84280.8,63.4,45.2,34.2,,False,False,False,False
ORC-0000162,AVL-ORR,2019-06-01,59.7,90.5,49.4,62041.4,54.1,38.8,50.2,,False,False,False,False
ORC-0000163,AVL-ORR,2019-07-01,59.7,71.1,49.8,63418.3,71.1,39.5,34.7,,False,False,False,False
ORC-0000164,AVL-ORR,2019-08-01,59.7,59.4,52.2,63131.7,62.2,52.5,33.1,,False,False,False,False
ORC-0000165,AVL-ORR,2019-09-01,59.7,73.8,58.1,70944.5,56.2,26.4,50.3,,False,False,False,False
ORC-0000166,AVL-ORR,2019-10-01,59.7,47.0,52.9,60080.8,67.9,36.9,28.9,,False,False,False,False
ORC-0000167,AVL-ORR,2019-11-01,59.7,31.6,45.9,49477.2,61.7,34.7,41.5,,False,False,False,False
ORC-0000168,AVL-ORR,2019-12-01,59.7,47.9,47.4,61406.4,67.1,38.1,37.8,,False,False,False,False
ORC-0000169,AVL-ORR,2020-01-01,59.7,34.7,38.7,42556.2,52.1,39.3,45.8,,False,False,False,False
ORC-0000170,AVL-ORR,2020-02-01,59.7,45.6,40.4,52656.8,68.1,28.0,36.1,,False,False,False,False
ORC-0000171,AVL-ORR,2020-03-01,59.7,67.2,61.3,80846.9,58.3,46.5,43.4,,False,False,False,False
ORC-0000172,AVL-ORR,2020-04-01,59.7,86.9,65.9,74769.0,60.4,46.1,45.2,,False,False,False,False
ORC-0000173,AVL-ORR,2020-05-01,59.7,100.0,71.8,84262.2,68.1,30.2,44.3,,False,False,False,False
ORC-0000174,AVL-ORR,2020-06-01,59.7,99.7,67.8,73913.3,61.9,36.0,45.8,,False,False,False,False
ORC-0000175,AVL-ORR,2020-07-01,59.7,75.0,44.9,49766.2,46.8,49.7,52.6,,False,False,False,False
ORC-0000176,AVL-ORR,2020-08-01,59.7,61.4,53.7,60714.8,68.2,56.4,38.0,,False,False,False,False
ORC-0000177,AVL-ORR,2020-09-01,59.7,64.5,63.4,67262.2,67.2,31.9,42.8,,False,False,False,False
ORC-0000178,AVL-ORR,2020-10-01,59.7,54.1,52.6,60724.9,62.4,34.3,43.0,,False,False,False,False
ORC-0000179,AVL-ORR,2020-11-01,59.7,51.0,51.5,58933.4,58.5,23.0,44.8,,False,False,False,False
ORC-0000180,AVL-ORR,2020-12-01,59.7,46.1,45.6,53276.0,61.3,49.6,33.9,,False,False,False,False
ORC-0000181,AVL-ORR,2021-01-01,59.7,33.9,56.8,65014.8,71.4,38.8,53.5,,False,False,False,False
ORC-0000182,AVL-ORR,2021-02-01,59.7,32.1,41.7,53684.4,56.9,33.4,40.8,,False,False,False,False
ORC-0000183,AVL-ORR,2021-03-01,59.7,55.4,54.7,65629.9,66.0,33.9,47.8,,False,False,False,False
ORC-0000184,AVL-ORR,2021-04-01,59.7,84.9,56.3,77773.8,63.4,49.4,46.2,,False,False,False,False
ORC-0000185,AVL-ORR,2021-05-01,59.7,100.0,60.3,71202.0,48.3,57.6,37.7,,False,False,False,False
ORC-0000186,AVL-ORR,2021-06-01,59.7,95.2,67.2,75254.9,45.8,46.0,42.9,,False,False,False,False
ORC-0000187,AVL-ORR,2021-07-01,59.7,80.1,63.6,75631.3,74.2,51.3,39.4,,False,False,False,False
ORC-0000188,AVL-ORR,2021-08-01,59.7,53.0,48.6,50231.9,59.5,39.5,51.9,,False,False,False,False
ORC-0000189,AVL-ORR,2021-09-01,59.7,64.8,54.0,61305.0,71.9,43.4,32.1,,False,False,False,False
ORC-0000190,AVL-ORR,2021-10-01,59.7,57.1,55.8,68437.6,54.7,37.0,26.4,,False,False,False,False
ORC-0000191,AVL-ORR,2021-11-01,59.7,47.5,47.7,54236.3,63.9,46.5,35.1,,False,False,False,False
ORC-0000192,AVL-ORR,2021-12-01,59.7,32.3,52.8,57167.0,68.1,38.7,35.8,,False,False,False,False
ORC-0000193,AVL-ORR,2022-01-01,59.7,28.4,54.5,71318.6,71.7,49.4,60.5,,False,False,False,False
ORC-0000194,AVL-ORR,2022-02-01,59.7,33.1,55.5,67869.0,64.0,35.1,59.3,,False,False,False,False
ORC-0000195,AVL-ORR,2022-03-01,59.7,69.3,66.0,76238.8,70.1,29.9,39.0,,False,False,False,False
ORC-0000196,AVL-ORR,2022-04-01,59.7,80.4,60.0,70302.7,56.6,57.4,58.6,,False,False,False,False
ORC-0000197,AVL-ORR,2022-05-01,59.7,88.0,55.4,62547.7,67.6,29.6,42.1,,False,False,False,False
ORC-0000198,AVL-ORR,2022-06-01,59.7,92.7,68.8,77458.5,53.1,48.2,32.9,,False,False,False,False
ORC-0000199,AVL-ORR,2022-07-01,59.7,77.6,59.1,69501.5,56.0,41.9,17.6,,False,False,False,False
ORC-0000200,AVL-ORR,2022-08-01,59.7,50.4,56.6,58208.5,53.5,50.1,38.2,,False,False,False,False
ORC-0000201,AVL-ORR,2022-09-01,59.7,59.4,53.6,55486.8,73.6,30.1,38.8,,False,False,False,False
ORC-0000202,AVL-ORR,2022-10-01,59.7,72.8,49.6,52076.2,56.9,27.1,46.0,,False,False,False,False
ORC-0000203,AVL-ORR,2022-11-01,59.7,52.4,55.6,62329.7,63.4,28.6,37.5,,False,False,False,False
ORC-0000204,AVL-ORR,2022-12-01,59.7,43.6,56.9,72596.8,53.5,52.2,28.0,,False,False,False,False
ORC-0000205,AVL-ORR,2023-01-01,59.7,44.3,49.3,51049.1,62.2,38.2,36.8,,False,False,False,False
ORC-0000206,AVL-ORR,2023-02-01,59.7,42.9,54.0,67810.1,56.2,42.2,35.5,,False,False,False,False
ORC-0000207,AVL-ORR,2023-03-01,59.7,70.3,61.5,68505.8,65.7,37.5,39.5,,False,False,False,False
ORC-0000208,AVL-ORR,2023-04-01,59.7,85.5,56.7,68084.3,49.0,65.8,52.7,,False,False,False,False
ORC-0000209,AVL-ORR,2023-05-01,59.7,100.0,66.1,85731.6,62.2,22.1,51.8,,False,False,False,False
ORC-0000210,AVL-ORR,2023-06-01,59.7,96.2,66.6,77198.3,52.5,40.1,38.4,,False,False,False,False
ORC-0000211,AVL-ORR,2023-07-01,59.7,88.2,51.8,51886.8,58.6,41.0,38.6,,False,False,False,False
ORC-0000212,AVL-ORR,2023-08-01,59.7,52.1,56.2,65052.5,71.1,37.8,19.9,,False,False,False,False
ORC-0000213,AVL-ORR,2023-09-01,59.7,57.4,50.6,57171.1,69.5,36.8,34.7,,False,False,False,False
ORC-0000214,AVL-ORR,2023-10-01,59.7,45.2,53.0,59100.6,72.7,25.4,29.3,,False,False,False,False
ORC-0000215,AVL-ORR,2023-11-01,59.7,47.0,57.0,70407.0,64.1,24.4,41.9,,False,False,False,False
ORC-0000216,AVL-ORR,2023-12-01,59.7,33.6,57.2,58630.1,69.5,34.6,36.4,,False,False,False,False
ORC-0000217,AVL-ORR,2024-01-01,59.7,31.7,45.1,58989.3,57.6,47.7,32.2,,False,False,False,False
ORC-0000218,AVL-ORR,2024-02-01,59.7,30.2,36.8,36528.2,57.1,41.1,41.7,,False,False,False,False
ORC-0000219,AVL-ORR,2024-03-01,59.7,69.1,59.8,80178.5,75.0,36.7,69.4,,False,False,False,False
ORC-0000220,AVL-ORR,2024-04-01,59.7,87.7,63.9,72798.1,54.3,45.1,32.7,,False,False,False,False
ORC-0000221,AVL-ORR,2024-05-01,59.7,97.6,61.4,74208.7,46.2,41.4,34.4,,False,False,False,False
ORC-0000222,AVL-ORR,2024-06-01,59.7,95.3,55.7,66829.2,48.9,24.9,37.9,,False,False,False,False
ORC-0000223,AVL-ORR,2024-07-01,59.7,78.0,60.5,65469.3,69.0,35.3,34.1,,False,False,False,False
ORC-0000224,AVL-ORR,2024-08-01,59.7,43.7,44.3,50568.3,49.2,38.6,51.4,,False,False,False,False
ORC-0000225,AVL-ORR,2024-09-01,59.7,53.9,56.8,73709.3,72.3,41.2,41.3,,False,False,False,False
ORC-0000226,AVL-ORR,2024-10-01,59.7,55.7,50.3,57902.0,58.8,44.6,36.0,,False,False,False,False
ORC-0000227,AVL-ORR,2024-11-01,59.7,51.7,51.7,60490.4,65.9,50.4,34.0,,False,False,False,False
ORC-0000228,AVL-ORR,2024-12-01,59.7,35.2,42.2,45062.8,63.4,41.3,41.5,,False,False,False,False
ORC-0000229,AVL-ORR,2025-01-01,59.7,42.8,48.4,41091.3,58.9,37.2,29.6,,False,False,False,False
ORC-0000230,AVL-ORR,2025-02-01,59.7,27.0,53.6,65545.2,52.4,49.3,55.8,,False,False,False,False
ORC-0000231,AVL-ORR,2025-03-01,59.7,60.7,54.5,61990.0,61.5,36.7,42.2,,False,False,False,False
ORC-0000232,AVL-ORR,2025-04-01,59.7,87.7,60.0,72663.0,55.7,42.1,47.9,,False,False,False,False
ORC-0000233,AVL-ORR,2025-05-01,59.7,95.7,59.2,68424.6,59.5,16.4,44.6,,False,False,False,False
ORC-0000234,AVL-ORR,2025-06-01,59.7,97.9,69.1,76227.4,57.7,42.7,46.0,,False,False,False,False
ORC-0000235,AVL-TRP,2019-01-01,54.7,39.0,44.8,41886.9,51.1,29.2,33.8,,False,False,False,False
ORC-0000236,AVL-TRP,2019-02-01,54.7,32.9,37.1,35998.6,47.0,34.7,28.7,,False,False,False,False
ORC-0000237,AVL-TRP,2019-03-01,54.7,71.0,55.4,63764.2,58.7,52.1,44.5,,False,False,False,False
ORC-0000238,AVL-TRP,2019-04-01,54.7,87.2,46.4,53718.4,51.2,33.9,49.4,,False,False,False,False
ORC-0000239,AVL-TRP,2019-05-01,54.7,94.4,58.5,62438.5,60.0,40.5,30.5,,False,False,False,False
ORC-0000240,AVL-TRP,2019-06-01,54.7,100.0,75.7,80463.9,80.2,43.0,34.0,,False,False,False,False
ORC-0000241,AVL-TRP,2019-07-01,54.7,93.6,72.9,73521.0,56.4,37.2,40.1,,False,False,False,False
ORC-0000242,AVL-TRP,2019-08-01,54.7,61.5,55.5,61300.7,69.9,35.2,29.8,,False,False,False,False
ORC-0000243,AVL-TRP,2019-09-01,54.7,64.2,52.0,58595.3,56.9,28.9,26.4,,False,False,False,False
ORC-0000244,AVL-TRP,2019-10-01,54.7,60.3,56.8,63721.0,64.4,53.2,40.1,,False,False,False,False
ORC-0000245,AVL-TRP,2019-11-01,54.7,68.3,51.0,58274.4,63.0,38.9,36.2,,False,False,False,False
ORC-0000246,AVL-TRP,2019-12-01,54.7,42.2,41.5,44499.9,51.8,40.3,46.4,,False,False,False,False
ORC-0000247,AVL-TRP,2020-01-01,54.7,49.9,47.0,48362.1,48.8,31.7,49.3,,False,False,False,False
ORC-0000248,AVL-TRP,2020-02-01,54.7,39.2,50.3,59029.9,54.8,33.3,49.1,,False,False,False,False
ORC-0000249,AVL-TRP,2020-03-01,54.7,68.9,60.2,60956.8,66.0,32.2,42.3,,False,False,False,False
ORC-0000250,AVL-TRP,2020-04-01,54.7,95.3,51.1,49036.2,54.6,31.7,53.7,,False,False,False,False
ORC-0000251,AVL-TRP,2020-05-01,54.7,100.0,66.0,70824.1,62.1,26.9,43.0,,False,False,False,False
ORC-0000252,AVL-TRP,2020-06-01,54.7,100.0,64.1,64116.9,61.8,34.9,33.5,,False,False,False,False
ORC-0000253,AVL-TRP,2020-07-01,54.7,77.9,68.9,66039.8,71.3,25.4,44.7,,False,False,False,False
ORC-0000254,AVL-TRP,2020-08-01,54.7,56.6,49.6,54751.7,52.5,39.9,34.9,,False,False,False,False
ORC-0000255,AVL-TRP,2020-09-01,54.7,60.0,43.9,49843.3,51.9,42.1,32.2,,False,False,False,False
ORC-0000256,AVL-TRP,2020-10-01,54.7,58.1,50.3,52028.5,68.2,45.8,39.8,,False,False,False,False
ORC-0000257,AVL-TRP,2020-11-01,54.7,53.3,48.0,58274.7,55.7,33.7,50.9,,False,False,False,False
ORC-0000258,AVL-TRP,2020-12-01,54.7,46.9,43.5,40429.5,63.4,33.1,36.4,,False,False,False,False
ORC-0000259,AVL-TRP,2021-01-01,54.7,57.3,54.2,55340.2,70.3,44.5,41.9,,False,False,False,False
ORC-0000260,AVL-TRP,2021-02-01,54.7,29.1,52.5,56632.3,54.7,46.4,40.7,,False,False,False,False
ORC-0000261,AVL-TRP,2021-03-01,54.7,69.1,54.9,55972.6,79.3,34.4,56.8,,False,False,False,False
ORC-0000262,AVL-TRP,2021-04-01,54.7,99.8,52.3,55660.4,38.8,44.7,29.6,,False,False,False,False
ORC-0000263,AVL-TRP,2021-05-01,54.7,100.0,73.4,79442.1,64.2,40.0,34.0,,False,False,False,False
ORC-0000264,AVL-TRP,2021-06-01,54.7,90.6,64.1,62940.2,53.9,48.3,44.5,,False,False,False,False
ORC-0000265,AVL-TRP,2021-07-01,54.7,98.0,66.5,71172.9,70.1,24.3,33.4,,False,False,False,False
ORC-0000266,AVL-TRP,2021-08-01,54.7,48.9,48.3,49131.4,51.9,40.1,37.0,,False,False,False,False
ORC-0000267,AVL-TRP,2021-09-01,54.7,77.2,43.1,42220.3,55.0,40.3,44.1,,False,False,False,False
ORC-0000268,AVL-TRP,2021-10-01,54.7,62.0,52.2,56248.0,53.6,35.0,28.7,,False,False,False,False
ORC-0000269,AVL-TRP,2021-11-01,54.7,64.5,65.0,66596.5,62.6,38.9,21.8,,False,False,False,False
ORC-0000270,AVL-TRP,2021-12-01,54.7,56.3,0.568,60813.3,61.8,48.4,38.0,,False,False,False,False
ORC-0000271,AVL-TRP,2022-01-01,54.7,49.4,42.6,51486.7,50.8,26.5,42.7,,False,False,False,False
ORC-0000272,AVL-TRP,2022-02-01,54.7,35.8,53.3,56796.0,47.7,46.7,40.1,,False,False,False,False
ORC-0000273,AVL-TRP,2022-03-01,54.7,70.8,49.6,54260.0,45.1,48.7,36.7,,False,False,False,False
ORC-0000274,AVL-TRP,2022-04-01,54.7,96.2,58.8,62881.7,56.8,36.0,35.7,,False,False,False,False
ORC-0000275,AVL-TRP,2022-05-01,54.7,95.0,58.2,58889.6,65.7,28.0,40.1,,False,False,False,False
ORC-0000276,AVL-TRP,2022-06-01,54.7,100.0,73.3,74029.7,61.5,30.7,25.2,,False,False,False,False
ORC-0000277,AVL-TRP,2022-07-01,54.7,90.8,70.1,70742.4,55.6,47.6,38.1,,False,False,False,False
ORC-0000278,AVL-TRP,2022-08-01,54.7,57.6,51.3,54413.0,63.3,52.5,39.7,,False,False,False,False
ORC-0000279,AVL-TRP,2022-09-01,54.7,65.5,65.7,65967.5,63.0,35.3,35.7,,False,False,False,False
ORC-0000280,AVL-TRP,2022-10-01,54.7,60.7,49.2,49843.6,62.9,40.6,40.7,,False,False,False,False
ORC-0000281,AVL-TRP,2022-11-01,54.7,56.6,43.5,39788.0,60.1,27.3,36.1,,False,False,False,False
ORC-0000282,AVL-TRP,2022-12-01,54.7,37.7,37.1,38172.3,41.9,34.7,31.1,,False,False,False,False
ORC-0000283,AVL-TRP,2023-01-01,54.7,45.0,43.1,49157.0,41.1,40.0,42.3,,False,False,False,False
ORC-0000284,AVL-TRP,2023-02-01,54.7,53.1,57.1,61853.6,57.4,36.2,47.1,,False,False,False,False
ORC-0000285,AVL-TRP,2023-03-01,54.7,66.6,57.8,57505.9,64.9,31.4,33.4,,False,False,False,False
ORC-0000286,AVL-TRP,2023-04-01,54.7,86.3,66.3,73915.9,56.7,26.5,55.7,,False,False,False,False
ORC-0000287,AVL-TRP,2023-05-01,54.7,100.0,66.7,74666.7,56.8,52.8,40.0,,False,False,False,False
ORC-0000288,AVL-TRP,2023-06-01,54.7,100.0,64.0,70597.5,56.5,31.5,46.0,,False,False,False,False
ORC-0000289,AVL-TRP,2023-07-01,54.7,98.0,70.8,82196.5,63.2,55.0,41.8,,False,False,False,False
ORC-0000290,AVL-TRP,2023-08-01,54.7,63.4,56.3,55438.3,68.8,26.9,50.2,,False,False,False,False
ORC-0000291,AVL-TRP,2023-09-01,54.7,62.5,50.8,49184.6,61.1,35.0,47.6,,False,False,False,False
ORC-0000292,AVL-TRP,2023-10-01,54.7,68.3,57.1,61298.5,56.4,42.1,26.6,,False,False,False,False
ORC-0000293,AVL-TRP,2023-11-01,54.7,38.9,46.5,52280.0,44.2,31.0,42.0,,False,False,False,False
ORC-0000294,AVL-TRP,2023-12-01,54.7,58.4,41.3,51131.3,48.4,29.4,40.2,,False,False,False,False
ORC-0000295,AVL-TRP,2024-01-01,54.7,45.0,45.5,52921.2,74.3,49.0,30.4,,False,False,False,False
ORC-0000296,AVL-TRP,2024-02-01,54.7,38.5,43.4,45031.0,50.2,41.6,35.5,,False,False,False,False
ORC-0000297,AVL-TRP,2024-03-01,54.7,69.8,55.6,64711.4,58.6,40.1,39.0,,False,False,False,False
ORC-0000298,AVL-TRP,2024-04-01,54.7,97.3,62.8,66780.9,57.2,39.2,34.9,,False,False,False,False
ORC-0000299,AVL-TRP,2024-05-01,54.7,95.7,53.5,54747.2,54.2,43.3,52.5,,False,False,False,False
ORC-0000300,AVL-TRP,2024-06-01,54.7,100.0,61.7,69256.6,56.8,56.0,31.3,,False,False,False,False
ORC-0000301,AVL-TRP,2024-07-01,54.7,85.1,59.7,69154.5,67.5,11.9,40.5,,False,False,False,False
ORC-0000302,AVL-TRP,2024-08-01,54.7,65.1,48.7,48435.8,60.5,29.4,38.4,,False,False,False,False
ORC-0000303,AVL-TRP,2024-09-01,54.7,75.4,51.4,56474.0,58.3,30.2,45.4,,False,False,False,False
ORC-0000304,AVL-TRP,2024-10-01,54.7,45.5,42.3,38039.8,63.7,56.0,31.9,,False,False,False,False
ORC-0000305,AVL-TRP,2024-11-01,54.7,57.4,58.7,63330.8,58.2,38.1,50.6,,False,False,False,False
ORC-0000306,AVL-TRP,2024-12-01,54.7,50.7,55.7,61273.9,56.7,46.7,47.6,,False,False,False,False
ORC-0000307,AVL-TRP,2025-01-01,54.7,44.1,50.7,51024.2,45.3,36.0,39.2,,False,False,False,False
ORC-0000308,AVL-TRP,2025-02-01,54.7,35.0,49.9,51206.8,57.9,46.2,35.7,,False,False,False,False
ORC-0000309,AVL-TRP,2025-03-01,54.7,63.1,51.2,51145.3,72.3,60.6,47.4,,False,False,False,False
ORC-0000310,AVL-TRP,2025-04-01,54.7,83.5,59.7,58553.9,61.5,27.3,49.3,,False,False,False,False
ORC-0000311,AVL-TRP,2025-05-01,54.7,100.0,69.4,74056.3,66.1,43.4,34.2,,False,False,False,False
ORC-0000312,AVL-TRP,2025-06-01,54.7,100.0,66.8,74965.7,52.5,54.7,48.5,,False,False,False,False
ORC-0000313,AVL-NFR,2019-01-01,24.4,48.8,46.9,23243.0,54.2,18.9,26.5,,False,False,False,False
ORC-0000314,AVL-NFR,2019-02-01,24.4,35.2,46.6,22221.6,62.5,24.1,44.5,,False,False,False,False
ORC-0000315,AVL-NFR,2019-03-01,24.4,62.8,47.5,25946.1,53.4,38.9,52.5,,False,False,False,False
ORC-0000316,AVL-NFR,2019-04-01,24.4,90.3,51.6,26912.4,45.6,45.5,49.6,,False,False,False,False
ORC-0000317,AVL-NFR,2019-05-01,24.4,91.7,53.9,26060.5,56.8,42.4,32.7,,False,False,False,False
ORC-0000318,AVL-NFR,2019-06-01,24.4,91.3,59.6,27838.9,71.0,44.6,43.3,,False,False,False,False
ORC-0000319,AVL-NFR,2019-07-01,24.4,69.4,50.6,23671.6,45.7,37.8,29.8,,False,False,False,False
ORC-0000320,AVL-NFR,2019-08-01,24.4,49.4,45.2,17963.7,61.1,55.0,49.8,,False,False,False,False
ORC-0000321,AVL-NFR,2019-09-01,24.4,53.1,49.0,19686.4,54.3,46.7,39.4,,False,False,False,False
ORC-0000322,AVL-NFR,2019-10-01,24.4,56.3,47.3,21416.5,57.2,50.6,30.2,storm-related flower loss,False,False,False,True
ORC-0000323,AVL-NFR,2019-11-01,24.4,46.0,47.9,23737.5,55.6,34.0,35.6,,False,False,False,False
ORC-0000324,AVL-NFR,2019-12-01,24.4,47.8,43.8,21944.2,57.9,56.0,43.0,,False,False,False,False
ORC-0000325,AVL-NFR,2020-01-01,24.4,46.3,48.1,19702.7,48.6,39.1,44.8,,False,False,False,False
ORC-0000326,AVL-NFR,2020-02-01,24.4,43.4,46.0,19572.7,49.8,34.7,33.1,,False,False,False,False
ORC-0000327,AVL-NFR,2020-03-01,24.4,51.9,49.1,23626.1,64.8,34.6,54.0,,False,False,False,False
ORC-0000328,AVL-NFR,2020-04-01,24.4,76.6,41.8,19985.9,50.8,22.6,50.9,,False,False,False,False
ORC-0000329,AVL-NFR,2020-05-01,24.4,100.0,56.0,27534.8,56.1,34.6,32.8,,False,False,False,False
ORC-0000330,AVL-NFR,2020-06-01,24.4,82.7,51.6,22092.9,47.0,33.3,38.5,,False,False,False,False
ORC-0000331,AVL-NFR,2020-07-01,24.4,71.6,48.8,23272.9,51.9,19.2,42.8,,False,False,False,False
ORC-0000332,AVL-NFR,2020-08-01,24.4,61.5,41.8,18044.0,56.5,46.8,31.2,,False,False,False,False
ORC-0000333,AVL-NFR,2020-09-01,24.4,64.4,49.6,23616.9,56.4,42.2,51.3,,False,False,False,False
ORC-0000334,AVL-NFR,2020-10-01,24.4,58.7,44.0,20430.7,55.5,15.8,38.1,,False,False,False,False
ORC-0000335,AVL-NFR,2020-11-01,24.4,46.2,44.5,21285.8,64.0,18.9,26.5,,False,False,False,False
ORC-0000336,AVL-NFR,2020-12-01,24.4,51.1,38.6,19354.2,33.0,56.9,33.6,,False,False,False,False
ORC-0000337,AVL-NFR,2021-01-01,24.4,34.8,40.7,18376.5,50.3,39.9,47.9,,False,False,False,False
ORC-0000338,AVL-NFR,2021-02-01,24.4,30.6,46.7,22112.3,58.3,28.5,44.0,,False,False,False,False
ORC-0000339,AVL-NFR,2021-03-01,24.4,49.2,48.1,22426.8,49.1,48.7,46.5,,False,False,False,False
ORC-0000340,AVL-NFR,2021-04-01,24.4,98.0,60.7,26698.6,41.4,35.3,51.3,,False,False,False,False
ORC-0000341,AVL-NFR,2021-05-01,24.4,98.5,59.4,27194.3,48.9,25.9,36.5,,False,False,False,False
ORC-0000342,AVL-NFR,2021-06-01,24.4,100.0,70.5,32560.4,61.0,53.4,40.1,,False,False,False,False
ORC-0000343,AVL-NFR,2021-07-01,24.4,70.8,49.7,24542.8,50.7,35.3,39.0,,False,False,False,False
ORC-0000344,AVL-NFR,2021-08-01,24.4,41.2,45.7,25626.6,67.1,48.5,43.8,,False,False,False,False
ORC-0000345,AVL-NFR,2021-09-01,24.4,56.0,49.0,22001.5,46.8,45.9,24.5,,False,False,False,False
ORC-0000346,AVL-NFR,2021-10-01,24.4,58.6,53.5,23701.5,53.5,40.7,29.2,,False,False,False,False
ORC-0000347,AVL-NFR,2021-11-01,24.4,50.6,49.0,23494.6,61.5,41.5,43.6,,False,False,False,False
ORC-0000348,AVL-NFR,2021-12-01,24.4,39.2,43.7,21055.9,54.4,27.7,40.2,,False,False,False,False
ORC-0000349,AVL-NFR,2022-01-01,24.4,31.0,44.9,15440.0,58.2,44.0,40.3,,False,False,False,False
ORC-0000350,AVL-NFR,2022-02-01,24.4,38.9,50.3,26531.9,50.6,27.5,55.4,,False,False,False,False
ORC-0000351,AVL-NFR,2022-03-01,24.4,52.7,42.2,16714.1,53.4,30.1,40.3,,False,False,False,False
ORC-0000352,AVL-NFR,2022-04-01,24.4,85.4,58.3,25337.9,62.7,33.5,44.5,,False,False,False,False
ORC-0000353,AVL-NFR,2022-05-01,24.4,100.0,53.8,26439.6,49.7,12.8,27.1,,False,False,False,False
ORC-0000354,AVL-NFR,2022-06-01,24.4,100.0,67.5,30825.8,56.7,33.5,40.2,,False,False,False,False
ORC-0000355,AVL-NFR,2022-07-01,24.4,71.7,58.4,24532.9,58.3,36.9,34.4,,False,False,False,False
ORC-0000356,AVL-NFR,2022-08-01,24.4,69.3,49.6,29601.9,57.8,27.7,41.8,,False,False,False,False
ORC-0000357,AVL-NFR,2022-09-01,24.4,52.7,54.4,25152.6,48.3,33.4,42.9,,False,False,False,False
ORC-0000358,AVL-NFR,2022-10-01,24.4,53.5,46.7,21383.3,50.2,34.1,26.1,,False,False,False,False
ORC-0000359,AVL-NFR,2022-11-01,24.4,59.9,41.3,17754.2,52.6,35.2,40.9,,False,False,False,False
ORC-0000360,AVL-NFR,2022-12-01,24.4,49.5,54.2,27970.1,65.7,24.7,29.4,,False,False,False,False
ORC-0000361,AVL-NFR,2023-01-01,24.4,36.1,44.0,21036.9,54.0,17.2,43.3,,False,False,False,False
ORC-0000362,AVL-NFR,2023-02-01,24.4,28.8,34.0,14979.3,40.9,35.0,32.7,,False,False,False,False
ORC-0000363,AVL-NFR,2023-03-01,24.4,55.0,49.9,27161.2,56.2,59.7,45.7,,False,False,False,False
ORC-0000364,AVL-NFR,2023-04-01,24.4,84.4,55.6,28843.9,54.9,50.2,56.6,,False,False,False,False
ORC-0000365,AVL-NFR,2023-05-01,24.4,88.1,60.2,26365.0,60.5,32.5,36.4,,False,False,False,False
ORC-0000366,AVL-NFR,2023-06-01,24.4,85.9,59.6,28103.6,63.8,65.6,47.2,,False,False,False,False
ORC-0000367,AVL-NFR,2023-07-01,24.4,73.9,45.9,23726.9,51.4,28.4,32.0,,False,False,False,False
ORC-0000368,AVL-NFR,2023-08-01,24.4,54.0,52.8,25518.7,49.4,38.6,25.9,,False,False,False,False
ORC-0000369,AVL-NFR,2023-09-01,24.4,64.9,59.8,29354.4,62.9,24.8,31.3,,False,False,False,False
ORC-0000370,AVL-NFR,2023-10-01,24.4,48.6,47.0,20044.2,44.9,53.4,42.5,,False,False,False,False
ORC-0000371,AVL-NFR,2023-11-01,24.4,46.1,48.7,27113.3,55.0,37.9,37.8,,False,False,False,False
ORC-0000372,AVL-NFR,2023-12-01,24.4,50.7,48.0,23274.4,65.0,35.0,27.8,,False,False,False,False
ORC-0000373,AVL-NFR,2024-01-01,24.4,32.1,39.5,21369.6,51.1,41.0,41.8,,False,False,False,False
ORC-0000374,AVL-NFR,2024-02-01,24.4,33.9,53.9,26952.5,58.1,25.7,45.2,,False,False,False,False
ORC-0000375,AVL-NFR,2024-03-01,24.4,65.0,54.3,29890.0,48.4,49.3,35.2,,False,False,False,False
ORC-0000376,AVL-NFR,2024-04-01,24.4,73.1,62.1,27475.9,55.8,63.7,59.0,,False,False,False,False
ORC-0000377,AVL-NFR,2024-05-01,24.4,100.0,59.1,30542.8,62.1,56.0,49.3,,False,False,False,False
ORC-0000378,AVL-NFR,2024-06-01,24.4,100.0,68.3,34459.2,59.8,44.1,40.5,,False,False,False,False
ORC-0000379,AVL-NFR,2024-07-01,24.4,76.4,57.4,25915.5,57.3,43.8,30.1,,False,False,False,False
ORC-0000380,AVL-NFR,2024-08-01,24.4,61.8,43.9,19195.9,47.3,70.0,27.8,,False,False,False,False
ORC-0000381,AVL-NFR,2024-09-01,24.4,33.7,40.8,20959.2,68.1,41.2,43.1,,False,False,False,False
ORC-0000382,AVL-NFR,2024-10-01,24.4,48.6,53.0,21462.8,52.1,48.2,36.3,,False,False,False,False
ORC-0000383,AVL-NFR,2024-11-01,24.4,49.5,47.3,22755.5,60.6,25.8,48.5,,False,False,False,False
ORC-0000384,AVL-NFR,2024-12-01,24.4,42.5,34.5,16896.8,43.4,44.4,48.9,,False,False,False,False
ORC-0000385,AVL-NFR,2025-01-01,24.4,41.1,47.7,18303.9,68.9,28.2,22.0,,False,False,False,False
ORC-0000386,AVL-NFR,2025-02-01,24.4,37.5,41.7,20282.8,33.5,41.1,45.1,,False,False,False,False
ORC-0000387,AVL-NFR,2025-03-01,24.4,70.3,52.5,26683.4,58.9,26.5,31.4,,False,False,False,False
ORC-0000388,AVL-NFR,2025-04-01,24.4,86.0,52.7,26425.3,54.3,42.5,41.0,,False,False,False,False
ORC-0000389,AVL-NFR,2025-05-01,24.4,92.8,54.4,26483.6,45.6,48.2,33.1,,False,False,False,False
ORC-0000390,AVL-NFR,2025-06-01,24.4,100.0,72.7,34616.0,67.2,49.0,38.0,,False,False,False,False
ORC-0000391,AVL-GRB,2019-01-01,54.4,35.7,31.3,21367.4,56.5,19.5,30.4,,False,False,False,False
ORC-0000392,AVL-GRB,2019-02-01,54.4,25.9,31.8,34542.2,29.3,51.4,54.7,,False,False,False,False
ORC-0000393,AVL-GRB,2019-03-01,54.4,79.0,52.1,53352.2,59.0,27.4,44.3,,False,False,False,False
ORC-0000394,AVL-GRB,2019-04-01,54.4,78.1,48.5,50115.0,48.1,46.9,37.4,,False,False,False,False
ORC-0000395,AVL-GRB,2019-05-01,54.4,88.1,53.6,68200.9,46.6,46.7,42.9,,False,False,False,False
ORC-0000396,AVL-GRB,2019-06-01,54.4,97.5,61.4,63263.5,47.0,44.4,36.9,,False,False,False,False
ORC-0000397,AVL-GRB,2019-07-01,54.4,72.0,41.4,42255.4,40.4,49.6,31.5,,False,False,False,False
ORC-0000398,AVL-GRB,2019-08-01,54.4,50.8,50.7,62402.0,56.9,28.4,35.3,,False,False,False,False
ORC-0000399,AVL-GRB,2019-09-01,54.4,71.2,47.9,48441.9,45.2,45.0,43.8,,False,False,False,False
ORC-0000400,AVL-GRB,2019-10-01,54.4,57.1,52.1,54056.2,48.0,45.5,45.0,,False,False,False,False
ORC-0000401,AVL-GRB,2019-11-01,54.4,54.0,50.7,49560.4,56.2,40.3,44.3,,False,False,False,False
ORC-0000402,AVL-GRB,2019-12-01,54.4,47.7,47.7,46956.8,49.5,32.8,31.2,,False,False,False,False
ORC-0000403,AVL-GRB,2020-01-01,54.4,37.9,41.3,44277.9,47.4,39.4,31.1,,False,False,False,False
ORC-0000404,AVL-GRB,2020-02-01,54.4,36.3,30.3,36432.5,45.8,42.4,35.0,,False,False,False,False
ORC-0000405,AVL-GRB,2020-03-01,54.4,57.7,44.2,51464.7,48.0,44.5,71.4,,False,False,False,False
ORC-0000406,AVL-GRB,2020-04-01,54.4,94.9,54.0,53340.8,53.9,52.5,38.4,,False,False,False,False
ORC-0000407,AVL-GRB,2020-05-01,54.4,100.0,53.1,55799.8,45.3,69.1,23.3,,False,False,False,False
ORC-0000408,AVL-GRB,2020-06-01,54.4,98.0,57.5,52015.1,51.0,23.3,26.5,,False,False,False,False
ORC-0000409,AVL-GRB,2020-07-01,54.4,74.9,53.8,54025.0,57.1,40.9,35.5,,False,False,False,False
ORC-0000410,AVL-GRB,2020-08-01,54.4,55.6,47.7,49286.9,55.2,33.9,30.9,,False,False,False,False
ORC-0000411,AVL-GRB,2020-09-01,54.4,65.6,42.8,43049.2,53.5,53.6,31.1,,False,False,False,False
ORC-0000412,AVL-GRB,2020-10-01,54.4,54.3,57.9,62188.1,55.2,37.7,34.2,,False,False,False,False
ORC-0000413,AVL-GRB,2020-11-01,54.4,49.4,0.543,52993.4,60.4,18.9,43.9,,False,False,False,False
ORC-0000414,AVL-GRB,2020-12-01,54.4,36.9,38.9,36562.4,69.8,24.3,38.6,,False,False,False,False
ORC-0000415,AVL-GRB,2021-01-01,54.4,36.3,46.4,43225.1,52.4,46.4,25.4,,False,False,False,False
ORC-0000416,AVL-GRB,2021-02-01,54.4,40.3,46.3,44146.8,54.6,38.9,37.3,,False,False,False,False
ORC-0000417,AVL-GRB,2021-03-01,54.4,55.7,48.0,50620.1,62.3,67.7,34.6,,False,False,False,False
ORC-0000418,AVL-GRB,2021-04-01,54.4,80.0,49.8,59241.0,37.9,27.6,26.7,,False,False,False,False
ORC-0000419,AVL-GRB,2021-05-01,54.4,97.2,52.3,47404.2,54.8,47.1,37.5,,False,False,False,False
ORC-0000420,AVL-GRB,2021-06-01,54.4,100.0,55.1,66928.0,41.2,51.5,40.4,,False,False,False,False
ORC-0000421,AVL-GRB,2021-07-01,54.4,74.0,44.9,40919.9,50.3,24.5,32.7,,False,False,False,False
ORC-0000422,AVL-GRB,2021-08-01,54.4,46.0,42.5,45425.1,40.8,31.4,42.4,,False,False,False,False
ORC-0000423,AVL-GRB,2021-09-01,54.4,57.4,44.7,45001.4,43.8,40.5,45.2,storm-related flower loss,False,False,False,True
ORC-0000424,AVL-GRB,2021-10-01,54.4,54.4,36.1,38353.4,38.3,46.1,34.4,,False,False,False,False
ORC-0000425,AVL-GRB,2021-11-01,54.4,58.8,45.3,50240.5,50.9,46.8,37.1,,False,False,False,False
ORC-0000426,AVL-GRB,2021-12-01,54.4,38.1,33.6,40283.5,38.2,22.2,52.4,,False,False,False,False
ORC-0000427,AVL-GRB,2022-01-01,54.4,39.1,39.7,36897.5,49.4,31.9,41.4,,False,False,False,False
ORC-0000428,AVL-GRB,2022-02-01,54.4,37.4,47.2,50810.3,63.6,57.0,34.0,,False,False,False,False
ORC-0000429,AVL-GRB,2022-03-01,54.4,60.7,44.3,42485.4,45.5,44.1,50.4,,False,False,False,False
ORC-0000430,AVL-GRB,2022-04-01,54.4,87.4,53.7,51881.5,51.8,53.5,29.8,,False,False,False,False
ORC-0000431,AVL-GRB,2022-05-01,54.4,100.0,54.7,54873.9,54.4,41.1,35.6,,False,False,False,False
ORC-0000432,AVL-GRB,2022-06-01,54.4,85.4,69.1,76523.1,68.7,30.0,43.8,,False,False,False,False
ORC-0000433,AVL-GRB,2022-07-01,54.4,82.1,43.1,40080.1,48.4,30.6,36.2,,False,False,False,False
ORC-0000434,AVL-GRB,2022-08-01,54.4,68.0,48.5,49207.8,50.4,36.3,37.3,,False,False,False,False
ORC-0000435,AVL-GRB,2022-09-01,54.4,62.3,39.3,40405.1,48.4,44.1,42.8,,False,False,False,False
ORC-0000436,AVL-GRB,2022-10-01,54.4,54.9,45.3,46609.2,54.8,30.0,40.1,,False,False,False,False
ORC-0000437,AVL-GRB,2022-11-01,54.4,44.3,43.9,47924.8,59.5,41.6,41.9,,False,False,False,False
ORC-0000438,AVL-GRB,2022-12-01,54.4,45.6,40.0,41562.5,47.7,36.0,45.5,,False,False,False,False
ORC-0000439,AVL-GRB,2023-01-01,54.4,51.5,36.1,37122.3,57.8,47.3,56.4,,False,False,False,False
ORC-0000440,AVL-GRB,2023-02-01,54.4,23.7,28.4,36052.8,27.9,50.4,45.1,,False,False,False,False
ORC-0000441,AVL-GRB,2023-03-01,54.4,66.7,44.5,53012.5,48.2,30.5,39.8,,False,False,False,False
ORC-0000442,AVL-GRB,2023-04-01,54.4,79.8,53.2,54270.0,55.8,56.5,39.5,,False,False,False,False
ORC-0000443,AVL-GRB,2023-05-01,54.4,91.1,52.3,61051.4,51.2,45.9,35.2,,False,False,False,False
ORC-0000444,AVL-GRB,2023-06-01,54.4,94.1,52.2,56963.0,43.3,37.0,31.7,,False,False,False,False
ORC-0000445,AVL-GRB,2023-07-01,54.4,79.6,54.6,61075.8,54.3,43.4,32.1,,False,False,False,False
ORC-0000446,AVL-GRB,2023-08-01,54.4,40.9,49.4,51895.2,58.7,43.2,44.4,,False,False,False,False
ORC-0000447,AVL-GRB,2023-09-01,54.4,50.4,51.0,56234.1,52.5,34.5,36.0,,False,False,False,False
ORC-0000448,AVL-GRB,2023-10-01,54.4,48.1,43.3,42789.4,41.6,56.8,23.3,,False,False,False,False
ORC-0000449,AVL-GRB,2023-11-01,54.4,40.9,28.7,30795.1,40.6,39.0,30.0,,False,False,False,False
ORC-0000450,AVL-GRB,2023-12-01,54.4,51.0,36.3,41052.0,48.1,34.8,40.3,,False,False,False,False
ORC-0000451,AVL-GRB,2024-01-01,54.4,35.6,41.4,41047.8,36.7,44.0,38.8,,False,False,False,False
ORC-0000452,AVL-GRB,2024-02-01,54.4,42.6,39.3,43375.1,54.7,30.3,33.2,,False,False,False,False
ORC-0000453,AVL-GRB,2024-03-01,54.4,55.2,43.1,41754.5,39.3,38.0,55.9,,False,False,False,False
ORC-0000454,AVL-GRB,2024-04-01,54.4,74.5,54.4,54682.5,37.8,37.8,42.1,,False,False,False,False
ORC-0000455,AVL-GRB,2024-05-01,54.4,88.5,0.549,55807.6,60.6,30.7,53.6,elevated pesticide application,False,False,True,False
ORC-0000456,AVL-GRB,2024-06-01,54.4,96.5,54.5,58283.5,53.0,49.5,53.0,,False,False,False,False
ORC-0000457,AVL-GRB,2024-07-01,54.4,70.9,52.0,55933.2,59.3,35.6,33.3,,False,False,False,False
ORC-0000458,AVL-GRB,2024-08-01,54.4,67.5,52.1,53461.0,47.8,43.3,45.9,,False,False,False,False
ORC-0000459,AVL-GRB,2024-09-01,54.4,60.0,53.0,51984.7,51.9,56.3,44.2,,False,False,False,False
ORC-0000460,AVL-GRB,2024-10-01,54.4,46.5,36.5,37432.8,42.7,11.2,42.5,,False,False,False,False
ORC-0000461,AVL-GRB,2024-11-01,54.4,43.1,51.8,47459.6,53.0,34.8,24.0,,False,False,False,False
ORC-0000462,AVL-GRB,2024-12-01,54.4,29.9,34.5,44313.1,44.0,43.5,46.5,,False,False,False,False
ORC-0000463,AVL-GRB,2025-01-01,54.4,36.5,31.0,28749.2,45.2,11.2,27.3,,False,False,False,False
ORC-0000464,AVL-GRB,2025-02-01,54.4,26.1,37.6,40275.6,35.2,40.4,46.9,,False,False,False,False
ORC-0000465,AVL-GRB,2025-03-01,54.4,71.9,52.6,53809.0,46.6,20.9,35.8,,False,False,False,False
ORC-0000466,AVL-GRB,2025-04-01,54.4,80.5,56.6,59493.6,56.3,46.1,40.8,,False,False,False,False
ORC-0000467,AVL-GRB,2025-05-01,54.4,97.8,54.5,64542.8,53.5,24.5,44.2,,False,False,False,False
ORC-0000468,AVL-GRB,2025-06-01,54.4,100.0,62.9,64159.6,59.7,48.6,43.8,,False,False,False,False
ORC-0000469,AVL-ECJ,2019-01-01,60.9,27.6,42.6,50637.5,62.2,27.2,44.1,,False,False,False,False
ORC-0000470,AVL-ECJ,2019-02-01,60.9,40.5,42.4,56808.4,65.9,46.2,36.6,,False,False,False,False
ORC-0000471,AVL-ECJ,2019-03-01,60.9,76.5,55.6,71778.8,51.3,29.4,38.2,,False,False,False,False
ORC-0000472,AVL-ECJ,2019-04-01,60.9,88.9,66.5,82441.2,65.3,51.0,51.3,,False,False,False,False
ORC-0000473,AVL-ECJ,2019-05-01,60.9,99.3,67.6,75146.2,54.2,47.1,42.1,,False,False,False,False
ORC-0000474,AVL-ECJ,2019-06-01,60.9,98.4,68.6,70535.3,60.0,35.6,42.8,,False,False,False,False
ORC-0000475,AVL-ECJ,2019-07-01,60.9,84.4,63.3,71736.5,55.5,48.3,38.1,,False,False,False,False
ORC-0000476,AVL-ECJ,2019-08-01,60.9,61.6,53.6,54560.3,66.7,44.7,25.8,,False,False,False,False
ORC-0000477,AVL-ECJ,2019-09-01,60.9,51.6,63.0,69661.0,66.8,45.3,41.4,,False,False,False,False
ORC-0000478,AVL-ECJ,2019-10-01,60.9,53.9,49.3,49985.7,71.5,32.9,45.6,,False,False,False,False
ORC-0000479,AVL-ECJ,2019-11-01,60.9,42.6,55.4,62706.7,69.1,42.9,40.6,,False,False,False,False
ORC-0000480,AVL-ECJ,2019-12-01,60.9,30.1,45.5,57590.4,62.7,54.0,37.0,,False,False,False,False
ORC-0000481,AVL-ECJ,2020-01-01,60.9,34.0,45.1,55019.7,71.4,13.2,41.9,,False,False,False,False
ORC-0000482,AVL-ECJ,2020-02-01,60.9,38.5,52.4,63828.8,53.9,38.3,47.9,,False,False,False,False
ORC-0000483,AVL-ECJ,2020-03-01,60.9,70.0,51.1,59411.0,55.3,28.4,44.8,,False,False,False,False
ORC-0000484,AVL-ECJ,2020-04-01,60.9,71.4,55.8,64620.4,43.3,31.1,24.4,,False,False,False,False
ORC-0000485,AVL-ECJ,2020-05-01,60.9,92.0,55.8,63539.2,58.7,31.7,32.6,,False,False,False,False
ORC-0000486,AVL-ECJ,2020-06-01,60.9,100.0,57.7,68100.0,51.8,24.4,35.3,,False,False,False,False
ORC-0000487,AVL-ECJ,2020-07-01,60.9,84.2,58.0,66663.3,63.3,28.0,40.2,,False,False,False,False
ORC-0000488,AVL-ECJ,2020-08-01,60.9,46.5,47.8,57102.9,58.7,25.2,50.2,,False,False,False,False
ORC-0000489,AVL-ECJ,2020-09-01,60.9,59.5,51.1,64412.2,62.6,52.2,32.2,,False,False,False,False
ORC-0000490,AVL-ECJ,2020-10-01,60.9,38.8,40.5,50165.2,61.4,33.0,39.0,,False,False,False,False
ORC-0000491,AVL-ECJ,2020-11-01,60.9,40.3,52.2,63290.0,62.3,51.5,41.1,,False,False,False,False
ORC-0000492,AVL-ECJ,2020-12-01,60.9,58.1,48.6,60349.5,50.2,55.2,47.1,,False,False,False,False
ORC-0000493,AVL-ECJ,2021-01-01,60.9,41.9,51.2,67214.4,66.1,37.9,27.1,,False,False,False,False
ORC-0000494,AVL-ECJ,2021-02-01,60.9,41.0,45.5,51971.7,57.2,41.3,33.2,,False,False,False,False
ORC-0000495,AVL-ECJ,2021-03-01,60.9,61.8,47.2,58708.9,61.8,51.9,37.0,,False,False,False,False
ORC-0000496,AVL-ECJ,2021-04-01,60.9,73.0,49.0,60336.2,60.9,37.9,51.6,,False,False,False,False
ORC-0000497,AVL-ECJ,2021-05-01,60.9,87.3,48.0,56943.5,39.2,36.7,41.3,,False,False,False,False
ORC-0000498,AVL-ECJ,2021-06-01,60.9,95.3,71.8,85229.5,70.7,32.9,51.1,,False,False,False,False
ORC-0000499,AVL-ECJ,2021-07-01,60.9,78.0,58.7,67345.6,70.8,25.6,27.8,,False,False,False,False
ORC-0000500,AVL-ECJ,2021-08-01,60.9,48.9,48.0,56424.4,51.0,55.8,33.8,,False,False,False,False
ORC-0000501,AVL-ECJ,2021-09-01,60.9,55.9,57.4,70993.2,72.9,34.5,44.0,,False,False,False,False
ORC-0000502,AVL-ECJ,2021-10-01,60.9,52.1,50.8,63071.3,65.3,47.1,41.7,,False,False,False,False
ORC-0000503,AVL-ECJ,2021-11-01,60.9,47.6,41.5,45940.8,53.2,38.6,42.7,,False,False,False,False
ORC-0000504,AVL-ECJ,2021-12-01,60.9,28.2,58.7,68831.9,65.8,33.3,35.4,,False,False,False,False
ORC-0000505,AVL-ECJ,2022-01-01,60.9,32.0,47.3,49223.0,66.6,48.4,40.1,,False,False,False,False
ORC-0000506,AVL-ECJ,2022-02-01,60.9,27.3,34.2,44269.9,42.2,49.6,52.7,,False,False,False,False
ORC-0000507,AVL-ECJ,2022-03-01,60.9,48.2,46.0,49771.2,71.6,46.3,56.1,,False,False,False,False
ORC-0000508,AVL-ECJ,2022-04-01,60.9,83.9,53.4,65424.5,61.6,49.1,35.0,,False,False,False,False
ORC-0000509,AVL-ECJ,2022-05-01,60.9,93.6,68.9,80954.9,77.5,26.0,33.9,,False,False,False,False
ORC-0000510,AVL-ECJ,2022-06-01,60.9,87.8,64.1,79785.1,73.5,41.9,42.3,,False,False,False,False
ORC-0000511,AVL-ECJ,2022-07-01,60.9,80.6,50.4,67140.9,53.3,23.9,47.3,,False,False,False,False
ORC-0000512,AVL-ECJ,2022-08-01,60.9,57.8,56.9,65962.4,70.1,22.9,33.7,,False,False,False,False
ORC-0000513,AVL-ECJ,2022-09-01,60.9,57.7,56.3,72693.3,66.6,42.7,43.4,,False,False,False,False
ORC-0000514,AVL-ECJ,2022-10-01,60.9,53.9,51.1,63161.2,74.2,31.9,39.7,,False,False,False,False
ORC-0000515,AVL-ECJ,2022-11-01,60.9,45.7,56.8,63581.9,60.1,37.2,34.2,,False,False,False,False
ORC-0000516,AVL-ECJ,2022-12-01,60.9,39.4,51.7,69487.6,56.3,22.8,46.2,,False,False,False,False
ORC-0000517,AVL-ECJ,2023-01-01,60.9,37.7,48.3,52462.4,61.2,46.2,28.8,,False,False,False,False
ORC-0000518,AVL-ECJ,2023-02-01,60.9,26.8,34.2,44361.7,62.6,34.3,34.8,,False,False,False,False
ORC-0000519,AVL-ECJ,2023-03-01,60.9,47.4,42.5,48028.2,44.5,40.0,53.4,,False,False,False,False
ORC-0000520,AVL-ECJ,2023-04-01,60.9,85.7,67.1,80056.7,58.1,60.1,50.4,,False,False,False,False
ORC-0000521,AVL-ECJ,2023-05-01,60.9,100.0,65.0,84195.7,57.3,49.7,50.4,,False,False,False,False
ORC-0000522,AVL-ECJ,2023-06-01,60.9,85.9,61.7,73480.7,52.2,40.6,40.3,,False,False,False,False
ORC-0000523,AVL-ECJ,2023-07-01,60.9,64.7,53.7,63424.3,67.9,34.1,50.3,,False,False,False,False
ORC-0000524,AVL-ECJ,2023-08-01,60.9,53.7,44.1,64177.6,63.4,32.1,33.9,,False,False,False,False
ORC-0000525,AVL-ECJ,2023-09-01,60.9,57.7,46.3,56019.7,74.2,31.7,43.3,,False,False,False,False
ORC-0000526,AVL-ECJ,2023-10-01,60.9,50.6,65.9,89801.9,59.3,49.8,33.0,,False,False,False,False
ORC-0000527,AVL-ECJ,2023-11-01,60.9,49.4,48.4,62322.2,57.8,41.3,41.5,,False,False,False,False
ORC-0000528,AVL-ECJ,2023-12-01,60.9,56.3,52.2,64945.7,46.7,34.2,48.2,,False,False,False,False
ORC-0000529,AVL-ECJ,2024-01-01,60.9,35.4,48.1,58841.3,59.2,50.9,34.4,,False,False,False,False
ORC-0000530,AVL-ECJ,2024-02-01,60.9,27.9,41.4,56383.2,48.3,35.7,51.9,,False,False,False,False
ORC-0000531,AVL-ECJ,2024-03-01,60.9,72.9,54.1,65242.9,49.8,37.6,26.5,,False,False,False,False
ORC-0000532,AVL-ECJ,2024-04-01,60.9,80.9,76.5,94611.0,74.0,38.3,55.6,,False,False,False,False
ORC-0000533,AVL-ECJ,2024-05-01,60.9,100.0,57.9,73451.1,54.5,37.2,56.5,,False,False,False,False
ORC-0000534,AVL-ECJ,2024-06-01,60.9,100.0,71.1,82157.0,73.6,30.4,28.7,,False,False,False,False
ORC-0000535,AVL-ECJ,2024-07-01,60.9,77.5,55.2,64987.9,48.2,30.2,37.6,,False,False,False,False
ORC-0000536,AVL-ECJ,2024-08-01,60.9,63.2,50.0,59055.1,66.5,37.5,36.5,,False,False,False,False
ORC-0000537,AVL-ECJ,2024-09-01,60.9,58.5,51.0,60143.7,65.9,43.8,45.7,,False,False,False,False
ORC-0000538,AVL-ECJ,2024-10-01,60.9,52.0,59.3,67537.6,75.1,31.3,21.2,,False,False,False,False
ORC-0000539,AVL-ECJ,2024-11-01,60.9,56.3,51.4,58998.5,71.2,38.4,41.6,,False,False,False,False
ORC-0000540,AVL-ECJ,2024-12-01,60.9,41.1,46.4,62800.7,53.2,31.0,37.1,,False,False,False,False
ORC-0000541,AVL-ECJ,2025-01-01,60.9,46.5,47.8,58324.2,72.7,36.5,32.3,,False,False,False,False
ORC-0000542,AVL-ECJ,2025-02-01,60.9,27.4,60.2,63216.3,65.6,42.5,65.6,,False,False,False,False
ORC-0000543,AVL-ECJ,2025-03-01,60.9,65.1,48.3,55394.9,61.1,24.2,41.0,,False,False,False,False
ORC-0000544,AVL-ECJ,2025-04-01,60.9,100.0,50.8,60824.7,51.6,41.7,37.5,,False,False,False,False
ORC-0000545,AVL-ECJ,2025-05-01,60.9,100.0,68.8,83222.6,75.3,38.6,62.8,,False,False,False,False
ORC-0000546,AVL-ECJ,2025-06-01,60.9,88.7,50.5,66204.9,63.6,41.9,28.8,,False,False,False,False
ORC-0000547,AVL-RBC,2019-01-01,59.2,40.3,39.0,42999.2,52.6,29.1,38.7,,False,False,False,False
ORC-0000548,AVL-RBC,2019-02-01,59.2,39.7,33.9,42405.1,49.4,46.9,31.3,,False,False,False,False
ORC-0000549,AVL-RBC,2019-03-01,59.2,48.4,59.4,66744.2,64.2,47.7,73.8,,False,False,False,False
ORC-0000550,AVL-RBC,2019-04-01,59.2,96.0,72.3,83326.0,58.7,31.1,35.4,,False,False,False,False
ORC-0000551,AVL-RBC,2019-05-01,59.2,99.6,62.0,77056.7,51.3,24.4,43.8,,False,False,False,False
ORC-0000552,AVL-RBC,2019-06-01,59.2,88.1,62.4,68894.5,67.6,57.7,56.5,,False,False,False,False
ORC-0000553,AVL-RBC,2019-07-01,59.2,85.1,58.7,68188.5,56.4,32.2,36.0,,False,False,False,False
ORC-0000554,AVL-RBC,2019-08-01,59.2,38.9,37.3,35632.8,61.1,37.3,37.2,,False,False,False,False
ORC-0000555,AVL-RBC,2019-09-01,59.2,47.4,46.6,52844.4,65.7,35.0,35.8,,False,False,False,False
ORC-0000556,AVL-RBC,2019-10-01,59.2,57.2,45.9,54986.4,49.6,38.2,33.1,,False,False,False,False
ORC-0000557,AVL-RBC,2019-11-01,59.2,47.2,42.0,60668.4,59.1,32.2,41.7,,False,False,False,False
ORC-0000558,AVL-RBC,2019-12-01,59.2,36.7,34.8,38356.5,55.7,65.5,38.8,,False,False,False,False
ORC-0000559,AVL-RBC,2020-01-01,59.2,27.8,43.0,50080.2,44.1,36.8,31.6,,False,False,False,False
ORC-0000560,AVL-RBC,2020-02-01,59.2,39.3,46.9,53018.9,53.5,34.9,32.8,,False,False,False,False
ORC-0000561,AVL-RBC,2020-03-01,59.2,49.9,52.0,65579.8,52.4,37.2,72.6,,False,False,False,False
ORC-0000562,AVL-RBC,2020-04-01,59.2,73.0,71.6,92396.9,86.0,24.3,69.7,,False,False,False,False
ORC-0000563,AVL-RBC,2020-05-01,59.2,95.1,65.9,65981.7,59.4,49.3,34.6,,False,False,False,False
ORC-0000564,AVL-RBC,2020-06-01,59.2,95.5,60.0,68359.3,59.3,43.1,24.8,,False,False,False,False
ORC-0000565,AVL-RBC,2020-07-01,59.2,76.4,59.6,68787.8,64.2,26.7,52.5,,False,False,False,False
ORC-0000566,AVL-RBC,2020-08-01,59.2,55.3,45.4,55475.6,55.5,34.0,33.2,,False,False,False,False
ORC-0000567,AVL-RBC,2020-09-01,59.2,44.1,43.4,52915.9,57.7,36.6,42.1,,False,False,False,False
ORC-0000568,AVL-RBC,2020-10-01,59.2,49.5,42.8,53876.7,45.8,18.0,31.5,,False,False,False,False
ORC-0000569,AVL-RBC,2020-11-01,59.2,52.3,40.7,47946.9,63.1,36.5,34.1,,False,False,False,False
ORC-0000570,AVL-RBC,2020-12-01,59.2,45.3,45.9,48518.6,49.8,42.4,34.1,,False,False,False,False
ORC-0000571,AVL-RBC,2021-01-01,59.2,44.2,54.2,55315.1,59.4,58.7,39.4,,False,False,False,False
ORC-0000572,AVL-RBC,2021-02-01,59.2,25.5,38.2,44989.5,50.0,19.3,72.0,,False,False,False,False
ORC-0000573,AVL-RBC,2021-03-01,59.2,53.3,57.3,63556.6,63.0,33.8,43.2,,False,False,False,False
ORC-0000574,AVL-RBC,2021-04-01,59.2,81.1,54.2,60358.6,63.8,34.0,32.9,,False,False,False,False
ORC-0000575,AVL-RBC,2021-05-01,59.2,94.2,57.7,72141.2,68.0,34.4,46.2,,False,False,False,False
ORC-0000576,AVL-RBC,2021-06-01,59.2,96.0,58.4,61964.1,50.2,39.8,38.1,,False,False,False,False
ORC-0000577,AVL-RBC,2021-07-01,59.2,80.6,59.2,75571.7,60.4,27.1,52.7,,False,False,False,False
ORC-0000578,AVL-RBC,2021-08-01,59.2,59.2,53.8,63491.0,46.6,26.0,32.3,,False,False,False,False
ORC-0000579,AVL-RBC,2021-09-01,59.2,55.0,54.6,57378.8,70.2,32.5,43.1,,False,False,False,False
ORC-0000580,AVL-RBC,2021-10-01,59.2,47.7,44.3,57543.7,60.1,52.5,57.7,,False,False,False,False
ORC-0000581,AVL-RBC,2021-11-01,59.2,41.7,45.6,55038.9,46.5,22.8,27.6,,False,False,False,False
ORC-0000582,AVL-RBC,2021-12-01,59.2,47.4,45.7,56055.4,66.9,27.4,42.1,,False,False,False,False
ORC-0000583,AVL-RBC,2022-01-01,59.2,27.0,42.5,51494.0,62.4,52.6,39.3,,False,False,False,False
ORC-0000584,AVL-RBC,2022-02-01,59.2,39.0,51.8,61502.9,66.3,43.4,35.1,,False,False,False,False
ORC-0000585,AVL-RBC,2022-03-01,59.2,57.7,51.6,63062.2,65.0,42.2,53.6,,False,False,False,False
ORC-0000586,AVL-RBC,2022-04-01,59.2,70.9,50.5,60980.2,37.5,37.6,64.3,,False,False,False,False
ORC-0000587,AVL-RBC,2022-05-01,59.2,94.6,52.5,58838.5,60.3,55.5,44.8,,False,False,False,False
ORC-0000588,AVL-RBC,2022-06-01,59.2,88.4,63.8,80986.4,60.2,48.5,32.9,,False,False,False,False
ORC-0000589,AVL-RBC,2022-07-01,59.2,71.1,51.4,64426.1,67.0,25.2,45.4,,False,False,False,False
ORC-0000590,AVL-RBC,2022-08-01,59.2,54.4,60.6,66622.9,61.6,53.3,23.2,,False,False,False,False
ORC-0000591,AVL-RBC,2022-09-01,59.2,51.2,40.0,44153.2,56.4,38.1,22.7,,False,False,False,False
ORC-0000592,AVL-RBC,2022-10-01,59.2,60.9,47.9,56470.4,51.4,32.2,47.5,,False,False,False,False
ORC-0000593,AVL-RBC,2022-11-01,59.2,55.9,53.8,66858.2,65.6,29.4,37.0,,False,False,False,False
ORC-0000594,AVL-RBC,2022-12-01,59.2,49.2,49.9,46821.5,66.9,55.0,23.4,,False,False,False,False
ORC-0000595,AVL-RBC,2023-01-01,59.2,42.6,43.4,59817.9,58.3,30.1,53.0,,False,False,False,False
ORC-0000596,AVL-RBC,2023-02-01,59.2,32.3,43.2,54182.7,59.7,54.2,34.5,,False,False,False,False
ORC-0000597,AVL-RBC,2023-03-01,59.2,61.1,51.5,63318.4,47.7,54.2,41.3,,False,False,False,False
ORC-0000598,AVL-RBC,2023-04-01,59.2,81.3,52.9,69225.5,54.3,32.3,56.8,,False,False,False,False
ORC-0000599,AVL-RBC,2023-05-01,59.2,84.8,59.2,61051.6,59.6,28.0,60.0,,False,False,False,False
ORC-0000600,AVL-RBC,2023-06-01,59.2,85.0,51.3,60431.8,46.8,23.5,47.6,,False,False,False,False
ORC-0000601,AVL-RBC,2023-07-01,59.2,70.0,60.0,67026.5,60.5,38.5,20.8,,False,False,False,False
ORC-0000602,AVL-RBC,2023-08-01,59.2,44.5,45.7,59841.5,63.8,21.8,57.1,,False,False,False,False
ORC-0000603,AVL-RBC,2023-09-01,59.2,59.4,58.9,65838.1,77.9,31.2,46.2,,False,False,False,False
ORC-0000604,AVL-RBC,2023-10-01,59.2,47.3,42.0,43690.8,53.0,36.3,26.4,,False,False,False,False
ORC-0000605,AVL-RBC,2023-11-01,59.2,59.9,46.1,51003.3,61.0,35.8,34.3,,False,False,False,False
ORC-0000606,AVL-RBC,2023-12-01,59.2,36.9,43.9,49968.7,58.0,57.8,33.6,,False,False,False,False
ORC-0000607,AVL-RBC,2024-01-01,59.2,34.4,50.4,65932.7,63.2,35.0,45.0,,False,False,False,False
ORC-0000608,AVL-RBC,2024-02-01,59.2,22.9,39.3,41583.9,48.3,35.9,46.5,,False,False,False,False
ORC-0000609,AVL-RBC,2024-03-01,59.2,71.8,50.4,63050.2,47.1,28.5,58.9,,False,False,False,False
ORC-0000610,AVL-RBC,2024-04-01,59.2,84.4,63.0,80561.3,59.3,34.8,48.1,,False,False,False,False
ORC-0000611,AVL-RBC,2024-05-01,59.2,100.0,69.1,87525.4,67.8,34.2,48.3,,False,False,False,False
ORC-0000612,AVL-RBC,2024-06-01,59.2,100.0,66.5,68443.3,54.3,35.2,28.6,,False,False,False,False
ORC-0000613,AVL-RBC,2024-07-01,59.2,65.8,48.9,56777.5,44.0,60.3,36.1,,False,False,False,False
ORC-0000614,AVL-RBC,2024-08-01,59.2,44.1,49.8,57236.5,61.2,50.1,52.9,,False,False,False,False
ORC-0000615,AVL-RBC,2024-09-01,59.2,67.5,60.6,67927.8,55.7,21.4,44.3,,False,False,False,False
ORC-0000616,AVL-RBC,2024-10-01,59.2,50.9,49.0,56041.0,44.9,14.7,43.1,,False,False,False,False
ORC-0000617,AVL-RBC,2024-11-01,59.2,50.1,55.2,67829.8,57.8,49.3,53.3,,False,False,False,False
ORC-0000618,AVL-RBC,2024-12-01,59.2,34.8,49.7,61456.2,61.6,45.3,45.5,,False,False,False,False
ORC-0000619,AVL-RBC,2025-01-01,59.2,28.9,45.2,55459.3,44.3,27.9,49.0,,False,False,False,False
ORC-0000620,AVL-RBC,2025-02-01,59.2,25.1,46.6,66357.5,60.2,22.7,54.1,,False,False,False,False
ORC-0000621,AVL-RBC,2025-03-01,59.2,63.2,54.7,65524.4,61.1,53.9,50.4,,False,False,False,False
ORC-0000622,AVL-RBC,2025-04-01,59.2,74.7,52.9,66227.2,62.1,38.2,34.3,,False,False,False,False
ORC-0000623,AVL-RBC,2025-05-01,59.2,91.2,62.3,62529.5,61.8,49.1,23.7,,False,False,False,False
ORC-0000624,AVL-RBC,2025-06-01,59.2,73.4,62.5,68351.1,61.6,38.4,34.1,,False,False,False,False
ORC-0000625,AVL-KAR,2019-01-01,84.7,37.8,41.0,66293.8,49.0,45.3,53.6,,False,False,False,False
ORC-0000626,AVL-KAR,2019-02-01,84.7,29.2,43.6,74633.4,55.3,48.0,43.3,,False,False,False,False
ORC-0000627,AVL-KAR,2019-03-01,84.7,55.6,43.5,66274.4,54.9,34.2,48.9,,False,False,False,False
ORC-0000628,AVL-KAR,2019-04-01,84.7,100.0,66.3,106433.5,66.8,21.5,32.9,,False,False,False,False
ORC-0000629,AVL-KAR,2019-05-01,84.7,97.3,68.7,116627.0,63.9,29.7,39.0,,False,False,False,False
ORC-0000630,AVL-KAR,2019-06-01,84.7,90.6,48.0,83975.8,48.8,34.3,35.5,,False,False,False,False
ORC-0000631,AVL-KAR,2019-07-01,84.7,86.5,57.0,99557.5,57.7,41.9,36.5,,False,False,False,False
ORC-0000632,AVL-KAR,2019-08-01,84.7,46.2,45.1,82297.3,56.1,46.9,45.1,,False,False,False,False
ORC-0000633,AVL-KAR,2019-09-01,84.7,59.2,44.0,71101.4,46.9,21.5,25.2,,False,False,False,False
ORC-0000634,AVL-KAR,2019-10-01,84.7,57.3,59.3,93593.8,61.7,38.0,35.8,,False,False,False,False
ORC-0000635,AVL-KAR,2019-11-01,84.7,51.9,57.6,101938.0,52.3,34.4,46.2,,False,False,False,False
ORC-0000636,AVL-KAR,2019-12-01,84.7,48.4,39.9,51171.9,57.9,35.5,41.6,,False,False,False,False
ORC-0000637,AVL-KAR,2020-01-01,84.7,40.8,50.2,77384.3,75.0,36.3,45.8,,False,False,False,False
ORC-0000638,AVL-KAR,2020-02-01,84.7,34.1,38.2,61069.8,62.3,35.9,46.8,,False,False,False,False
ORC-0000639,AVL-KAR,2020-03-01,84.7,54.6,47.1,83463.5,50.4,52.7,57.5,,False,False,False,False
ORC-0000640,AVL-KAR,2020-04-01,84.7,75.2,61.9,107848.0,62.8,37.3,48.6,,False,False,False,False
ORC-0000641,AVL-KAR,2020-05-01,84.7,100.0,70.5,118638.7,51.1,41.9,42.0,,False,False,False,False
ORC-0000642,AVL-KAR,2020-06-01,84.7,92.4,52.3,91348.1,65.0,27.6,39.4,,False,False,False,False
ORC-0000643,AVL-KAR,2020-07-01,84.7,66.1,52.0,87485.4,49.7,53.0,32.6,,False,False,False,False
ORC-0000644,AVL-KAR,2020-08-01,84.7,56.5,46.2,74418.3,55.3,45.0,29.9,,False,False,False,False
ORC-0000645,AVL-KAR,2020-09-01,84.7,53.5,58.6,97190.9,62.3,25.4,38.0,,False,False,False,False
ORC-0000646,AVL-KAR,2020-10-01,84.7,55.5,49.8,83763.8,57.0,32.8,47.7,,False,False,False,False
ORC-0000647,AVL-KAR,2020-11-01,84.7,56.4,52.6,102367.2,50.4,45.8,44.3,,False,False,False,False
ORC-0000648,AVL-KAR,2020-12-01,84.7,30.0,41.0,63808.1,53.6,22.0,41.6,,False,False,False,False
ORC-0000649,AVL-KAR,2021-01-01,84.7,29.2,51.2,85936.6,67.1,39.7,39.3,,False,False,False,False
ORC-0000650,AVL-KAR,2021-02-01,84.7,23.0,37.4,70294.5,59.3,39.6,56.0,,False,False,False,False
ORC-0000651,AVL-KAR,2021-03-01,84.7,74.1,44.3,72100.9,52.4,48.4,40.0,,False,False,False,False
ORC-0000652,AVL-KAR,2021-04-01,84.7,88.2,63.6,94767.9,47.3,39.7,38.3,,False,False,False,False
ORC-0000653,AVL-KAR,2021-05-01,84.7,92.4,56.1,99826.5,52.5,32.4,33.2,,False,False,False,False
ORC-0000654,AVL-KAR,2021-06-01,84.7,94.5,56.4,91780.3,51.0,43.3,42.6,,False,False,False,False
ORC-0000655,AVL-KAR,2021-07-01,84.7,77.6,69.9,116624.0,60.6,56.7,45.9,,False,False,False,False
ORC-0000656,AVL-KAR,2021-08-01,84.7,51.2,47.7,88576.6,53.4,48.1,54.3,,False,False,False,False
ORC-0000657,AVL-KAR,2021-09-01,84.7,44.6,43.1,70374.5,52.3,27.6,38.4,,False,False,False,False
ORC-0000658,AVL-KAR,2021-10-01,84.7,57.7,52.6,99192.9,62.8,49.0,57.9,,False,False,False,False
ORC-0000659,AVL-KAR,2021-11-01,84.7,54.9,56.0,103620.0,74.3,22.6,41.0,,False,False,False,False
ORC-0000660,AVL-KAR,2021-12-01,84.7,39.0,38.3,63876.9,46.7,29.7,35.1,,False,False,False,False
ORC-0000661,AVL-KAR,2022-01-01,84.7,38.6,43.0,73025.9,64.1,38.6,36.9,,False,False,False,False
ORC-0000662,AVL-KAR,2022-02-01,84.7,22.8,39.0,63407.7,47.3,58.4,46.8,,False,False,False,False
ORC-0000663,AVL-KAR,2022-03-01,84.7,65.8,56.4,79070.8,41.5,40.7,43.8,,False,False,False,False
ORC-0000664,AVL-KAR,2022-04-01,84.7,85.9,53.5,93686.6,63.8,38.3,51.1,,False,False,False,False
ORC-0000665,AVL-KAR,2022-05-01,84.7,91.8,48.8,85684.1,56.6,51.4,43.5,,False,False,False,False
ORC-0000666,AVL-KAR,2022-06-01,84.7,99.4,68.3,112934.7,63.5,33.7,27.5,,False,False,False,False
ORC-0000667,AVL-KAR,2022-07-01,84.7,63.9,61.7,110274.4,66.4,51.8,49.9,,False,False,False,False
ORC-0000668,AVL-KAR,2022-08-01,84.7,50.6,51.6,85433.8,51.4,23.7,41.1,,False,False,False,False
ORC-0000669,AVL-KAR,2022-09-01,84.7,60.3,46.8,81828.8,54.8,32.2,45.9,,False,False,False,False
ORC-0000670,AVL-KAR,2022-10-01,84.7,55.7,57.3,99737.8,71.5,42.4,35.9,,False,False,False,False
ORC-0000671,AVL-KAR,2022-11-01,84.7,49.3,48.1,77545.7,41.7,33.3,34.9,,False,False,False,False
ORC-0000672,AVL-KAR,2022-12-01,84.7,46.6,53.4,88678.7,55.1,27.8,29.9,,False,False,False,False
ORC-0000673,AVL-KAR,2023-01-01,84.7,30.9,45.6,73613.2,49.3,48.6,38.5,,False,False,False,False
ORC-0000674,AVL-KAR,2023-02-01,84.7,40.6,42.1,81459.9,52.4,39.1,38.4,,False,False,False,False
ORC-0000675,AVL-KAR,2023-03-01,84.7,62.9,48.3,76218.8,50.0,28.1,58.3,,False,False,False,False
ORC-0000676,AVL-KAR,2023-04-01,84.7,91.5,46.9,66492.1,41.2,21.6,40.2,,False,False,False,False
ORC-0000677,AVL-KAR,2023-05-01,84.7,86.7,53.8,89440.3,56.7,50.5,34.5,,False,False,False,False
ORC-0000678,AVL-KAR,2023-06-01,84.7,100.0,63.7,115353.0,44.3,32.0,43.5,,False,False,False,False
ORC-0000679,AVL-KAR,2023-07-01,84.7,78.2,56.7,86479.6,60.8,26.8,36.4,,False,False,False,False
ORC-0000680,AVL-KAR,2023-08-01,84.7,51.8,43.9,83467.7,48.7,20.5,36.6,,False,False,False,False
ORC-0000681,AVL-KAR,2023-09-01,84.7,50.1,57.5,102416.8,64.5,44.7,29.2,,False,False,False,False
ORC-0000682,AVL-KAR,2023-10-01,84.7,47.3,39.5,65546.4,45.7,24.1,50.7,,False,False,False,False
ORC-0000683,AVL-KAR,2023-11-01,84.7,40.8,54.0,83789.1,57.4,33.4,23.9,,False,False,False,False
ORC-0000684,AVL-KAR,2023-12-01,84.7,39.9,43.5,70209.4,55.8,47.6,27.0,,False,False,False,False
ORC-0000685,AVL-KAR,2024-01-01,84.7,46.8,46.1,80430.1,49.3,39.0,31.7,,False,False,False,False
ORC-0000686,AVL-KAR,2024-02-01,84.7,30.8,42.8,73039.5,51.0,31.1,58.3,,False,False,False,False
ORC-0000687,AVL-KAR,2024-03-01,84.7,79.2,51.3,88307.6,56.8,32.2,39.2,,False,False,False,False
ORC-0000688,AVL-KAR,2024-04-01,84.7,83.2,58.4,93454.5,75.0,57.8,51.5,,False,False,False,False
ORC-0000689,AVL-KAR,2024-05-01,84.7,94.9,53.7,73079.5,54.3,50.0,49.4,,False,False,False,False
ORC-0000690,AVL-KAR,2024-06-01,84.7,89.5,60.3,102698.4,52.5,36.1,29.4,,False,False,False,False
ORC-0000691,AVL-KAR,2024-07-01,84.7,84.0,58.1,98661.3,54.7,31.2,41.4,,False,False,False,False
ORC-0000692,AVL-KAR,2024-08-01,84.7,43.7,45.8,87853.9,46.5,25.7,34.6,,False,False,False,False
ORC-0000693,AVL-KAR,2024-09-01,84.7,63.8,51.2,85102.5,56.9,36.7,44.6,,False,False,False,False
ORC-0000694,AVL-KAR,2024-10-01,84.7,44.9,46.4,75586.6,49.1,35.9,43.6,,False,False,False,False
ORC-0000695,AVL-KAR,2024-11-01,84.7,48.5,44.1,81289.0,51.3,38.7,40.2,,False,False,False,False
ORC-0000696,AVL-KAR,2024-12-01,84.7,37.6,46.0,76736.7,54.0,59.4,49.8,,False,False,False,False
ORC-0000697,AVL-KAR,2025-01-01,84.7,37.3,40.8,72821.6,52.7,20.1,37.7,,False,False,False,False
ORC-0000698,AVL-KAR,2025-02-01,84.7,17.0,42.5,64232.5,49.8,35.0,56.5,,False,False,False,False
ORC-0000699,AVL-KAR,2025-03-01,84.7,52.6,51.3,93831.3,53.1,41.3,44.6,,False,False,False,False
ORC-0000700,AVL-KAR,2025-04-01,84.7,84.7,51.4,80494.3,45.5,56.9,38.3,,False,False,False,False
ORC-0000701,AVL-KAR,2025-05-01,84.7,100.0,56.1,90384.7,44.8,47.0,39.6,,False,False,False,False
ORC-0000702,AVL-KAR,2025-06-01,84.7,84.1,50.2,94637.1,58.5,47.8,35.3,,False,False,False,False
ORC-0000703,AVL-YAU,2019-01-01,6.0,42.2,46.1,5409.4,55.5,21.7,42.8,,False,False,False,False
ORC-0000704,AVL-YAU,2019-02-01,6.0,31.0,45.6,4946.5,60.6,41.2,39.0,,False,False,False,False
ORC-0000705,AVL-YAU,2019-03-01,6.0,51.8,54.8,5878.2,67.3,29.9,52.3,,False,False,False,False
ORC-0000706,AVL-YAU,2019-04-01,6.0,100.0,58.2,6943.8,52.6,30.2,30.4,,False,False,False,False
ORC-0000707,AVL-YAU,2019-05-01,6.0,92.2,56.6,6848.7,54.1,36.2,30.8,,False,False,False,False
ORC-0000708,AVL-YAU,2019-06-01,6.0,75.7,57.6,7174.9,61.9,47.8,48.8,,False,False,False,False
ORC-0000709,AVL-YAU,2019-07-01,6.0,91.4,59.7,7274.1,69.7,50.1,27.8,,False,False,False,False
ORC-0000710,AVL-YAU,2019-08-01,6.0,58.0,50.9,5853.8,52.4,28.2,34.1,,False,False,False,False
ORC-0000711,AVL-YAU,2019-09-01,6.0,57.1,47.7,5758.5,55.6,33.9,33.8,,False,False,False,False
ORC-0000712,AVL-YAU,2019-10-01,6.0,43.1,42.1,4097.9,42.7,33.3,34.7,,False,False,False,False
ORC-0000713,AVL-YAU,2019-11-01,6.0,36.9,53.9,6361.3,58.9,30.5,28.3,,False,False,False,False
ORC-0000714,AVL-YAU,2019-12-01,6.0,46.2,49.9,6000.3,57.2,41.7,55.4,,False,False,False,False
ORC-0000715,AVL-YAU,2020-01-01,6.0,52.9,63.5,7772.7,70.5,43.4,32.9,,False,False,False,False
ORC-0000716,AVL-YAU,2020-02-01,6.0,46.5,39.3,4481.1,61.8,50.2,39.0,,False,False,False,False
ORC-0000717,AVL-YAU,2020-03-01,6.0,61.8,0.561,6690.4,71.5,21.1,31.3,,False,False,False,False
ORC-0000718,AVL-YAU,2020-04-01,6.0,95.4,57.3,6720.2,49.3,46.5,57.5,,False,False,False,False
ORC-0000719,AVL-YAU,2020-05-01,6.0,87.3,0.595,6981.0,63.6,25.9,40.1,,False,False,False,False
ORC-0000720,AVL-YAU,2020-06-01,6.0,100.0,62.5,7928.4,70.4,31.0,44.1,,False,False,False,False
ORC-0000721,AVL-YAU,2020-07-01,6.0,80.6,52.3,5806.9,63.5,35.2,19.1,,False,False,False,False
ORC-0000722,AVL-YAU,2020-08-01,6.0,56.3,45.3,5192.8,51.0,36.4,41.0,,False,False,False,False
ORC-0000723,AVL-YAU,2020-09-01,6.0,48.9,49.1,6266.1,66.7,39.7,36.0,,False,False,False,False
ORC-0000724,AVL-YAU,2020-10-01,6.0,50.8,42.5,5220.9,52.4,39.7,39.4,,False,False,False,False
ORC-0000725,AVL-YAU,2020-11-01,6.0,56.0,56.5,6170.5,62.7,33.6,52.0,,False,False,False,False
ORC-0000726,AVL-YAU,2020-12-01,6.0,52.8,55.5,7111.5,58.9,43.3,29.7,,False,False,False,False
ORC-0000727,AVL-YAU,2021-01-01,6.0,43.0,38.8,4794.3,42.8,32.1,38.0,,False,False,False,False
ORC-0000728,AVL-YAU,2021-02-01,6.0,34.4,43.9,4973.0,56.8,32.3,32.2,,False,False,False,False
ORC-0000729,AVL-YAU,2021-03-01,6.0,67.4,49.9,5680.4,66.0,48.0,34.7,,False,False,False,False
ORC-0000730,AVL-YAU,2021-04-01,6.0,82.1,52.7,6094.7,57.9,31.4,57.0,,False,False,False,False
ORC-0000731,AVL-YAU,2021-05-01,6.0,100.0,71.1,8576.4,57.4,42.7,46.7,,False,False,False,False
ORC-0000732,AVL-YAU,2021-06-01,6.0,92.6,63.9,7527.2,57.8,31.1,48.5,,False,False,False,False
ORC-0000733,AVL-YAU,2021-07-01,6.0,72.1,51.3,5292.7,56.1,38.1,37.2,,False,False,False,False
ORC-0000734,AVL-YAU,2021-08-01,6.0,60.0,54.6,6576.6,64.8,34.4,37.9,,False,False,False,False
ORC-0000735,AVL-YAU,2021-09-01,6.0,53.1,45.9,5094.7,58.3,38.0,30.5,,False,False,False,False
ORC-0000736,AVL-YAU,2021-10-01,6.0,51.5,50.7,5567.4,54.2,40.3,46.0,,False,False,False,False
ORC-0000737,AVL-YAU,2021-11-01,6.0,46.3,41.2,4531.6,48.4,50.1,33.3,,False,False,False,False
ORC-0000738,AVL-YAU,2021-12-01,6.0,45.5,54.7,6826.6,68.8,30.2,39.2,,False,False,False,False
ORC-0000739,AVL-YAU,2022-01-01,6.0,41.6,53.9,6713.6,60.5,9.7,41.7,,False,False,False,False
ORC-0000740,AVL-YAU,2022-02-01,6.0,41.6,51.3,6258.8,63.3,51.6,49.2,,False,False,False,False
ORC-0000741,AVL-YAU,2022-03-01,6.0,71.9,61.5,6950.9,71.4,21.5,43.1,,False,False,False,False
ORC-0000742,AVL-YAU,2022-04-01,6.0,79.3,51.8,5703.0,57.3,34.6,38.1,,False,False,False,False
ORC-0000743,AVL-YAU,2022-05-01,6.0,83.1,61.3,6542.9,55.5,30.1,43.1,,False,False,False,False
ORC-0000744,AVL-YAU,2022-06-01,6.0,91.3,70.8,8363.5,71.7,38.7,28.9,,False,False,False,False
ORC-0000745,AVL-YAU,2022-07-01,6.0,78.5,60.0,6819.3,64.0,39.5,35.4,,False,False,False,False
ORC-0000746,AVL-YAU,2022-08-01,6.0,57.7,57.6,6721.4,66.9,14.4,38.7,,False,False,False,False
ORC-0000747,AVL-YAU,2022-09-01,6.0,46.4,56.4,7485.7,67.5,37.0,42.7,,False,False,False,False
ORC-0000748,AVL-YAU,2022-10-01,6.0,64.4,59.5,6720.3,58.3,42.6,40.8,,False,False,False,False
ORC-0000749,AVL-YAU,2022-11-01,6.0,47.5,63.7,7417.2,65.6,38.9,22.3,,False,False,False,False
ORC-0000750,AVL-YAU,2022-12-01,6.0,35.0,53.3,5565.5,61.4,61.3,47.3,,False,False,False,False
ORC-0000751,AVL-YAU,2023-01-01,6.0,39.8,61.6,7581.9,80.5,43.3,33.7,,False,False,False,False
ORC-0000752,AVL-YAU,2023-02-01,6.0,18.3,39.7,4588.4,54.6,29.3,50.7,,False,False,False,False
ORC-0000753,AVL-YAU,2023-03-01,6.0,62.9,55.4,6819.7,45.1,43.1,34.2,,False,False,False,False
ORC-0000754,AVL-YAU,2023-04-01,6.0,84.7,66.4,7589.4,62.0,36.4,27.8,,False,False,False,False
ORC-0000755,AVL-YAU,2023-05-01,6.0,93.6,70.7,9030.1,73.8,42.5,39.9,,False,False,False,False
ORC-0000756,AVL-YAU,2023-06-01,6.0,100.0,58.5,5890.6,76.6,31.5,40.5,,False,False,False,False
ORC-0000757,AVL-YAU,2023-07-01,6.0,79.4,53.4,6449.4,53.9,37.9,41.1,,False,False,False,False
ORC-0000758,AVL-YAU,2023-08-01,6.0,63.3,49.0,6155.3,53.5,28.9,52.1,,False,False,False,False
ORC-0000759,AVL-YAU,2023-09-01,6.0,57.6,44.3,5302.4,50.7,38.5,52.2,  storm-related  flower  loss ,False,True,False,False
ORC-0000760,AVL-YAU,2023-10-01,6.0,51.7,52.7,5884.5,59.2,43.0,37.1,,False,False,False,False
ORC-0000761,AVL-YAU,2023-11-01,6.0,45.6,47.9,5283.0,56.4,50.1,54.5,,False,False,False,False
ORC-0000762,AVL-YAU,2023-12-01,6.0,46.2,49.2,4824.4,59.6,33.2,29.4,,False,False,False,False
ORC-0000763,AVL-YAU,2024-01-01,6.0,26.0,44.7,5398.0,64.3,39.2,48.9,,False,False,False,False
ORC-0000764,AVL-YAU,2024-02-01,6.0,27.9,44.3,4859.9,70.3,60.7,50.8,,False,False,False,False
ORC-0000765,AVL-YAU,2024-03-01,6.0,70.2,65.1,7641.7,61.4,25.5,56.9,,False,False,False,False
ORC-0000766,AVL-YAU,2024-04-01,6.0,100.0,71.9,8667.1,60.7,44.2,35.2,,False,False,False,False
ORC-0000767,AVL-YAU,2024-05-01,6.0,100.0,54.9,6129.4,47.0,61.5,39.9,,False,False,False,False
ORC-0000768,AVL-YAU,2024-06-01,6.0,89.4,52.8,6070.7,55.0,36.0,28.5,,False,False,False,False
ORC-0000769,AVL-YAU,2024-07-01,6.0,74.3,63.9,8227.0,60.1,53.6,47.9,,False,False,False,False
ORC-0000770,AVL-YAU,2024-08-01,6.0,69.2,46.5,5338.1,61.3,42.2,45.4,,False,False,False,False
ORC-0000771,AVL-YAU,2024-09-01,6.0,61.6,51.4,6269.6,52.5,39.4,36.2,,False,False,False,False
ORC-0000772,AVL-YAU,2024-10-01,6.0,52.6,52.4,6245.2,77.0,47.1,29.0,,False,False,False,False
ORC-0000773,AVL-YAU,2024-11-01,6.0,49.8,50.7,5992.1,53.7,55.3,42.2,,False,False,False,False
ORC-0000774,AVL-YAU,2024-12-01,6.0,40.2,42.5,4297.7,43.6,47.0,49.0,,False,False,False,False
ORC-0000775,AVL-YAU,2025-01-01,6.0,48.7,38.6,3971.3,63.1,45.5,24.9,,False,False,False,False
ORC-0000776,AVL-YAU,2025-02-01,6.0,24.9,42.3,5244.4,56.3,26.9,32.3,,False,False,False,False
ORC-0000777,AVL-YAU,2025-03-01,6.0,64.6,64.0,7850.9,67.8,28.9,37.2,,False,False,False,False
ORC-0000778,AVL-YAU,2025-04-01,6.0,95.2,61.9,7958.0,48.2,54.1,33.7,,False,False,False,False
ORC-0000779,AVL-YAU,2025-05-01,6.0,99.6,68.3,8051.8,64.7,40.9,35.2,,False,False,False,False
ORC-0000780,AVL-YAU,2025-06-01,6.0,99.9,61.2,8038.6,46.0,22.6,34.4,,False,False,False,False
ORC-0000781,AVL-HUA,2019-01-01,47.7,42.8,42.2,34407.4,54.3,35.1,35.5,,False,False,False,False
ORC-0000782,AVL-HUA,2019-02-01,47.7,32.6,48.9,46116.2,50.9,41.5,35.3,,False,False,False,False
ORC-0000783,AVL-HUA,2019-03-01,47.7,66.0,45.0,41592.2,38.0,45.4,51.9,,False,False,False,False
ORC-0000784,AVL-HUA,2019-04-01,47.7,88.2,51.2,45229.5,45.4,40.1,57.4,,False,False,False,False
ORC-0000785,AVL-HUA,2019-05-01,47.7,100.0,57.7,54054.1,49.5,24.1,33.6,,False,False,False,False
ORC-0000786,AVL-HUA,2019-06-01,47.7,89.2,58.9,50661.2,54.2,25.0,28.6,,False,False,False,False
ORC-0000787,AVL-HUA,2019-07-01,47.7,93.1,50.5,46273.5,41.7,25.5,33.5,,False,False,False,False
ORC-0000788,AVL-HUA,2019-08-01,47.7,61.0,53.7,52037.8,62.3,33.1,55.1,,False,False,False,False
ORC-0000789,AVL-HUA,2019-09-01,47.7,62.5,51.4,45100.4,54.9,25.4,28.3,,False,False,False,False
ORC-0000790,AVL-HUA,2019-10-01,47.7,43.6,37.7,30245.6,60.7,28.6,34.1,,False,False,False,False
ORC-0000791,AVL-HUA,2019-11-01,47.7,41.3,52.8,55556.4,63.9,40.4,38.0,,False,False,False,False
ORC-0000792,AVL-HUA,2019-12-01,47.7,45.1,40.4,39307.9,59.5,45.1,35.9,,False,False,False,False
ORC-0000793,AVL-HUA,2020-01-01,47.7,35.5,44.3,40552.0,61.0,35.2,32.6,,False,False,False,False
ORC-0000794,AVL-HUA,2020-02-01,47.7,41.9,43.5,41427.4,56.4,29.0,44.3,,False,False,False,False
ORC-0000795,AVL-HUA,2020-03-01,47.7,62.0,48.8,47775.6,52.2,22.7,60.7,,False,False,False,False
ORC-0000796,AVL-HUA,2020-04-01,47.7,93.0,51.7,48522.6,46.9,35.5,59.3,,False,False,False,False
ORC-0000797,AVL-HUA,2020-05-01,47.7,100.0,63.7,61251.5,58.9,50.2,45.2,,False,False,False,False
ORC-0000798,AVL-HUA,2020-06-01,47.7,82.6,54.8,47555.4,58.8,34.2,36.1,,False,False,False,False
ORC-0000799,AVL-HUA,2020-07-01,47.7,81.5,39.6,38903.7,42.0,28.8,31.2,,False,False,False,False
ORC-0000800,AVL-HUA,2020-08-01,47.7,58.2,57.1,50161.3,65.2,51.3,54.9,,False,False,False,False
ORC-0000801,AVL-HUA,2020-09-01,47.7,60.7,45.4,36686.7,47.4,48.4,29.5,,False,False,False,False
ORC-0000802,AVL-HUA,2020-10-01,47.7,51.5,44.7,40344.8,48.6,40.7,44.0,,False,False,False,False
ORC-0000803,AVL-HUA,2020-11-01,47.7,61.0,45.1,44175.0,59.2,37.6,43.7,,False,False,False,False
ORC-0000804,AVL-HUA,2020-12-01,47.7,46.3,45.2,40248.3,67.0,32.0,43.4,,False,False,False,False
ORC-0000805,AVL-HUA,2021-01-01,47.7,42.8,46.4,44593.1,51.3,30.8,30.2,,False,False,False,False
ORC-0000806,AVL-HUA,2021-02-01,47.7,31.1,34.8,39446.2,49.9,53.6,54.6,,False,False,False,False
ORC-0000807,AVL-HUA,2021-03-01,47.7,65.2,48.4,41801.7,59.6,33.8,27.6,,False,False,False,False
ORC-0000808,AVL-HUA,2021-04-01,47.7,71.6,57.3,47410.4,54.9,15.7,36.1,,False,False,False,False
ORC-0000809,AVL-HUA,2021-05-01,47.7,85.6,58.2,52535.2,59.6,46.2,30.6,,False,False,False,False
ORC-0000810,AVL-HUA,2021-06-01,47.7,94.2,69.3,69077.6,82.0,34.5,27.8,,False,False,False,False
ORC-0000811,AVL-HUA,2021-07-01,47.7,69.1,57.1,59037.4,51.9,36.7,45.9,,False,False,False,False
ORC-0000812,AVL-HUA,2021-08-01,47.7,44.8,34.3,22800.2,49.8,41.0,27.8,,False,False,False,False
ORC-0000813,AVL-HUA,2021-09-01,47.7,50.2,48.0,48166.9,48.2,40.9,24.0,,False,False,False,False
ORC-0000814,AVL-HUA,2021-10-01,47.7,48.7,50.9,46809.4,71.7,34.3,42.5,,False,False,False,False
ORC-0000815,AVL-HUA,2021-11-01,47.7,34.6,39.3,33637.3,38.1,55.3,46.1,,False,False,False,False
ORC-0000816,AVL-HUA,2021-12-01,47.7,41.6,36.4,36232.5,42.0,37.9,50.2,,False,False,False,False
ORC-0000817,AVL-HUA,2022-01-01,47.7,49.6,55.0,50875.8,68.5,21.6,28.9,,False,False,False,False
ORC-0000818,AVL-HUA,2022-02-01,47.7,20.8,27.3,21668.7,41.8,30.3,44.8,,False,False,False,False
ORC-0000819,AVL-HUA,2022-03-01,47.7,48.1,50.6,41611.3,59.0,22.2,45.2,,False,False,False,False
ORC-0000820,AVL-HUA,2022-04-01,47.7,71.0,45.9,43623.7,55.3,48.7,54.5,,False,False,False,False
ORC-0000821,AVL-HUA,2022-05-01,47.7,91.4,58.6,52248.2,62.7,31.6,49.4,,False,False,False,False
ORC-0000822,AVL-HUA,2022-06-01,47.7,78.1,51.0,47156.7,53.8,29.1,29.8,,False,False,False,False
ORC-0000823,AVL-HUA,2022-07-01,47.7,74.7,55.2,47515.8,53.3,51.1,30.4,,False,False,False,False
ORC-0000824,AVL-HUA,2022-08-01,47.7,61.5,49.5,42600.4,52.5,23.9,33.1,,False,False,False,False
ORC-0000825,AVL-HUA,2022-09-01,47.7,40.8,45.3,42905.5,48.6,38.5,44.1,,False,False,False,False
ORC-0000826,AVL-HUA,2022-10-01,47.7,55.6,41.9,36763.0,54.3,50.7,29.1,,False,False,False,False
ORC-0000827,AVL-HUA,2022-11-01,47.7,50.6,41.0,39477.4,54.8,30.3,31.8,,False,False,False,False
ORC-0000828,AVL-HUA,2022-12-01,47.7,34.9,34.5,36803.0,58.4,42.5,39.8,,False,False,False,False
ORC-0000829,AVL-HUA,2023-01-01,47.7,37.8,51.3,43566.1,48.1,40.4,33.7,,False,False,False,False
ORC-0000830,AVL-HUA,2023-02-01,47.7,25.8,45.5,42758.5,54.0,40.4,43.3,,False,False,False,False
ORC-0000831,AVL-HUA,2023-03-01,47.7,76.3,49.1,48021.8,49.5,42.0,40.8,,False,False,False,False
ORC-0000832,AVL-HUA,2023-04-01,47.7,84.3,51.4,51931.7,40.4,38.2,50.0,,False,False,False,False
ORC-0000833,AVL-HUA,2023-05-01,47.7,100.0,61.1,58758.0,47.9,47.8,47.5,,False,False,False,False
ORC-0000834,AVL-HUA,2023-06-01,47.7,84.7,45.9,38742.3,41.6,38.5,30.1,,False,False,False,False
ORC-0000835,AVL-HUA,2023-07-01,47.7,82.6,58.5,49623.6,67.8,42.0,35.2,,False,False,False,False
ORC-0000836,AVL-HUA,2023-08-01,47.7,45.8,44.1,37366.5,47.9,15.6,30.1,,False,False,False,False
ORC-0000837,AVL-HUA,2023-09-01,47.7,49.8,40.8,36321.2,59.1,43.0,42.3,,False,False,False,False
ORC-0000838,AVL-HUA,2023-10-01,47.7,52.9,48.7,46563.5,45.5,35.3,38.8,,False,False,False,False
ORC-0000839,AVL-HUA,2023-11-01,47.7,42.5,39.9,36352.0,61.6,33.4,43.3,,False,False,False,False
ORC-0000840,AVL-HUA,2023-12-01,47.7,25.4,41.7,44563.7,62.3,27.6,36.3,,False,False,False,False
ORC-0000841,AVL-HUA,2024-01-01,47.7,33.8,42.2,37788.2,52.6,44.6,23.8,,False,False,False,False
ORC-0000842,AVL-HUA,2024-02-01,47.7,32.8,39.8,42241.6,58.5,31.1,64.7,,False,False,False,False
ORC-0000843,AVL-HUA,2024-03-01,47.7,69.8,53.4,50913.0,66.1,39.2,47.1,,False,False,False,False
ORC-0000844,AVL-HUA,2024-04-01,47.7,83.6,50.9,42300.2,56.6,26.7,49.7,,False,False,False,False
ORC-0000845,AVL-HUA,2024-05-01,47.7,100.0,55.0,48761.4,53.5,19.5,34.6,,False,False,False,False
ORC-0000846,AVL-HUA,2024-06-01,47.7,92.9,57.4,45826.8,62.9,50.7,26.8,,False,False,False,False
ORC-0000847,AVL-HUA,2024-07-01,47.7,84.2,56.6,51003.3,47.6,13.7,43.0,,False,False,False,False
ORC-0000848,AVL-HUA,2024-08-01,47.7,57.6,47.9,45012.4,55.9,50.1,42.2,,False,False,False,False
ORC-0000849,AVL-HUA,2024-09-01,47.7,64.8,47.6,34101.3,63.1,22.7,40.2,,False,False,False,False
ORC-0000850,AVL-HUA,2024-10-01,47.7,46.1,42.7,36987.8,49.4,58.0,40.5,,False,False,False,False
ORC-0000851,AVL-HUA,2024-11-01,47.7,49.0,48.5,44541.8,70.8,38.6,36.3,,False,False,False,False
ORC-0000852,AVL-HUA,2024-12-01,47.7,34.3,49.0,46763.4,59.8,47.4,43.9,,False,False,False,False
ORC-0000853,AVL-HUA,2025-01-01,47.7,28.7,33.7,29280.7,53.3,59.0,37.4,,False,False,False,False
ORC-0000854,AVL-HUA,2025-02-01,47.7,36.1,48.2,40888.3,54.1,24.5,40.4,,False,False,False,False
ORC-0000855,AVL-HUA,2025-03-01,47.7,64.5,54.6,49631.4,48.1,62.2,44.9,,False,False,False,False
ORC-0000856,AVL-HUA,2025-04-01,47.7,74.2,56.7,51741.7,57.2,32.9,39.8,,False,False,False,False
ORC-0000857,AVL-HUA,2025-05-01,47.7,77.7,47.9,53967.3,62.0,51.2,43.7,,False,False,False,False
ORC-0000858,AVL-HUA,2025-06-01,47.7,100.0,60.2,51216.6,49.9,37.6,43.5,,False,False,False,False
ORC-0000859,AVL-NMQ,2019-01-01,31.3,40.1,51.5,35844.9,58.3,54.2,51.1,,False,False,False,False
ORC-0000860,AVL-NMQ,2019-02-01,31.3,28.9,54.6,30456.3,64.7,50.4,46.8,,False,False,False,False
ORC-0000861,AVL-NMQ,2019-03-01,31.3,68.7,60.9,34196.1,62.5,34.4,41.3,,False,False,False,False
ORC-0000862,AVL-NMQ,2019-04-01,31.3,82.6,52.2,30857.5,44.4,61.2,33.5,,False,False,False,False
ORC-0000863,AVL-NMQ,2019-05-01,31.3,100.0,62.0,37400.9,56.3,41.5,37.7,,False,False,False,False
ORC-0000864,AVL-NMQ,2019-06-01,31.3,97.8,68.9,43117.0,70.5,31.9,45.4,,False,False,False,False
ORC-0000865,AVL-NMQ,2019-07-01,31.3,66.7,49.8,29863.9,60.7,43.8,45.9,,False,False,False,False
ORC-0000866,AVL-NMQ,2019-08-01,31.3,50.6,55.4,34456.1,60.0,31.4,47.3,,False,False,False,False
ORC-0000867,AVL-NMQ,2019-09-01,31.3,60.0,64.9,38397.0,82.7,55.9,21.6,,False,False,False,False
ORC-0000868,AVL-NMQ,2019-10-01,31.3,50.8,55.5,34072.2,60.6,5.0,42.8,,False,False,False,False
ORC-0000869,AVL-NMQ,2019-11-01,31.3,47.9,51.8,32715.5,59.2,48.6,26.8,,False,False,False,False
ORC-0000870,AVL-NMQ,2019-12-01,31.3,35.7,54.6,37259.6,61.9,37.3,35.9,,False,False,False,False
ORC-0000871,AVL-NMQ,2020-01-01,31.3,24.7,37.8,21850.3,52.5,66.5,53.2,,False,False,False,False
ORC-0000872,AVL-NMQ,2020-02-01,31.3,29.1,45.3,28856.6,51.6,40.1,63.9,,False,False,False,False
ORC-0000873,AVL-NMQ,2020-03-01,31.3,50.2,47.9,22509.6,61.2,22.1,45.5,,False,False,False,False
ORC-0000874,AVL-NMQ,2020-04-01,31.3,79.0,63.1,36480.7,56.9,33.3,39.5,,False,False,False,False
ORC-0000875,AVL-NMQ,2020-05-01,31.3,100.0,61.8,35609.5,63.2,45.4,40.0,,False,False,False,False
ORC-0000876,AVL-NMQ,2020-06-01,31.3,100.0,70.5,46785.9,65.2,42.3,36.8,,False,False,False,False
ORC-0000877,AVL-NMQ,2020-07-01,31.3,66.4,63.9,36986.1,67.6,34.5,36.0,,False,False,False,False
ORC-0000878,AVL-NMQ,2020-08-01,31.3,52.0,56.8,34786.3,64.1,34.1,38.1,,False,False,False,False
ORC-0000879,AVL-NMQ,2020-09-01,31.3,49.0,52.3,35245.1,57.3,42.3,56.4,,False,False,False,False
ORC-0000880,AVL-NMQ,2020-10-01,31.3,67.1,55.8,34714.5,63.9,24.6,43.2,,False,False,False,False
ORC-0000881,AVL-NMQ,2020-11-01,31.3,35.0,41.9,24006.7,54.5,30.3,35.2,,False,False,False,False
ORC-0000882,AVL-NMQ,2020-12-01,31.3,52.1,56.2,34418.0,72.5,40.5,44.4,,False,False,False,False
ORC-0000883,AVL-NMQ,2021-01-01,31.3,35.5,44.8,28598.4,54.3,54.4,54.8,,False,False,False,False
ORC-0000884,AVL-NMQ,2021-02-01,31.3,25.9,62.8,36161.3,68.3,40.7,39.5,,False,False,False,False
ORC-0000885,AVL-NMQ,2021-03-01,31.3,55.9,44.5,26182.9,43.1,29.1,49.2,,False,False,False,False
ORC-0000886,AVL-NMQ,2021-04-01,31.3,82.3,53.4,33298.7,55.5,25.9,54.8,,False,False,False,False
ORC-0000887,AVL-NMQ,2021-05-01,31.3,84.7,59.8,37173.9,72.8,42.1,36.8,,False,False,False,False
ORC-0000888,AVL-NMQ,2021-06-01,31.3,100.0,56.8,33063.4,56.8,47.9,30.2,,False,False,False,False
ORC-0000889,AVL-NMQ,2021-07-01,31.3,68.3,58.0,36249.1,62.0,24.6,36.0,,False,False,False,False
ORC-0000890,AVL-NMQ,2021-08-01,31.3,41.6,49.6,29718.8,62.1,41.5,26.9,,False,False,False,False
ORC-0000891,AVL-NMQ,2021-09-01,31.3,64.4,59.6,39315.2,74.8,34.2,24.6,,False,False,False,False
ORC-0000892,AVL-NMQ,2021-10-01,31.3,57.8,46.9,30054.9,60.1,42.2,28.6,,False,False,False,False
ORC-0000893,AVL-NMQ,2021-11-01,31.3,60.2,58.7,36453.0,70.7,47.9,49.3,,False,False,False,False
ORC-0000894,AVL-NMQ,2021-12-01,31.3,50.1,49.8,33390.7,56.6,35.1,38.0,,False,False,False,False
ORC-0000895,AVL-NMQ,2022-01-01,31.3,42.4,49.3,32758.6,64.8,37.2,41.5,,False,False,False,False
ORC-0000896,AVL-NMQ,2022-02-01,31.3,36.8,60.2,36400.0,67.0,35.1,32.5,,False,False,False,False
ORC-0000897,AVL-NMQ,2022-03-01,31.3,38.0,48.1,31336.9,65.1,27.9,63.7,,False,False,False,False
ORC-0000898,AVL-NMQ,2022-04-01,31.3,80.8,63.9,35582.9,53.2,41.4,39.5,,False,False,False,False
ORC-0000899,AVL-NMQ,2022-05-01,31.3,100.0,71.7,42235.9,65.6,36.5,27.2,,False,False,False,False
ORC-0000900,AVL-NMQ,2022-06-01,31.3,88.8,65.3,42043.9,52.0,34.4,38.3,,False,False,False,False
ORC-0000901,AVL-NMQ,2022-07-01,31.3,86.1,58.1,32749.0,58.5,27.2,33.0,,False,False,False,False
ORC-0000902,AVL-NMQ,2022-08-01,31.3,47.5,47.7,26416.6,52.7,36.6,49.7,,False,False,False,False
ORC-0000903,AVL-NMQ,2022-09-01,31.3,65.1,55.8,35511.8,63.7,50.9,46.5,,False,False,False,False
ORC-0000904,AVL-NMQ,2022-10-01,31.3,58.1,49.5,34245.6,59.4,44.8,44.4,,False,False,False,False
ORC-0000905,AVL-NMQ,2022-11-01,31.3,50.7,53.9,32091.5,68.7,40.6,41.1,,False,False,False,False
ORC-0000906,AVL-NMQ,2022-12-01,31.3,51.3,58.3,38048.9,64.5,55.0,18.8,,False,False,False,False
ORC-0000907,AVL-NMQ,2023-01-01,31.3,42.5,56.8,35364.7,67.6,44.3,33.9,,False,False,False,False
ORC-0000908,AVL-NMQ,2023-02-01,31.3,33.3,52.9,38521.3,70.8,44.4,57.9,,False,False,False,False
ORC-0000909,AVL-NMQ,2023-03-01,31.3,70.2,67.1,41595.9,62.7,35.2,31.9,,False,False,False,False
ORC-0000910,AVL-NMQ,2023-04-01,31.3,80.4,55.0,36249.9,51.5,40.4,33.7,,False,False,False,False
ORC-0000911,AVL-NMQ,2023-05-01,31.3,79.3,55.9,33698.0,54.5,37.8,52.2,,False,False,False,False
ORC-0000912,AVL-NMQ,2023-06-01,31.3,100.0,59.4,30480.6,53.5,47.3,36.7,,False,False,False,False
ORC-0000913,AVL-NMQ,2023-07-01,31.3,87.4,61.7,37368.6,49.0,47.0,37.2,,False,False,False,False
ORC-0000914,AVL-NMQ,2023-08-01,31.3,59.5,64.2,35790.7,53.3,22.3,35.0,,False,False,False,False
ORC-0000915,AVL-NMQ,2023-09-01,31.3,53.5,63.2,43161.7,75.1,44.6,40.2,,False,False,False,False
ORC-0000916,AVL-NMQ,2023-10-01,31.3,52.3,55.1,35611.6,62.8,44.9,42.3,,False,False,False,False
ORC-0000917,AVL-NMQ,2023-11-01,31.3,52.2,49.1,27148.0,56.3,20.5,35.2,,False,False,False,False
ORC-0000918,AVL-NMQ,2023-12-01,31.3,45.3,55.5,33380.1,68.0,31.6,21.8,,False,False,False,False
ORC-0000919,AVL-NMQ,2024-01-01,31.3,31.2,44.4,23137.3,61.9,29.8,42.6,,False,False,False,False
ORC-0000920,AVL-NMQ,2024-02-01,31.3,35.1,0.467,29937.4,66.2,25.5,42.4,,False,False,False,False
ORC-0000921,AVL-NMQ,2024-03-01,31.3,58.7,56.8,36822.5,67.8,34.7,41.2,,False,False,False,False
ORC-0000922,AVL-NMQ,2024-04-01,31.3,91.1,57.7,36140.6,49.6,36.6,33.7,,False,False,False,False
ORC-0000923,AVL-NMQ,2024-05-01,31.3,100.0,62.8,37669.0,48.6,37.1,36.6,,False,False,False,False
ORC-0000924,AVL-NMQ,2024-06-01,31.3,97.9,67.2,42114.6,81.0,46.6,40.1,,False,False,False,False
ORC-0000925,AVL-NMQ,2024-07-01,31.3,86.2,62.5,37976.2,67.9,47.1,35.7,,False,False,False,False
ORC-0000926,AVL-NMQ,2024-08-01,31.3,68.2,56.9,33866.5,67.4,41.7,36.5,,False,False,False,False
ORC-0000927,AVL-NMQ,2024-09-01,31.3,47.9,49.5,29081.4,54.9,27.5,33.0,,False,False,False,False
ORC-0000928,AVL-NMQ,2024-10-01,31.3,54.6,52.8,30378.7,61.8,41.8,19.5,,False,False,False,False
ORC-0000929,AVL-NMQ,2024-11-01,31.3,42.4,44.1,28716.1,49.6,38.7,39.6,,False,False,False,False
ORC-0000930,AVL-NMQ,2024-12-01,31.3,45.5,54.2,32152.4,61.6,51.5,45.6,,False,False,False,False
ORC-0000931,AVL-NMQ,2025-01-01,31.3,35.3,50.8,30990.3,71.4,34.7,32.0,,False,False,False,False
ORC-0000932,AVL-NMQ,2025-02-01,31.3,29.1,41.0,23527.5,61.1,29.4,48.9,,False,False,False,False
ORC-0000933,AVL-NMQ,2025-03-01,31.3,56.0,46.7,31017.5,57.4,32.5,45.5,,False,False,False,False
ORC-0000934,AVL-NMQ,2025-04-01,31.3,79.4,62.6,42764.4,63.3,20.1,42.3,,False,False,False,False
ORC-0000935,AVL-NMQ,2025-05-01,31.3,100.0,66.1,39572.1,56.0,46.7,36.3,,False,False,False,False
ORC-0000936,AVL-NMQ,2025-06-01,31.3,90.6,58.9,40069.2,52.7,54.4,50.1,,False,False,False,False
ORC-0000937,AVL-FNQ,2019-01-01,38.2,24.3,42.1,34096.6,61.1,46.4,39.2,,False,False,False,False
ORC-0000938,AVL-FNQ,2019-02-01,38.2,28.8,49.9,37130.5,68.0,45.6,47.4,,False,False,False,False
ORC-0000939,AVL-FNQ,2019-03-01,38.2,58.3,52.9,44545.0,65.5,47.7,25.7,,False,False,False,False
ORC-0000940,AVL-FNQ,2019-04-01,38.2,80.2,49.6,37296.5,51.2,54.0,35.7,,False,False,False,False
ORC-0000941,AVL-FNQ,2019-05-01,38.2,100.0,60.0,46290.2,65.2,33.6,40.6,,False,False,False,False
ORC-0000942,AVL-FNQ,2019-06-01,38.2,100.0,61.8,40255.7,45.2,35.9,33.1,,False,False,False,False
ORC-0000943,AVL-FNQ,2019-07-01,38.2,95.3,55.4,39656.9,51.0,34.4,42.0,,False,False,False,False
ORC-0000944,AVL-FNQ,2019-08-01,38.2,40.7,41.5,31027.6,57.2,58.6,44.2,,False,False,False,False
ORC-0000945,AVL-FNQ,2019-09-01,38.2,47.0,32.0,27644.5,48.0,33.1,25.6,  elevated  pesticide  application ,True,False,False,False
ORC-0000946,AVL-FNQ,2019-10-01,38.2,50.3,46.0,42734.1,62.1,20.7,51.2,storm-related flower loss,False,False,False,True
ORC-0000947,AVL-FNQ,2019-11-01,38.2,38.7,34.5,21678.5,63.2,35.1,30.0,storm-related flower loss,False,False,False,True
ORC-0000948,AVL-FNQ,2019-12-01,38.2,45.3,38.7,27401.1,46.6,53.8,34.6,,False,False,False,False
ORC-0000949,AVL-FNQ,2020-01-01,38.2,31.8,38.4,28941.3,46.7,25.9,36.8,,False,False,False,False
ORC-0000950,AVL-FNQ,2020-02-01,38.2,34.8,53.1,37441.2,40.4,15.9,44.8,,False,False,False,False
ORC-0000951,AVL-FNQ,2020-03-01,38.2,66.4,42.9,33847.7,65.7,24.5,41.3,,False,False,False,False
ORC-0000952,AVL-FNQ,2020-04-01,38.2,80.9,56.4,43323.5,63.0,40.2,33.9,,False,False,False,False
ORC-0000953,AVL-FNQ,2020-05-01,38.2,91.6,57.2,44578.8,53.8,51.4,38.5,,False,False,False,False
ORC-0000954,AVL-FNQ,2020-06-01,38.2,93.6,58.5,44407.6,58.3,54.6,38.0,,False,False,False,False
ORC-0000955,AVL-FNQ,2020-07-01,38.2,81.5,48.4,34255.8,44.8,39.0,48.5,,False,False,False,False
ORC-0000956,AVL-FNQ,2020-08-01,38.2,44.1,47.3,34708.2,65.4,45.2,42.1,,False,False,False,False
ORC-0000957,AVL-FNQ,2020-09-01,38.2,54.6,53.9,35152.8,63.6,40.9,22.8,,False,False,False,False
ORC-0000958,AVL-FNQ,2020-10-01,38.2,38.0,47.2,33771.1,60.9,35.5,40.6,storm-related flower loss,False,False,False,True
ORC-0000959,AVL-FNQ,2020-11-01,38.2,46.6,45.3,36156.1,66.6,32.8,56.8,,False,False,False,False
ORC-0000960,AVL-FNQ,2020-12-01,38.2,32.6,51.2,31397.4,64.7,35.4,41.4,storm-related flower loss,False,False,False,True
ORC-0000961,AVL-FNQ,2021-01-01,38.2,37.1,35.4,22024.3,41.2,40.4,46.6,,False,False,False,False
ORC-0000962,AVL-FNQ,2021-02-01,38.2,30.2,37.4,30529.2,48.4,45.4,41.6,,False,False,False,False
ORC-0000963,AVL-FNQ,2021-03-01,38.2,57.2,46.8,33466.8,52.7,31.5,51.1,,False,False,False,False
ORC-0000964,AVL-FNQ,2021-04-01,38.2,95.1,57.9,39565.0,54.4,43.0,40.8,,False,False,False,False
ORC-0000965,AVL-FNQ,2021-05-01,38.2,100.0,46.2,32892.9,32.1,61.6,28.2,elevated pesticide application,False,False,True,False
ORC-0000966,AVL-FNQ,2021-06-01,38.2,87.0,50.0,37836.8,45.2,22.0,44.6,  elevated  pesticide  application ,True,False,False,False
ORC-0000967,AVL-FNQ,2021-07-01,38.2,82.4,43.5,31973.5,55.7,33.6,45.7,,False,False,False,False
ORC-0000968,AVL-FNQ,2021-08-01,38.2,54.5,51.0,42964.1,56.9,29.0,36.1,,False,False,False,False
ORC-0000969,AVL-FNQ,2021-09-01,38.2,63.4,50.0,38302.9,52.5,41.3,34.7,,False,False,False,False
ORC-0000970,AVL-FNQ,2021-10-01,38.2,55.1,43.8,31569.8,54.8,42.3,32.5,storm-related flower loss,False,False,False,True
ORC-0000971,AVL-FNQ,2021-11-01,38.2,43.1,54.2,40489.4,63.9,30.5,46.5,,False,False,False,False
ORC-0000972,AVL-FNQ,2021-12-01,38.2,34.3,39.4,26339.4,64.7,28.2,36.9,,False,False,False,False
ORC-0000973,AVL-FNQ,2022-01-01,38.2,34.7,43.3,25146.9,65.6,32.4,34.7,,False,False,False,False
ORC-0000974,AVL-FNQ,2022-02-01,38.2,19.8,36.7,22268.5,51.8,23.4,29.9,,False,False,False,False
ORC-0000975,AVL-FNQ,2022-03-01,38.2,59.0,47.4,28532.9,35.1,44.3,45.2,,False,False,False,False
ORC-0000976,AVL-FNQ,2022-04-01,38.2,100.0,53.6,38675.7,47.8,53.3,43.7,,False,False,False,False
ORC-0000977,AVL-FNQ,2022-05-01,38.2,86.2,63.2,48641.0,55.2,31.5,55.7,,False,False,False,False
ORC-0000978,AVL-FNQ,2022-06-01,38.2,97.1,54.1,40756.9,53.3,38.6,33.8,,False,False,False,False
ORC-0000979,AVL-FNQ,2022-07-01,38.2,79.1,54.7,40710.1,48.8,44.0,31.3,,False,False,False,False
ORC-0000980,AVL-FNQ,2022-08-01,38.2,55.0,52.1,41544.0,47.6,45.1,49.8,,False,False,False,False
ORC-0000981,AVL-FNQ,2022-09-01,38.2,54.1,52.4,39196.3,45.0,45.2,37.7,,False,False,False,False
ORC-0000982,AVL-FNQ,2022-10-01,38.2,57.3,42.3,23922.1,53.8,37.5,51.4,storm-related flower loss,False,False,False,True
ORC-0000983,AVL-FNQ,2022-11-01,38.2,44.0,43.7,30137.7,58.6,40.0,37.4,storm-related flower loss,False,False,False,True
ORC-0000984,AVL-FNQ,2022-12-01,38.2,36.3,39.7,31837.1,49.4,23.9,35.0,  storm-related  flower  loss ,False,True,False,False
ORC-0000985,AVL-FNQ,2023-01-01,38.2,36.9,49.8,38664.8,56.2,36.1,27.0,,False,False,False,False
ORC-0000986,AVL-FNQ,2023-02-01,38.2,38.0,44.4,30671.1,49.0,48.1,36.4,,False,False,False,False
ORC-0000987,AVL-FNQ,2023-03-01,38.2,61.7,55.7,45755.5,64.8,35.2,46.4,,False,False,False,False
ORC-0000988,AVL-FNQ,2023-04-01,38.2,76.5,41.2,31192.6,49.9,36.9,22.7,,False,False,False,False
ORC-0000989,AVL-FNQ,2023-05-01,38.2,98.8,54.2,38925.5,46.8,46.6,37.2,,False,False,False,False
ORC-0000990,AVL-FNQ,2023-06-01,38.2,87.6,61.5,46325.0,61.3,47.6,43.2,,False,False,False,False
ORC-0000991,AVL-FNQ,2023-07-01,38.2,83.2,51.8,36178.9,56.7,24.9,46.2,,False,False,False,False
ORC-0000992,AVL-FNQ,2023-08-01,38.2,43.1,29.5,25158.8,40.0,54.4,46.4,,False,False,False,False
ORC-0000993,AVL-FNQ,2023-09-01,38.2,61.4,42.1,28289.3,54.0,47.9,40.9,,False,False,False,False
ORC-0000994,AVL-FNQ,2023-10-01,38.2,54.9,45.1,32830.7,49.0,30.5,17.9,storm-related flower loss,False,False,False,True
ORC-0000995,AVL-FNQ,2023-11-01,38.2,42.0,38.3,26052.2,46.3,38.8,47.8,,False,False,False,False
ORC-0000996,AVL-FNQ,2023-12-01,38.2,40.1,39.9,26574.9,39.5,20.0,23.1,,False,False,False,False
ORC-0000997,AVL-FNQ,2024-01-01,38.2,31.3,37.1,32687.9,62.3,29.9,37.8,storm-related flower loss,False,False,False,True
ORC-0000998,AVL-FNQ,2024-02-01,38.2,26.6,40.1,30575.6,37.9,43.2,37.9,,False,False,False,False
ORC-0000999,AVL-FNQ,2024-03-01,38.2,66.6,52.7,36867.2,65.9,7.2,47.7,,False,False,False,False
ORC-0001000,AVL-FNQ,2024-04-01,38.2,75.3,52.0,41037.7,49.9,53.1,44.8,,False,False,False,False
ORC-0001001,AVL-FNQ,2024-05-01,38.2,88.4,56.7,41743.0,62.0,49.3,50.2,,False,False,False,False
ORC-0001002,AVL-FNQ,2024-06-01,38.2,92.8,55.3,41721.9,56.9,21.6,38.3,,False,False,False,False
ORC-0001003,AVL-FNQ,2024-07-01,38.2,73.4,54.1,32978.5,68.5,53.4,39.9,,False,False,False,False
ORC-0001004,AVL-FNQ,2024-08-01,38.2,66.3,35.5,21586.3,61.0,53.4,34.1,,False,False,False,False
ORC-0001005,AVL-FNQ,2024-09-01,38.2,54.2,48.3,35065.5,55.9,27.3,33.5,,False,False,False,False
ORC-0001006,AVL-FNQ,2024-10-01,38.2,54.9,50.2,35880.6,64.5,20.0,24.1,storm-related flower loss,False,False,False,True
ORC-0001007,AVL-FNQ,2024-11-01,38.2,57.4,45.5,43429.2,64.4,31.3,46.2,storm-related flower loss,False,False,False,True
ORC-0001008,AVL-FNQ,2024-12-01,38.2,31.8,42.3,27877.9,50.1,63.8,43.5,,False,False,False,False
ORC-0001009,AVL-FNQ,2025-01-01,38.2,34.1,51.2,37700.5,51.2,20.2,60.2,elevated pesticide application,False,False,True,False
ORC-0001010,AVL-FNQ,2025-02-01,38.2,31.8,39.1,29826.4,53.2,40.7,33.6,,False,False,False,False
ORC-0001011,AVL-FNQ,2025-03-01,38.2,47.4,49.0,36730.1,65.9,51.9,36.7,,False,False,False,False
ORC-0001012,AVL-FNQ,2025-04-01,38.2,97.4,50.6,35722.0,39.3,31.2,38.5,,False,False,False,False
ORC-0001013,AVL-FNQ,2025-05-01,38.2,92.6,60.0,46640.5,58.0,42.3,30.1,,False,False,False,False
ORC-0001014,AVL-FNQ,2025-06-01,38.2,98.7,50.1,38831.9,47.3,48.1,20.0,,False,False,False,False
ORC-0001015,TMB-BRC,2019-01-01,25.7,65.1,54.6,27144.3,67.1,36.6,50.9,,False,False,False,False
ORC-0001016,TMB-BRC,2019-02-01,25.7,50.6,54.7,27538.6,55.5,46.4,34.1,,False,False,False,False
ORC-0001017,TMB-BRC,2019-03-01,25.7,83.0,72.1,38024.5,60.3,56.5,47.6,,False,False,False,False
ORC-0001018,TMB-BRC,2019-04-01,25.7,96.6,65.4,30138.3,73.7,34.6,29.4,,False,False,False,False
ORC-0001019,TMB-BRC,2019-05-01,25.7,100.0,82.8,39862.9,82.1,46.7,35.1,,False,False,False,False
ORC-0001020,TMB-BRC,2019-06-01,25.7,91.7,78.3,37604.7,66.4,41.9,38.9,,False,False,False,False
ORC-0001021,TMB-BRC,2019-07-01,25.7,71.7,73.7,39717.3,63.4,42.1,28.7,,False,False,False,False
ORC-0001022,TMB-BRC,2019-08-01,25.7,40.5,47.5,23019.7,56.1,43.9,56.7,,False,False,False,False
ORC-0001023,TMB-BRC,2019-09-01,25.7,44.5,54.9,23640.2,70.8,26.2,29.9,,False,False,False,False
ORC-0001024,TMB-BRC,2019-10-01,25.7,40.3,56.0,28519.2,79.0,36.1,39.0,,False,False,False,False
ORC-0001025,TMB-BRC,2019-11-01,25.7,67.8,56.6,26450.8,73.6,28.5,48.3,,False,False,False,False
ORC-0001026,TMB-BRC,2019-12-01,25.7,48.1,64.9,30488.6,74.9,34.9,43.5,,False,False,False,False
ORC-0001027,TMB-BRC,2020-01-01,25.7,55.8,54.5,28159.1,65.5,56.3,34.7,,False,False,False,False
ORC-0001028,TMB-BRC,2020-02-01,25.7,61.0,68.2,36036.8,72.8,43.1,42.6,,False,False,False,False
ORC-0001029,TMB-BRC,2020-03-01,25.7,86.6,66.4,29035.4,75.4,42.0,39.2,,False,False,False,False
ORC-0001030,TMB-BRC,2020-04-01,25.7,100.0,76.2,36972.0,54.0,34.5,46.7,,False,False,False,False
ORC-0001031,TMB-BRC,2020-05-01,25.7,100.0,85.4,43683.9,79.0,39.5,33.2,,False,False,False,False
ORC-0001032,TMB-BRC,2020-06-01,25.7,100.0,83.3,44304.7,70.9,29.1,56.3,,False,False,False,False
ORC-0001033,TMB-BRC,2020-07-01,25.7,60.3,58.2,32274.1,61.1,38.1,32.6,,False,False,False,False
ORC-0001034,TMB-BRC,2020-08-01,25.7,27.5,53.3,24930.2,69.6,28.5,48.4,,False,False,False,False
ORC-0001035,TMB-BRC,2020-09-01,25.7,56.7,65.5,35203.3,69.8,42.5,34.3,,False,False,False,False
ORC-0001036,TMB-BRC,2020-10-01,25.7,50.6,74.1,37482.3,77.6,39.0,54.7,,False,False,False,False
ORC-0001037,TMB-BRC,2020-11-01,25.7,38.0,56.7,26661.0,72.5,44.1,41.3,,False,False,False,False
ORC-0001038,TMB-BRC,2020-12-01,25.7,57.9,71.2,36178.7,82.7,16.3,34.5,,False,False,False,False
ORC-0001039,TMB-BRC,2021-01-01,25.7,65.0,60.8,27997.6,66.8,35.1,40.4,,False,False,False,False
ORC-0001040,TMB-BRC,2021-02-01,25.7,54.5,62.8,35207.9,82.5,35.9,35.9,,False,False,False,False
ORC-0001041,TMB-BRC,2021-03-01,25.7,83.1,68.4,34169.8,57.3,35.6,24.6,,False,False,False,False
ORC-0001042,TMB-BRC,2021-04-01,25.7,100.0,69.6,34915.9,72.1,28.6,28.7,,False,False,False,False
ORC-0001043,TMB-BRC,2021-05-01,25.7,100.0,72.5,32627.7,68.7,8.2,26.9,,False,False,False,False
ORC-0001044,TMB-BRC,2021-06-01,25.7,94.4,74.3,33366.3,80.2,28.2,30.2,,False,False,False,False
ORC-0001045,TMB-BRC,2021-07-01,25.7,74.0,74.3,36133.2,62.0,34.6,57.4,,False,False,False,False
ORC-0001046,TMB-BRC,2021-08-01,25.7,29.8,48.3,25303.7,58.4,34.4,55.0,,False,False,False,False
ORC-0001047,TMB-BRC,2021-09-01,25.7,46.2,51.0,27090.5,61.7,37.7,33.7,,False,False,False,False
ORC-0001048,TMB-BRC,2021-10-01,25.7,47.6,61.8,30461.5,65.3,29.0,25.4,,False,False,False,False
ORC-0001049,TMB-BRC,2021-11-01,25.7,50.4,67.9,34221.3,71.0,47.6,22.4,,False,False,False,False
ORC-0001050,TMB-BRC,2021-12-01,25.7,49.2,58.7,25138.2,76.8,34.5,35.1,,False,False,False,False
ORC-0001051,TMB-BRC,2022-01-01,25.7,77.0,71.0,33665.0,79.4,28.3,43.3,,False,False,False,False
ORC-0001052,TMB-BRC,2022-02-01,25.7,54.4,58.0,29065.6,78.4,31.2,44.6,,False,False,False,False
ORC-0001053,TMB-BRC,2022-03-01,25.7,82.8,62.3,28588.8,62.4,37.1,26.1,,False,False,False,False
ORC-0001054,TMB-BRC,2022-04-01,25.7,100.0,78.7,39562.5,76.0,43.6,30.7,,False,False,False,False
ORC-0001055,TMB-BRC,2022-05-01,25.7,97.0,64.2,31860.9,66.9,35.5,47.8,,False,False,False,False
ORC-0001056,TMB-BRC,2022-06-01,25.7,87.0,87.2,43975.5,75.2,54.0,46.1,,False,False,False,False
ORC-0001057,TMB-BRC,2022-07-01,25.7,65.9,76.1,38452.4,74.5,35.0,49.9,,False,False,False,False
ORC-0001058,TMB-BRC,2022-08-01,25.7,38.9,67.3,33054.1,74.4,55.3,32.0,,False,False,False,False
ORC-0001059,TMB-BRC,2022-09-01,25.7,42.9,61.8,31489.2,61.9,50.8,35.5,,False,False,False,False
ORC-0001060,TMB-BRC,2022-10-01,25.7,55.0,57.3,30992.5,75.9,38.3,45.2,,False,False,False,False
ORC-0001061,TMB-BRC,2022-11-01,25.7,33.9,0.581,31701.8,72.6,39.1,39.5,,False,False,False,False
ORC-0001062,TMB-BRC,2022-12-01,25.7,60.6,65.7,32906.1,81.3,66.3,53.4,,False,False,False,False
ORC-0001063,TMB-BRC,2023-01-01,25.7,46.0,58.5,26489.8,71.4,40.4,31.7,,False,False,False,False
ORC-0001064,TMB-BRC,2023-02-01,25.7,51.3,57.1,25116.0,78.5,48.0,11.5,,False,False,False,False
ORC-0001065,TMB-BRC,2023-03-01,25.7,82.9,65.9,31125.2,80.8,47.8,48.4,,False,False,False,False
ORC-0001066,TMB-BRC,2023-04-01,25.7,100.0,87.7,40146.6,78.2,74.4,32.7,,False,False,False,False
ORC-0001067,TMB-BRC,2023-05-01,25.7,100.0,86.7,46664.3,67.4,53.5,42.5,,False,False,False,False
ORC-0001068,TMB-BRC,2023-06-01,25.7,84.3,60.9,28650.6,66.9,54.4,32.9,,False,False,False,False
ORC-0001069,TMB-BRC,2023-07-01,25.7,71.3,64.8,31221.3,59.9,38.4,53.5,,False,False,False,False
ORC-0001070,TMB-BRC,2023-08-01,25.7,38.5,56.1,29831.0,93.7,40.5,55.8,,False,False,False,False
ORC-0001071,TMB-BRC,2023-09-01,25.7,37.2,66.5,33890.2,79.8,50.6,36.0,,False,False,False,False
ORC-0001072,TMB-BRC,2023-10-01,25.7,60.2,65.4,35645.9,69.1,35.0,50.1,,False,False,False,False
ORC-0001073,TMB-BRC,2023-11-01,25.7,58.1,62.0,33589.3,61.9,37.2,45.3,,False,False,False,False
ORC-0001074,TMB-BRC,2023-12-01,25.7,62.0,52.4,25082.1,54.7,32.6,35.4,,False,False,False,False
ORC-0001075,TMB-BRC,2024-01-01,25.7,43.7,60.5,30965.2,75.2,42.8,43.5,,False,False,False,False
ORC-0001076,TMB-BRC,2024-02-01,25.7,64.3,60.8,26858.9,71.8,17.1,36.4,,False,False,False,False
ORC-0001077,TMB-BRC,2024-03-01,25.7,100.0,75.3,30995.9,69.9,25.9,36.9,,False,False,False,False
ORC-0001078,TMB-BRC,2024-04-01,25.7,100.0,77.6,38421.0,75.2,30.2,45.2,,False,False,False,False
ORC-0001079,TMB-BRC,2024-05-01,25.7,96.6,68.7,35205.9,55.2,39.2,40.6,,False,False,False,False
ORC-0001080,TMB-BRC,2024-06-01,25.7,94.1,79.4,39383.0,71.4,45.8,40.5,,False,False,False,False
ORC-0001081,TMB-BRC,2024-07-01,25.7,56.1,55.1,29402.7,71.6,24.8,66.3,,False,False,False,False
ORC-0001082,TMB-BRC,2024-08-01,25.7,28.9,56.8,28050.7,74.4,41.5,45.4,,False,False,False,False
ORC-0001083,TMB-BRC,2024-09-01,25.7,42.5,51.5,25381.0,56.2,26.4,36.9,,False,False,False,False
ORC-0001084,TMB-BRC,2024-10-01,25.7,47.6,67.2,33528.6,72.1,29.7,40.0,,False,False,False,False
ORC-0001085,TMB-BRC,2024-11-01,25.7,60.6,58.7,29741.7,61.6,39.8,37.7,,False,False,False,False
ORC-0001086,TMB-BRC,2024-12-01,25.7,50.7,57.1,26861.2,57.9,27.9,55.8,,False,False,False,False
ORC-0001087,TMB-BRC,2025-01-01,25.7,72.6,71.0,33277.0,70.6,47.7,35.0,,False,False,False,False
ORC-0001088,TMB-BRC,2025-02-01,25.7,63.6,75.0,34438.7,79.0,40.8,26.2,,False,False,False,False
ORC-0001089,TMB-BRC,2025-03-01,25.7,88.9,77.0,34025.5,70.9,32.3,26.0,,False,False,False,False
ORC-0001090,TMB-BRC,2025-04-01,25.7,100.0,66.1,34453.4,57.1,37.0,45.0,,False,False,False,False
ORC-0001091,TMB-BRC,2025-05-01,25.7,100.0,65.2,30743.6,72.2,34.1,45.2,,False,False,False,False
ORC-0001092,TMB-BRC,2025-06-01,25.7,100.0,69.4,34105.4,63.3,34.7,45.9,,False,False,False,False
ORC-0001093,TMB-SKZ,2019-01-01,51.0,62.7,61.1,67464.5,73.1,32.8,45.0,,False,False,False,False
ORC-0001094,TMB-SKZ,2019-02-01,51.0,60.4,54.9,53622.6,69.1,31.3,31.5,,False,False,False,False
ORC-0001095,TMB-SKZ,2019-03-01,51.0,71.7,60.3,61335.6,73.0,44.1,39.4,,False,False,False,False
ORC-0001096,TMB-SKZ,2019-04-01,51.0,97.7,72.4,69555.9,72.9,56.4,53.0,,False,False,False,False
ORC-0001097,TMB-SKZ,2019-05-01,51.0,100.0,56.6,55411.2,58.9,56.8,46.2,,False,False,False,False
ORC-0001098,TMB-SKZ,2019-06-01,51.0,87.6,60.3,63415.8,75.7,54.5,42.5,,False,False,False,False
ORC-0001099,TMB-SKZ,2019-07-01,51.0,60.0,54.2,56781.3,56.2,54.6,58.6,,False,False,False,False
ORC-0001100,TMB-SKZ,2019-08-01,51.0,38.7,47.0,48626.0,65.8,32.2,46.2,,False,False,False,False
ORC-0001101,TMB-SKZ,2019-09-01,51.0,35.6,44.5,45836.8,66.4,38.0,44.2,,False,False,False,False
ORC-0001102,TMB-SKZ,2019-10-01,51.0,50.3,40.8,43255.9,43.6,38.7,55.4,,False,False,False,False
ORC-0001103,TMB-SKZ,2019-11-01,51.0,47.3,59.0,50266.6,66.4,34.4,28.2,,False,False,False,False
ORC-0001104,TMB-SKZ,2019-12-01,51.0,65.7,58.9,63237.4,54.6,35.8,35.3,,False,False,False,False
ORC-0001105,TMB-SKZ,2020-01-01,51.0,53.3,49.4,49256.3,47.1,50.0,38.4,,False,False,False,False
ORC-0001106,TMB-SKZ,2020-02-01,51.0,62.8,46.4,42973.0,63.7,39.5,43.0,,False,False,False,False
ORC-0001107,TMB-SKZ,2020-03-01,51.0,87.9,61.1,59145.4,68.2,54.5,49.3,,False,False,False,False
ORC-0001108,TMB-SKZ,2020-04-01,51.0,100.0,67.0,71469.6,69.6,61.4,35.3,,False,False,False,False
ORC-0001109,TMB-SKZ,2020-05-01,51.0,94.2,69.3,69879.0,72.2,48.1,36.5,,False,False,False,False
ORC-0001110,TMB-SKZ,2020-06-01,51.0,88.5,62.6,61736.7,62.1,10.1,47.0,,False,False,False,False
ORC-0001111,TMB-SKZ,2020-07-01,51.0,73.5,52.7,51484.3,59.6,42.5,44.1,,False,False,False,False
ORC-0001112,TMB-SKZ,2020-08-01,51.0,23.6,43.0,40092.4,64.6,45.2,43.5,,False,False,False,False
ORC-0001113,TMB-SKZ,2020-09-01,51.0,35.8,53.7,62661.3,63.5,54.8,49.4,,False,False,False,False
ORC-0001114,TMB-SKZ,2020-10-01,51.0,52.6,41.8,35964.9,52.6,39.1,30.9,,False,False,False,False
ORC-0001115,TMB-SKZ,2020-11-01,51.0,51.7,50.0,48223.4,54.4,29.2,30.2,,False,False,False,False
ORC-0001116,TMB-SKZ,2020-12-01,51.0,61.1,53.3,54629.1,74.8,47.7,40.0,,False,False,False,False
ORC-0001117,TMB-SKZ,2021-01-01,51.0,49.7,60.7,50637.8,70.4,42.5,28.9,,False,False,False,False
ORC-0001118,TMB-SKZ,2021-02-01,51.0,50.4,47.5,46084.5,48.9,44.4,43.9,,False,False,False,False
ORC-0001119,TMB-SKZ,2021-03-01,51.0,74.6,62.4,56530.7,68.5,48.2,39.2,,False,False,False,False
ORC-0001120,TMB-SKZ,2021-04-01,51.0,97.0,63.8,61975.4,61.2,15.1,35.9,,False,False,False,False
ORC-0001121,TMB-SKZ,2021-05-01,51.0,100.0,50.8,54180.7,55.9,53.7,30.2,,False,False,False,False
ORC-0001122,TMB-SKZ,2021-06-01,51.0,82.0,52.3,47419.7,44.7,50.7,36.2,,False,False,False,False
ORC-0001123,TMB-SKZ,2021-07-01,51.0,41.0,53.2,51435.2,64.0,45.0,53.4,,False,False,False,False
ORC-0001124,TMB-SKZ,2021-08-01,51.0,43.9,52.6,56959.7,61.0,49.9,21.8,,False,False,False,False
ORC-0001125,TMB-SKZ,2021-09-01,51.0,42.0,56.4,56704.3,67.7,34.4,30.5,,False,False,False,False
ORC-0001126,TMB-SKZ,2021-10-01,51.0,42.5,51.7,51583.7,67.7,28.3,25.1,,False,False,False,False
ORC-0001127,TMB-SKZ,2021-11-01,51.0,46.8,50.8,49315.6,67.9,34.1,41.0,,False,False,False,False
ORC-0001128,TMB-SKZ,2021-12-01,51.0,53.7,56.0,60309.6,77.5,64.1,37.5,,False,False,False,False
ORC-0001129,TMB-SKZ,2022-01-01,51.0,50.6,63.7,57991.2,73.5,40.2,27.8,,False,False,False,False
ORC-0001130,TMB-SKZ,2022-02-01,51.0,56.8,54.0,68980.6,67.8,47.7,52.0,,False,False,False,False
ORC-0001131,TMB-SKZ,2022-03-01,51.0,68.1,51.4,46948.5,56.3,35.4,30.4,,False,False,False,False
ORC-0001132,TMB-SKZ,2022-04-01,51.0,91.8,63.5,57033.0,60.3,32.2,30.8,,False,False,False,False
ORC-0001133,TMB-SKZ,2022-05-01,51.0,89.7,56.7,52710.7,56.9,32.0,23.1,,False,False,False,False
ORC-0001134,TMB-SKZ,2022-06-01,51.0,81.3,66.2,60040.4,65.5,30.7,42.4,,False,False,False,False
ORC-0001135,TMB-SKZ,2022-07-01,51.0,59.3,53.9,53061.9,54.6,46.0,30.9,,False,False,False,False
ORC-0001136,TMB-SKZ,2022-08-01,51.0,32.3,49.2,49972.8,60.4,50.1,33.3,,False,False,False,False
ORC-0001137,TMB-SKZ,2022-09-01,51.0,31.6,36.7,43677.7,60.2,53.5,41.8,,False,False,False,False
ORC-0001138,TMB-SKZ,2022-10-01,51.0,33.0,44.0,45200.6,60.8,32.0,36.4,,False,False,False,False
ORC-0001139,TMB-SKZ,2022-11-01,51.0,46.9,50.9,47248.2,57.1,49.4,41.2,,False,False,False,False
ORC-0001140,TMB-SKZ,2022-12-01,51.0,52.1,47.2,43511.9,76.3,44.4,29.7,,False,False,False,False
ORC-0001141,TMB-SKZ,2023-01-01,51.0,43.8,47.5,45107.3,73.6,21.6,44.1,,False,False,False,False
ORC-0001142,TMB-SKZ,2023-02-01,51.0,64.6,61.2,66012.9,63.0,37.6,42.3,,False,False,False,False
ORC-0001143,TMB-SKZ,2023-03-01,51.0,64.2,50.7,47149.0,58.6,45.3,40.0,,False,False,False,False
ORC-0001144,TMB-SKZ,2023-04-01,51.0,97.4,55.7,65048.4,52.1,50.2,49.3,,False,False,False,False
ORC-0001145,TMB-SKZ,2023-05-01,51.0,97.9,61.7,62495.3,54.6,18.0,41.4,,False,False,False,False
ORC-0001146,TMB-SKZ,2023-06-01,51.0,96.1,60.4,58951.5,52.8,51.4,30.9,,False,False,False,False
ORC-0001147,TMB-SKZ,2023-07-01,51.0,63.2,48.5,53026.0,56.1,15.6,40.8,,False,False,False,False
ORC-0001148,TMB-SKZ,2023-08-01,51.0,34.3,54.4,53472.4,55.6,34.4,37.0,,False,False,False,False
ORC-0001149,TMB-SKZ,2023-09-01,51.0,35.2,43.5,42856.3,43.6,23.9,39.8,,False,False,False,False
ORC-0001150,TMB-SKZ,2023-10-01,51.0,45.7,45.7,50184.3,62.9,27.2,51.6,,False,False,False,False
ORC-0001151,TMB-SKZ,2023-11-01,51.0,48.5,45.2,42301.2,46.3,59.2,32.7,,False,False,False,False
ORC-0001152,TMB-SKZ,2023-12-01,51.0,63.2,56.7,48775.0,46.2,31.0,24.7,,False,False,False,False
ORC-0001153,TMB-SKZ,2024-01-01,51.0,64.0,56.3,51024.2,57.0,61.1,35.1,,False,False,False,False
ORC-0001154,TMB-SKZ,2024-02-01,51.0,42.2,53.8,50110.1,71.2,42.6,35.6,,False,False,False,False
ORC-0001155,TMB-SKZ,2024-03-01,51.0,82.7,49.2,54792.9,67.0,43.5,38.3,,False,False,False,False
ORC-0001156,TMB-SKZ,2024-04-01,51.0,95.7,60.0,56565.1,71.3,27.8,31.7,,False,False,False,False
ORC-0001157,TMB-SKZ,2024-05-01,51.0,100.0,63.9,66578.9,66.4,26.4,33.1,,False,False,False,False
ORC-0001158,TMB-SKZ,2024-06-01,51.0,98.5,72.0,67254.8,65.0,23.7,51.3,,False,False,False,False
ORC-0001159,TMB-SKZ,2024-07-01,51.0,60.4,49.9,56715.3,61.2,44.3,61.7,,False,False,False,False
ORC-0001160,TMB-SKZ,2024-08-01,51.0,40.3,52.7,53377.5,64.9,22.0,40.8,,False,False,False,False
ORC-0001161,TMB-SKZ,2024-09-01,51.0,41.8,49.9,50757.8,62.1,32.7,36.0,,False,False,False,False
ORC-0001162,TMB-SKZ,2024-10-01,51.0,56.6,56.0,53969.7,60.2,43.4,36.2,,False,False,False,False
ORC-0001163,TMB-SKZ,2024-11-01,51.0,54.0,46.3,39479.2,67.7,29.5,26.5,,False,False,False,False
ORC-0001164,TMB-SKZ,2024-12-01,51.0,51.6,43.6,40247.1,52.3,25.6,43.8,,False,False,False,False
ORC-0001165,TMB-SKZ,2025-01-01,51.0,48.1,58.2,57141.5,87.2,31.6,45.9,,False,False,False,False
ORC-0001166,TMB-SKZ,2025-02-01,51.0,43.0,45.2,48101.2,69.8,35.1,28.9,,False,False,False,False
ORC-0001167,TMB-SKZ,2025-03-01,51.0,88.0,58.9,58664.5,67.8,12.6,42.0,,False,False,False,False
ORC-0001168,TMB-SKZ,2025-04-01,51.0,90.5,55.1,56320.9,46.1,55.1,30.9,,False,False,False,False
ORC-0001169,TMB-SKZ,2025-05-01,51.0,100.0,70.6,71513.4,79.0,40.8,40.9,,False,False,False,False
ORC-0001170,TMB-SKZ,2025-06-01,51.0,84.9,46.0,45318.2,54.1,23.9,55.1,,False,False,False,False
ORC-0001171,TMB-HQL,2019-01-01,44.2,48.3,57.4,55443.9,57.6,24.3,46.4,,False,False,False,False
ORC-0001172,TMB-HQL,2019-02-01,44.2,58.1,48.4,41882.5,47.3,17.6,26.5,,False,False,False,False
ORC-0001173,TMB-HQL,2019-03-01,44.2,88.8,55.6,39387.3,55.3,42.5,62.3,,False,False,False,False
ORC-0001174,TMB-HQL,2019-04-01,44.2,96.0,57.1,45195.2,66.8,44.2,38.6,,False,False,False,False
ORC-0001175,TMB-HQL,2019-05-01,44.2,86.6,57.1,46507.0,55.9,34.2,49.6,,False,False,False,False
ORC-0001176,TMB-HQL,2019-06-01,44.2,95.1,73.1,68205.6,72.4,34.7,48.3,,False,False,False,False
ORC-0001177,TMB-HQL,2019-07-01,44.2,60.3,55.7,43255.6,57.5,35.5,34.0,,False,False,False,False
ORC-0001178,TMB-HQL,2019-08-01,44.2,41.9,62.4,51695.7,81.3,42.0,44.0,,False,False,False,False
ORC-0001179,TMB-HQL,2019-09-01,44.2,28.3,42.5,34609.9,59.7,37.0,30.0,,False,False,False,False
ORC-0001180,TMB-HQL,2019-10-01,44.2,39.4,47.2,35707.6,69.3,46.1,31.1,,False,False,False,False
ORC-0001181,TMB-HQL,2019-11-01,44.2,62.7,0.555,50008.3,69.1,38.3,43.3,,False,False,False,False
ORC-0001182,TMB-HQL,2019-12-01,44.2,52.4,50.7,39248.6,65.8,57.0,36.4,,False,False,False,False
ORC-0001183,TMB-HQL,2020-01-01,44.2,60.3,60.4,54875.3,67.0,42.7,46.8,,False,False,False,False
ORC-0001184,TMB-HQL,2020-02-01,44.2,73.2,60.4,55150.9,72.7,28.8,46.0,,False,False,False,False
ORC-0001185,TMB-HQL,2020-03-01,44.2,80.0,58.3,53205.8,52.0,32.6,38.0,,False,False,False,False
ORC-0001186,TMB-HQL,2020-04-01,44.2,100.0,60.8,50157.4,64.5,47.9,36.5,,False,False,False,False
ORC-0001187,TMB-HQL,2020-05-01,44.2,99.8,67.3,60895.1,56.7,41.2,41.1,,False,False,False,False
ORC-0001188,TMB-HQL,2020-06-01,44.2,94.2,60.7,47233.2,61.0,29.8,36.0,,False,False,False,False
ORC-0001189,TMB-HQL,2020-07-01,44.2,69.8,52.6,47683.3,69.3,48.9,61.2,,False,False,False,False
ORC-0001190,TMB-HQL,2020-08-01,44.2,33.4,33.3,27989.9,44.0,39.0,42.3,,False,False,False,False
ORC-0001191,TMB-HQL,2020-09-01,44.2,48.3,48.4,45182.5,47.2,45.7,49.0,,False,False,False,False
ORC-0001192,TMB-HQL,2020-10-01,44.2,44.9,49.4,41020.7,61.9,30.0,36.1,,False,False,False,False
ORC-0001193,TMB-HQL,2020-11-01,44.2,56.7,54.0,46135.8,60.6,46.5,41.8,,False,False,False,False
ORC-0001194,TMB-HQL,2020-12-01,44.2,67.9,60.1,51778.9,54.4,25.0,21.8,,False,False,False,False
ORC-0001195,TMB-HQL,2021-01-01,44.2,71.8,59.2,51282.8,53.5,41.3,42.7,,False,False,False,False
ORC-0001196,TMB-HQL,2021-02-01,44.2,51.1,49.6,40080.2,59.1,51.6,42.4,,False,False,False,False
ORC-0001197,TMB-HQL,2021-03-01,44.2,74.9,59.6,49156.8,72.7,22.9,33.7,,False,False,False,False
ORC-0001198,TMB-HQL,2021-04-01,44.2,100.0,62.4,50527.2,66.1,39.8,48.3,,False,False,False,False
ORC-0001199,TMB-HQL,2021-05-01,44.2,100.0,66.8,62183.2,62.4,42.5,36.8,,False,False,False,False
ORC-0001200,TMB-HQL,2021-06-01,44.2,77.9,65.8,55361.5,59.6,32.1,36.7,,False,False,False,False
ORC-0001201,TMB-HQL,2021-07-01,44.2,64.6,43.1,36854.0,50.8,32.1,46.3,,False,False,False,False
ORC-0001202,TMB-HQL,2021-08-01,44.2,38.6,47.0,43891.1,61.5,54.8,33.6,,False,False,False,False
ORC-0001203,TMB-HQL,2021-09-01,44.2,38.6,56.3,47387.4,53.6,42.1,36.9,,False,False,False,False
ORC-0001204,TMB-HQL,2021-10-01,44.2,53.3,47.8,43747.1,64.0,49.5,36.4,,False,False,False,False
ORC-0001205,TMB-HQL,2021-11-01,44.2,52.1,50.5,42088.6,50.9,34.3,27.8,,False,False,False,False
ORC-0001206,TMB-HQL,2021-12-01,44.2,60.4,64.0,55361.1,67.5,33.1,40.6,,False,False,False,False
ORC-0001207,TMB-HQL,2022-01-01,44.2,67.9,51.1,44529.2,63.5,51.8,56.4,,False,False,False,False
ORC-0001208,TMB-HQL,2022-02-01,44.2,62.3,63.1,48202.3,56.1,41.5,33.0,,False,False,False,False
ORC-0001209,TMB-HQL,2022-03-01,44.2,74.4,52.6,43054.9,54.8,29.3,29.4,,False,False,False,False
ORC-0001210,TMB-HQL,2022-04-01,44.2,97.7,63.9,51987.1,72.7,52.9,35.3,,False,False,False,False
ORC-0001211,TMB-HQL,2022-05-01,44.2,95.6,69.3,54001.8,59.4,38.9,23.5,,False,False,False,False
ORC-0001212,TMB-HQL,2022-06-01,44.2,100.0,75.1,63401.5,72.2,56.6,46.3,,False,False,False,False
ORC-0001213,TMB-HQL,2022-07-01,44.2,64.2,49.2,45174.2,57.0,24.7,35.2,,False,False,False,False
ORC-0001214,TMB-HQL,2022-08-01,44.2,47.5,63.5,57213.1,74.3,48.6,39.0,,False,False,False,False
ORC-0001215,TMB-HQL,2022-09-01,44.2,31.9,39.2,23982.6,50.0,27.8,18.8,,False,False,False,False
ORC-0001216,TMB-HQL,2022-10-01,44.2,46.4,43.6,36112.0,53.8,44.5,26.2,,False,False,False,False
ORC-0001217,TMB-HQL,2022-11-01,44.2,52.1,56.2,51667.1,66.9,48.8,40.3,,False,False,False,False
ORC-0001218,TMB-HQL,2022-12-01,44.2,60.5,52.2,46177.8,54.7,67.5,41.0,,False,False,False,False
ORC-0001219,TMB-HQL,2023-01-01,44.2,66.0,53.3,45959.4,63.2,43.2,26.2,,False,False,False,False
ORC-0001220,TMB-HQL,2023-02-01,44.2,55.3,54.0,42930.6,66.8,32.5,31.8,storm-related flower loss,False,False,False,True
ORC-0001221,TMB-HQL,2023-03-01,44.2,92.5,64.7,58721.2,52.9,33.0,37.7,,False,False,False,False
ORC-0001222,TMB-HQL,2023-04-01,44.2,99.4,67.6,55510.8,59.7,29.0,39.3,,False,False,False,False
ORC-0001223,TMB-HQL,2023-05-01,44.2,97.7,66.0,53631.1,65.8,19.2,35.1,,False,False,False,False
ORC-0001224,TMB-HQL,2023-06-01,44.2,90.5,64.3,49514.4,63.5,22.0,42.8,,False,False,False,False
ORC-0001225,TMB-HQL,2023-07-01,44.2,50.2,39.8,36521.3,57.4,26.4,58.0,,False,False,False,False
ORC-0001226,TMB-HQL,2023-08-01,44.2,37.9,48.3,39183.1,53.9,46.5,36.0,,False,False,False,False
ORC-0001227,TMB-HQL,2023-09-01,44.2,43.9,39.8,33558.2,61.2,35.2,52.2,,False,False,False,False
ORC-0001228,TMB-HQL,2023-10-01,44.2,43.2,54.1,51295.6,62.7,44.8,48.9,,False,False,False,False
ORC-0001229,TMB-HQL,2023-11-01,44.2,76.1,62.1,50431.6,65.1,42.0,34.8,,False,False,False,False
ORC-0001230,TMB-HQL,2023-12-01,44.2,71.9,49.7,33452.9,48.0,32.9,37.7,storm-related flower loss,False,False,False,True
ORC-0001231,TMB-HQL,2024-01-01,44.2,60.8,54.1,46513.1,56.3,30.0,37.2,,False,False,False,False
ORC-0001232,TMB-HQL,2024-02-01,44.2,61.2,56.2,39803.2,66.3,26.2,44.7,,False,False,False,False
ORC-0001233,TMB-HQL,2024-03-01,44.2,86.2,60.6,52366.6,63.5,27.7,35.5,,False,False,False,False
ORC-0001234,TMB-HQL,2024-04-01,44.2,87.9,57.1,52267.9,68.1,29.8,30.3,,False,False,False,False
ORC-0001235,TMB-HQL,2024-05-01,44.2,100.0,73.7,63530.5,60.8,36.2,40.9,,False,False,False,False
ORC-0001236,TMB-HQL,2024-06-01,44.2,93.9,61.1,54791.9,64.8,35.6,49.5,,False,False,False,False
ORC-0001237,TMB-HQL,2024-07-01,44.2,71.0,58.5,49977.4,63.5,39.9,48.2,,False,False,False,False
ORC-0001238,TMB-HQL,2024-08-01,44.2,34.7,45.7,42760.5,54.5,23.1,39.1,,False,False,False,False
ORC-0001239,TMB-HQL,2024-09-01,44.2,39.4,45.7,42829.8,60.4,36.2,44.0,,False,False,False,False
ORC-0001240,TMB-HQL,2024-10-01,44.2,46.3,46.8,43251.1,67.1,33.4,39.0,,False,False,False,False
ORC-0001241,TMB-HQL,2024-11-01,44.2,55.2,54.6,47153.1,67.2,35.7,28.2,,False,False,False,False
ORC-0001242,TMB-HQL,2024-12-01,44.2,54.6,51.3,41697.2,67.8,23.9,49.4,,False,False,False,False
ORC-0001243,TMB-HQL,2025-01-01,44.2,60.3,64.4,57444.5,72.0,35.6,45.2,,False,False,False,False
ORC-0001244,TMB-HQL,2025-02-01,44.2,50.7,58.0,53521.1,63.8,45.2,41.6,,False,False,False,False
ORC-0001245,TMB-HQL,2025-03-01,44.2,84.4,69.3,57365.7,63.3,53.0,43.8,,False,False,False,False
ORC-0001246,TMB-HQL,2025-04-01,44.2,89.7,59.0,45102.9,62.9,53.1,31.8,,False,False,False,False
ORC-0001247,TMB-HQL,2025-05-01,44.2,100.0,66.7,52384.8,54.0,49.4,36.0,,False,False,False,False
ORC-0001248,TMB-HQL,2025-06-01,44.2,77.3,50.0,44134.0,58.2,29.0,36.7,,False,False,False,False
